SolidWorks IGES file using analytic representation for surfaces         S      1
1H,,1H;,20HKugelhahn_075.SLDPRT,42HC:\Users\P.Mehta\Desktop\Kugelhahn_07G      1
5.IGS,15HSolidWorks 2011,15HSolidWorks 2011,32,308,15,308,15,20HKugelhahG      2
n_075.SLDPRT,1.,2,2HMM,50,0.125,13H111107.090852,1E-008,499990.,7HP.MehtG      3
a,,11,0,13H111107.090852;                                               G      4
     314       1       0       0       0                        00000200D      1
     314       0       8       1       0                               0D      2
     314       2       0       0       0                        00000200D      3
     314       0       8       1       0                               0D      4
     110       3       0       0       0                        01010000D      5
     110       0       0       1       0                               0D      6
     110       4       0       0       0                        01010000D      7
     110       0       0       1       0                               0D      8
     120       5       0       0       0                        01010000D      9
     120       0       0       1       0                               0D     10
     126       6       0       0       0                        01010500D     11
     126       0       0       2       0                               0D     12
     110       8       0       0       0                        01010000D     13
     110       0       0       1       0                               0D     14
     126       9       0       0       0                        01010500D     15
     126       0       0       2       0                               0D     16
     124      11       0       0       0                        00000000D     17
     124       0       0       4       0                               0D     18
     100      15       0       0       0              17        01010000D     19
     100       0       0       1       0                               0D     20
     126      16       0       0       0                        01010500D     21
     126       0       0       2       0                               0D     22
     110      18       0       0       0                        01010000D     23
     110       0       0       1       0                               0D     24
     126      19       0       0       0                        01010500D     25
     126       0       0       2       0                               0D     26
     100      21       0       0       0                        01010000D     27
     100       0       0       1       0                               0D     28
     102      22       0       0       0                        01010500D     29
     102       0       0       1       0                               0D     30
     102      23       0       0       0                        01010000D     31
     102       0       0       1       0                               0D     32
     142      24       0       0       0                        00010500D     33
     142       0       0       1       0                               0D     34
     144      25       0       0       0                        00000000D     35
     144       0      -3       1       0                               0D     36
     314      26       0       0       0                        00000200D     37
     314       0       8       1       0                               0D     38
     110      27       0       0       0                        01010000D     39
     110       0       0       1       0                               0D     40
     110      28       0       0       0                        01010000D     41
     110       0       0       1       0                               0D     42
     120      29       0       0       0                        01010000D     43
     120       0       0       1       0                               0D     44
     126      30       0       0       0                        01010500D     45
     126       0       0       2       0                               0D     46
     110      32       0       0       0                        01010000D     47
     110       0       0       1       0                               0D     48
     126      33       0       0       0                        01010500D     49
     126       0       0       2       0                               0D     50
     124      35       0       0       0                        00000000D     51
     124       0       0       4       0                               0D     52
     100      39       0       0       0              51        01010000D     53
     100       0       0       1       0                               0D     54
     126      40       0       0       0                        01010500D     55
     126       0       0       2       0                               0D     56
     110      42       0       0       0                        01010000D     57
     110       0       0       1       0                               0D     58
     126      43       0       0       0                        01010500D     59
     126       0       0       2       0                               0D     60
     100      45       0       0       0                        01010000D     61
     100       0       0       1       0                               0D     62
     102      46       0       0       0                        01010500D     63
     102       0       0       1       0                               0D     64
     102      47       0       0       0                        01010000D     65
     102       0       0       1       0                               0D     66
     142      48       0       0       0                        00010500D     67
     142       0       0       1       0                               0D     68
     144      49       0       0       0                        00000000D     69
     144       0     -37       1       0                               0D     70
     314      50       0       0       0                        00000200D     71
     314       0       8       1       0                               0D     72
     110      51       0       0       0                        01010000D     73
     110       0       0       1       0                               0D     74
     110      52       0       0       0                        01010000D     75
     110       0       0       1       0                               0D     76
     120      53       0       0       0                        01010000D     77
     120       0       0       1       0                               0D     78
     126      54       0       0       0                        01010500D     79
     126       0       0       2       0                               0D     80
     110      56       0       0       0                        01010000D     81
     110       0       0       1       0                               0D     82
     126      57       0       0       0                        01010500D     83
     126       0       0       2       0                               0D     84
     124      59       0       0       0                        00000000D     85
     124       0       0       4       0                               0D     86
     100      63       0       0       0              85        01010000D     87
     100       0       0       1       0                               0D     88
     126      64       0       0       0                        01010500D     89
     126       0       0       2       0                               0D     90
     110      66       0       0       0                        01010000D     91
     110       0       0       1       0                               0D     92
     126      67       0       0       0                        01010500D     93
     126       0       0       2       0                               0D     94
     100      69       0       0       0                        01010000D     95
     100       0       0       1       0                               0D     96
     102      70       0       0       0                        01010500D     97
     102       0       0       1       0                               0D     98
     102      71       0       0       0                        01010000D     99
     102       0       0       1       0                               0D    100
     142      72       0       0       0                        00010500D    101
     142       0       0       1       0                               0D    102
     144      73       0       0       0                        00000000D    103
     144       0     -71       1       0                               0D    104
     314      74       0       0       0                        00000200D    105
     314       0       8       1       0                               0D    106
     110      75       0       0       0                        01010000D    107
     110       0       0       1       0                               0D    108
     110      76       0       0       0                        01010000D    109
     110       0       0       1       0                               0D    110
     120      77       0       0       0                        01010000D    111
     120       0       0       1       0                               0D    112
     126      78       0       0       0                        01010500D    113
     126       0       0       2       0                               0D    114
     110      80       0       0       0                        01010000D    115
     110       0       0       1       0                               0D    116
     126      81       0       0       0                        01010500D    117
     126       0       0       2       0                               0D    118
     124      83       0       0       0                        00000000D    119
     124       0       0       4       0                               0D    120
     100      87       0       0       0             119        01010000D    121
     100       0       0       1       0                               0D    122
     126      88       0       0       0                        01010500D    123
     126       0       0       2       0                               0D    124
     110      90       0       0       0                        01010000D    125
     110       0       0       1       0                               0D    126
     126      91       0       0       0                        01010500D    127
     126       0       0       2       0                               0D    128
     100      93       0       0       0                        01010000D    129
     100       0       0       1       0                               0D    130
     102      94       0       0       0                        01010500D    131
     102       0       0       1       0                               0D    132
     102      95       0       0       0                        01010000D    133
     102       0       0       1       0                               0D    134
     142      96       0       0       0                        00010500D    135
     142       0       0       1       0                               0D    136
     144      97       0       0       0                        00000000D    137
     144       0    -105       1       0                               0D    138
     314      98       0       0       0                        00000200D    139
     314       0       8       1       0                               0D    140
     110      99       0       0       0                        01010000D    141
     110       0       0       1       0                               0D    142
     110     100       0       0       0                        01010000D    143
     110       0       0       1       0                               0D    144
     120     101       0       0       0                        01010000D    145
     120       0       0       1       0                               0D    146
     126     102       0       0       0                        01010500D    147
     126       0       0       2       0                               0D    148
     110     104       0       0       0                        01010000D    149
     110       0       0       1       0                               0D    150
     126     105       0       0       0                        01010500D    151
     126       0       0       2       0                               0D    152
     124     107       0       0       0                        00000000D    153
     124       0       0       4       0                               0D    154
     100     111       0       0       0             153        01010000D    155
     100       0       0       1       0                               0D    156
     126     112       0       0       0                        01010500D    157
     126       0       0       2       0                               0D    158
     110     114       0       0       0                        01010000D    159
     110       0       0       1       0                               0D    160
     126     115       0       0       0                        01010500D    161
     126       0       0       2       0                               0D    162
     100     117       0       0       0                        01010000D    163
     100       0       0       1       0                               0D    164
     102     118       0       0       0                        01010500D    165
     102       0       0       1       0                               0D    166
     102     119       0       0       0                        01010000D    167
     102       0       0       1       0                               0D    168
     142     120       0       0       0                        00010500D    169
     142       0       0       1       0                               0D    170
     144     121       0       0       0                        00000000D    171
     144       0    -139       1       0                               0D    172
     314     122       0       0       0                        00000200D    173
     314       0       8       1       0                               0D    174
     110     123       0       0       0                        01010000D    175
     110       0       0       1       0                               0D    176
     110     124       0       0       0                        01010000D    177
     110       0       0       1       0                               0D    178
     120     125       0       0       0                        01010000D    179
     120       0       0       1       0                               0D    180
     126     126       0       0       0                        01010500D    181
     126       0       0       2       0                               0D    182
     110     128       0       0       0                        01010000D    183
     110       0       0       1       0                               0D    184
     126     129       0       0       0                        01010500D    185
     126       0       0       2       0                               0D    186
     124     131       0       0       0                        00000000D    187
     124       0       0       4       0                               0D    188
     100     135       0       0       0             187        01010000D    189
     100       0       0       1       0                               0D    190
     126     136       0       0       0                        01010500D    191
     126       0       0       2       0                               0D    192
     110     138       0       0       0                        01010000D    193
     110       0       0       1       0                               0D    194
     126     139       0       0       0                        01010500D    195
     126       0       0       2       0                               0D    196
     100     141       0       0       0                        01010000D    197
     100       0       0       1       0                               0D    198
     102     142       0       0       0                        01010500D    199
     102       0       0       1       0                               0D    200
     102     143       0       0       0                        01010000D    201
     102       0       0       1       0                               0D    202
     142     144       0       0       0                        00010500D    203
     142       0       0       1       0                               0D    204
     144     145       0       0       0                        00000000D    205
     144       0    -173       1       0                               0D    206
     314     146       0       0       0                        00000200D    207
     314       0       8       1       0                               0D    208
     110     147       0       0       0                        01010000D    209
     110       0       0       1       0                               0D    210
     110     148       0       0       0                        01010000D    211
     110       0       0       1       0                               0D    212
     120     149       0       0       0                        01010000D    213
     120       0       0       1       0                               0D    214
     126     150       0       0       0                        01010500D    215
     126       0       0       2       0                               0D    216
     110     152       0       0       0                        01010000D    217
     110       0       0       1       0                               0D    218
     126     153       0       0       0                        01010500D    219
     126       0       0       2       0                               0D    220
     124     155       0       0       0                        00000000D    221
     124       0       0       4       0                               0D    222
     100     159       0       0       0             221        01010000D    223
     100       0       0       1       0                               0D    224
     126     160       0       0       0                        01010500D    225
     126       0       0       2       0                               0D    226
     110     162       0       0       0                        01010000D    227
     110       0       0       1       0                               0D    228
     126     163       0       0       0                        01010500D    229
     126       0       0       2       0                               0D    230
     100     165       0       0       0                        01010000D    231
     100       0       0       1       0                               0D    232
     102     166       0       0       0                        01010500D    233
     102       0       0       1       0                               0D    234
     102     167       0       0       0                        01010000D    235
     102       0       0       1       0                               0D    236
     142     168       0       0       0                        00010500D    237
     142       0       0       1       0                               0D    238
     144     169       0       0       0                        00000000D    239
     144       0    -207       1       0                               0D    240
     314     170       0       0       0                        00000200D    241
     314       0       8       1       0                               0D    242
     128     171       0       0       0                        01010000D    243
     128       0       0      16       0                               0D    244
     126     187       0       0       0                        01010500D    245
     126       0       0      12       0                               0D    246
     126     199       0       0       0                        01010000D    247
     126       0       0       6       0                               0D    248
     126     205       0       0       0                        01010500D    249
     126       0       0       2       0                               0D    250
     124     207       0       0       0                        00000000D    251
     124       0       0       5       0                               0D    252
     100     212       0       0       0             251        01010000D    253
     100       0       0       1       0                               0D    254
     126     213       0       0       0                        01010500D    255
     126       0       0      11       0                               0D    256
     126     224       0       0       0                        01010000D    257
     126       0       0       8       0                               0D    258
     126     232       0       0       0                        01010500D    259
     126       0       0       2       0                               0D    260
     124     234       0       0       0                        00000000D    261
     124       0       0       5       0                               0D    262
     100     239       0       0       0             261        01010000D    263
     100       0       0       1       0                               0D    264
     126     240       0       0       0                        01010500D    265
     126       0       0       2       0                               0D    266
     124     242       0       0       0                        00000000D    267
     124       0       0       4       0                               0D    268
     100     246       0       0       0             267        01010000D    269
     100       0       0       1       0                               0D    270
     126     247       0       0       0                        01010500D    271
     126       0       0       2       0                               0D    272
     100     249       0       0       0                        01010000D    273
     100       0       0       1       0                               0D    274
     126     250       0       0       0                        01010500D    275
     126       0       0       2       0                               0D    276
     124     252       0       0       0                        00000000D    277
     124       0       0       4       0                               0D    278
     100     256       0       0       0             277        01010000D    279
     100       0       0       1       0                               0D    280
     126     257       0       0       0                        01010500D    281
     126       0       0       2       0                               0D    282
     124     259       0       0       0                        00000000D    283
     124       0       0       4       0                               0D    284
     100     263       0       0       0             283        01010000D    285
     100       0       0       1       0                               0D    286
     102     264       0       0       0                        01010500D    287
     102       0       0       1       0                               0D    288
     102     265       0       0       0                        01010000D    289
     102       0       0       1       0                               0D    290
     142     266       0       0       0                        00010500D    291
     142       0       0       1       0                               0D    292
     144     267       0       0       0                        00000000D    293
     144       0    -241       1       0                               0D    294
     314     268       0       0       0                        00000200D    295
     314       0       8       1       0                               0D    296
     110     269       0       0       0                        01010000D    297
     110       0       0       1       0                               0D    298
     110     270       0       0       0                        01010000D    299
     110       0       0       1       0                               0D    300
     120     271       0       0       0                        01010000D    301
     120       0       0       1       0                               0D    302
     126     272       0       0       0                        01010500D    303
     126       0       0       2       0                               0D    304
     124     274       0       0       0                        00000000D    305
     124       0       0       4       0                               0D    306
     100     278       0       0       0             305        01010000D    307
     100       0       0       1       0                               0D    308
     126     279       0       0       0                        01010500D    309
     126       0       0       2       0                               0D    310
     110     281       0       0       0                        01010000D    311
     110       0       0       1       0                               0D    312
     126     282       0       0       0                        01010500D    313
     126       0       0       2       0                               0D    314
     100     284       0       0       0                        01010000D    315
     100       0       0       1       0                               0D    316
     126     285       0       0       0                        01010500D    317
     126       0       0       2       0                               0D    318
     110     287       0       0       0                        01010000D    319
     110       0       0       1       0                               0D    320
     102     288       0       0       0                        01010500D    321
     102       0       0       1       0                               0D    322
     102     289       0       0       0                        01010000D    323
     102       0       0       1       0                               0D    324
     142     290       0       0       0                        00010500D    325
     142       0       0       1       0                               0D    326
     144     291       0       0       0                        00000000D    327
     144       0    -295       1       0                               0D    328
     314     292       0       0       0                        00000200D    329
     314       0       8       1       0                               0D    330
     110     293       0       0       0                        01010000D    331
     110       0       0       1       0                               0D    332
     110     294       0       0       0                        01010000D    333
     110       0       0       1       0                               0D    334
     120     295       0       0       0                        01010000D    335
     120       0       0       1       0                               0D    336
     126     296       0       0       0                        01010500D    337
     126       0       0       2       0                               0D    338
     124     298       0       0       0                        00000000D    339
     124       0       0       4       0                               0D    340
     100     302       0       0       0             339        01010000D    341
     100       0       0       1       0                               0D    342
     126     303       0       0       0                        01010500D    343
     126       0       0       2       0                               0D    344
     110     305       0       0       0                        01010000D    345
     110       0       0       1       0                               0D    346
     126     306       0       0       0                        01010500D    347
     126       0       0       2       0                               0D    348
     100     308       0       0       0                        01010000D    349
     100       0       0       1       0                               0D    350
     126     309       0       0       0                        01010500D    351
     126       0       0       2       0                               0D    352
     110     311       0       0       0                        01010000D    353
     110       0       0       1       0                               0D    354
     102     312       0       0       0                        01010500D    355
     102       0       0       1       0                               0D    356
     102     313       0       0       0                        01010000D    357
     102       0       0       1       0                               0D    358
     142     314       0       0       0                        00010500D    359
     142       0       0       1       0                               0D    360
     144     315       0       0       0                        00000000D    361
     144       0    -329       1       0                               0D    362
     314     316       0       0       0                        00000200D    363
     314       0       8       1       0                               0D    364
     110     317       0       0       0                        01010000D    365
     110       0       0       1       0                               0D    366
     110     318       0       0       0                        01010000D    367
     110       0       0       1       0                               0D    368
     120     319       0       0       0                        01010000D    369
     120       0       0       1       0                               0D    370
     126     320       0       0       0                        01010500D    371
     126       0       0       2       0                               0D    372
     110     322       0       0       0                        01010000D    373
     110       0       0       1       0                               0D    374
     126     323       0       0       0                        01010500D    375
     126       0       0       2       0                               0D    376
     124     325       0       0       0                        00000000D    377
     124       0       0       4       0                               0D    378
     100     329       0       0       0             377        01010000D    379
     100       0       0       1       0                               0D    380
     126     330       0       0       0                        01010500D    381
     126       0       0       2       0                               0D    382
     110     332       0       0       0                        01010000D    383
     110       0       0       1       0                               0D    384
     126     333       0       0       0                        01010500D    385
     126       0       0       2       0                               0D    386
     100     335       0       0       0                        01010000D    387
     100       0       0       1       0                               0D    388
     102     336       0       0       0                        01010500D    389
     102       0       0       1       0                               0D    390
     102     337       0       0       0                        01010000D    391
     102       0       0       1       0                               0D    392
     142     338       0       0       0                        00010500D    393
     142       0       0       1       0                               0D    394
     144     339       0       0       0                        00000000D    395
     144       0    -363       1       0                               0D    396
     314     340       0       0       0                        00000200D    397
     314       0       8       1       0                               0D    398
     110     341       0       0       0                        01010000D    399
     110       0       0       1       0                               0D    400
     110     342       0       0       0                        01010000D    401
     110       0       0       1       0                               0D    402
     120     343       0       0       0                        01010000D    403
     120       0       0       1       0                               0D    404
     126     344       0       0       0                        01010500D    405
     126       0       0       2       0                               0D    406
     110     346       0       0       0                        01010000D    407
     110       0       0       1       0                               0D    408
     126     347       0       0       0                        01010500D    409
     126       0       0       2       0                               0D    410
     124     349       0       0       0                        00000000D    411
     124       0       0       5       0                               0D    412
     100     354       0       0       0             411        01010000D    413
     100       0       0       1       0                               0D    414
     126     355       0       0       0                        01010500D    415
     126       0       0       2       0                               0D    416
     110     357       0       0       0                        01010000D    417
     110       0       0       1       0                               0D    418
     126     358       0       0       0                        01010500D    419
     126       0       0       2       0                               0D    420
     100     360       0       0       0                        01010000D    421
     100       0       0       1       0                               0D    422
     102     361       0       0       0                        01010500D    423
     102       0       0       1       0                               0D    424
     102     362       0       0       0                        01010000D    425
     102       0       0       1       0                               0D    426
     142     363       0       0       0                        00010500D    427
     142       0       0       1       0                               0D    428
     144     364       0       0       0                        00000000D    429
     144       0    -397       1       0                               0D    430
     314     365       0       0       0                        00000200D    431
     314       0       8       1       0                               0D    432
     110     366       0       0       0                        01010000D    433
     110       0       0       1       0                               0D    434
     110     367       0       0       0                        01010000D    435
     110       0       0       1       0                               0D    436
     120     368       0       0       0                        01010000D    437
     120       0       0       1       0                               0D    438
     126     369       0       0       0                        01010500D    439
     126       0       0       2       0                               0D    440
     110     371       0       0       0                        01010000D    441
     110       0       0       1       0                               0D    442
     126     372       0       0       0                        01010500D    443
     126       0       0       2       0                               0D    444
     124     374       0       0       0                        00000000D    445
     124       0       0       4       0                               0D    446
     100     378       0       0       0             445        01010000D    447
     100       0       0       1       0                               0D    448
     126     379       0       0       0                        01010500D    449
     126       0       0       2       0                               0D    450
     110     381       0       0       0                        01010000D    451
     110       0       0       1       0                               0D    452
     126     382       0       0       0                        01010500D    453
     126       0       0       2       0                               0D    454
     100     384       0       0       0                        01010000D    455
     100       0       0       1       0                               0D    456
     102     385       0       0       0                        01010500D    457
     102       0       0       1       0                               0D    458
     102     386       0       0       0                        01010000D    459
     102       0       0       1       0                               0D    460
     142     387       0       0       0                        00010500D    461
     142       0       0       1       0                               0D    462
     144     388       0       0       0                        00000000D    463
     144       0    -431       1       0                               0D    464
     314     389       0       0       0                        00000200D    465
     314       0       8       1       0                               0D    466
     110     390       0       0       0                        01010000D    467
     110       0       0       1       0                               0D    468
     110     391       0       0       0                        01010000D    469
     110       0       0       1       0                               0D    470
     120     392       0       0       0                        01010000D    471
     120       0       0       1       0                               0D    472
     126     393       0       0       0                        01010500D    473
     126       0       0       2       0                               0D    474
     110     395       0       0       0                        01010000D    475
     110       0       0       1       0                               0D    476
     126     396       0       0       0                        01010500D    477
     126       0       0       2       0                               0D    478
     124     398       0       0       0                        00000000D    479
     124       0       0       4       0                               0D    480
     100     402       0       0       0             479        01010000D    481
     100       0       0       1       0                               0D    482
     126     403       0       0       0                        01010500D    483
     126       0       0      22       0                               0D    484
     126     425       0       0       0                        01010000D    485
     126       0       0       8       0                               0D    486
     126     433       0       0       0                        01010500D    487
     126       0       0       2       0                               0D    488
     124     435       0       0       0                        00000000D    489
     124       0       0       4       0                               0D    490
     100     439       0       0       0             489        01010000D    491
     100       0       0       1       0                               0D    492
     126     440       0       0       0                        01010500D    493
     126       0       0       2       0                               0D    494
     110     442       0       0       0                        01010000D    495
     110       0       0       1       0                               0D    496
     126     443       0       0       0                        01010500D    497
     126       0       0       2       0                               0D    498
     100     445       0       0       0                        01010000D    499
     100       0       0       1       0                               0D    500
     102     446       0       0       0                        01010500D    501
     102       0       0       1       0                               0D    502
     102     447       0       0       0                        01010000D    503
     102       0       0       1       0                               0D    504
     142     448       0       0       0                        00010500D    505
     142       0       0       1       0                               0D    506
     144     449       0       0       0                        00000000D    507
     144       0    -465       1       0                               0D    508
     314     450       0       0       0                        00000200D    509
     314       0       8       1       0                               0D    510
     110     451       0       0       0                        01010000D    511
     110       0       0       1       0                               0D    512
     110     452       0       0       0                        01010000D    513
     110       0       0       1       0                               0D    514
     120     453       0       0       0                        01010000D    515
     120       0       0       1       0                               0D    516
     126     454       0       0       0                        01010500D    517
     126       0       0       2       0                               0D    518
     110     456       0       0       0                        01010000D    519
     110       0       0       1       0                               0D    520
     126     457       0       0       0                        01010500D    521
     126       0       0       2       0                               0D    522
     100     459       0       0       0                        01010000D    523
     100       0       0       1       0                               0D    524
     126     460       0       0       0                        01010500D    525
     126       0       0       2       0                               0D    526
     110     462       0       0       0                        01010000D    527
     110       0       0       1       0                               0D    528
     126     463       0       0       0                        01010500D    529
     126       0       0       2       0                               0D    530
     124     465       0       0       0                        00000000D    531
     124       0       0       4       0                               0D    532
     100     469       0       0       0             531        01010000D    533
     100       0       0       1       0                               0D    534
     102     470       0       0       0                        01010500D    535
     102       0       0       1       0                               0D    536
     102     471       0       0       0                        01010000D    537
     102       0       0       1       0                               0D    538
     142     472       0       0       0                        00010500D    539
     142       0       0       1       0                               0D    540
     144     473       0       0       0                        00000000D    541
     144       0    -509       1       0                               0D    542
     314     474       0       0       0                        00000200D    543
     314       0       8       1       0                               0D    544
     110     475       0       0       0                        01010000D    545
     110       0       0       1       0                               0D    546
     110     476       0       0       0                        01010000D    547
     110       0       0       1       0                               0D    548
     120     477       0       0       0                        01010000D    549
     120       0       0       1       0                               0D    550
     126     478       0       0       0                        01010500D    551
     126       0       0       2       0                               0D    552
     110     480       0       0       0                        01010000D    553
     110       0       0       1       0                               0D    554
     126     481       0       0       0                        01010500D    555
     126       0       0      22       0                               0D    556
     126     503       0       0       0                        01010000D    557
     126       0       0      14       0                               0D    558
     126     517       0       0       0                        01010500D    559
     126       0       0       2       0                               0D    560
     110     519       0       0       0                        01010000D    561
     110       0       0       1       0                               0D    562
     126     520       0       0       0                        01010500D    563
     126       0       0       2       0                               0D    564
     124     522       0       0       0                        00000000D    565
     124       0       0       5       0                               0D    566
     100     527       0       0       0             565        01010000D    567
     100       0       0       1       0                               0D    568
     126     528       0       0       0                        01010500D    569
     126       0       0       2       0                               0D    570
     110     530       0       0       0                        01010000D    571
     110       0       0       1       0                               0D    572
     126     531       0       0       0                        01010500D    573
     126       0       0       2       0                               0D    574
     100     533       0       0       0                        01010000D    575
     100       0       0       1       0                               0D    576
     102     534       0       0       0                        01010500D    577
     102       0       0       1       0                               0D    578
     102     535       0       0       0                        01010000D    579
     102       0       0       1       0                               0D    580
     142     536       0       0       0                        00010500D    581
     142       0       0       1       0                               0D    582
     144     537       0       0       0                        00000000D    583
     144       0    -543       1       0                               0D    584
     314     538       0       0       0                        00000200D    585
     314       0       8       1       0                               0D    586
     110     539       0       0       0                        01010000D    587
     110       0       0       1       0                               0D    588
     110     540       0       0       0                        01010000D    589
     110       0       0       1       0                               0D    590
     120     541       0       0       0                        01010000D    591
     120       0       0       1       0                               0D    592
     126     542       0       0       0                        01010500D    593
     126       0       0       2       0                               0D    594
     124     544       0       0       0                        00000000D    595
     124       0       0       5       0                               0D    596
     100     549       0       0       0             595        01010000D    597
     100       0       0       1       0                               0D    598
     126     550       0       0       0                        01010500D    599
     126       0       0       2       0                               0D    600
     110     552       0       0       0                        01010000D    601
     110       0       0       1       0                               0D    602
     126     553       0       0       0                        01010500D    603
     126       0       0      22       0                               0D    604
     126     575       0       0       0                        01010000D    605
     126       0       0      17       0                               0D    606
     126     592       0       0       0                        01010500D    607
     126       0       0       2       0                               0D    608
     110     594       0       0       0                        01010000D    609
     110       0       0       1       0                               0D    610
     126     595       0       0       0                        01010500D    611
     126       0       0       2       0                               0D    612
     100     597       0       0       0                        01010000D    613
     100       0       0       1       0                               0D    614
     126     598       0       0       0                        01010500D    615
     126       0       0       2       0                               0D    616
     110     600       0       0       0                        01010000D    617
     110       0       0       1       0                               0D    618
     102     601       0       0       0                        01010500D    619
     102       0       0       1       0                               0D    620
     102     602       0       0       0                        01010000D    621
     102       0       0       1       0                               0D    622
     142     603       0       0       0                        00010500D    623
     142       0       0       1       0                               0D    624
     144     604       0       0       0                        00000000D    625
     144       0    -585       1       0                               0D    626
     314     605       0       0       0                        00000200D    627
     314       0       8       1       0                               0D    628
     110     606       0       0       0                        01010000D    629
     110       0       0       1       0                               0D    630
     110     607       0       0       0                        01010000D    631
     110       0       0       1       0                               0D    632
     120     608       0       0       0                        01010000D    633
     120       0       0       1       0                               0D    634
     126     609       0       0       0                        01010500D    635
     126       0       0       2       0                               0D    636
     100     611       0       0       0                        01010000D    637
     100       0       0       1       0                               0D    638
     126     612       0       0       0                        01010500D    639
     126       0       0       2       0                               0D    640
     110     614       0       0       0                        01010000D    641
     110       0       0       1       0                               0D    642
     126     615       0       0       0                        01010500D    643
     126       0       0       2       0                               0D    644
     124     617       0       0       0                        00000000D    645
     124       0       0       4       0                               0D    646
     100     621       0       0       0             645        01010000D    647
     100       0       0       1       0                               0D    648
     126     622       0       0       0                        01010500D    649
     126       0       0       2       0                               0D    650
     110     624       0       0       0                        01010000D    651
     110       0       0       1       0                               0D    652
     102     625       0       0       0                        01010500D    653
     102       0       0       1       0                               0D    654
     102     626       0       0       0                        01010000D    655
     102       0       0       1       0                               0D    656
     142     627       0       0       0                        00010500D    657
     142       0       0       1       0                               0D    658
     144     628       0       0       0                        00000000D    659
     144       0    -627       1       0                               0D    660
     314     629       0       0       0                        00000200D    661
     314       0       8       1       0                               0D    662
     110     630       0       0       0                        01010000D    663
     110       0       0       1       0                               0D    664
     110     631       0       0       0                        01010000D    665
     110       0       0       1       0                               0D    666
     120     632       0       0       0                        01010000D    667
     120       0       0       1       0                               0D    668
     126     633       0       0       0                        01010500D    669
     126       0       0       2       0                               0D    670
     124     635       0       0       0                        00000000D    671
     124       0       0       4       0                               0D    672
     100     639       0       0       0             671        01010000D    673
     100       0       0       1       0                               0D    674
     126     640       0       0       0                        01010500D    675
     126       0       0       2       0                               0D    676
     110     642       0       0       0                        01010000D    677
     110       0       0       1       0                               0D    678
     126     643       0       0       0                        01010500D    679
     126       0       0       2       0                               0D    680
     100     645       0       0       0                        01010000D    681
     100       0       0       1       0                               0D    682
     126     646       0       0       0                        01010500D    683
     126       0       0       2       0                               0D    684
     110     648       0       0       0                        01010000D    685
     110       0       0       1       0                               0D    686
     102     649       0       0       0                        01010500D    687
     102       0       0       1       0                               0D    688
     102     650       0       0       0                        01010000D    689
     102       0       0       1       0                               0D    690
     142     651       0       0       0                        00010500D    691
     142       0       0       1       0                               0D    692
     144     652       0       0       0                        00000000D    693
     144       0    -661       1       0                               0D    694
     314     653       0       0       0                        00000200D    695
     314       0       8       1       0                               0D    696
     110     654       0       0       0                        01010000D    697
     110       0       0       1       0                               0D    698
     110     655       0       0       0                        01010000D    699
     110       0       0       1       0                               0D    700
     120     656       0       0       0                        01010000D    701
     120       0       0       1       0                               0D    702
     126     657       0       0       0                        01010500D    703
     126       0       0       2       0                               0D    704
     124     659       0       0       0                        00000000D    705
     124       0       0       4       0                               0D    706
     100     663       0       0       0             705        01010000D    707
     100       0       0       1       0                               0D    708
     126     664       0       0       0                        01010500D    709
     126       0       0       2       0                               0D    710
     110     666       0       0       0                        01010000D    711
     110       0       0       1       0                               0D    712
     126     667       0       0       0                        01010500D    713
     126       0       0       2       0                               0D    714
     100     669       0       0       0                        01010000D    715
     100       0       0       1       0                               0D    716
     126     670       0       0       0                        01010500D    717
     126       0       0       2       0                               0D    718
     110     672       0       0       0                        01010000D    719
     110       0       0       1       0                               0D    720
     102     673       0       0       0                        01010500D    721
     102       0       0       1       0                               0D    722
     102     674       0       0       0                        01010000D    723
     102       0       0       1       0                               0D    724
     142     675       0       0       0                        00010500D    725
     142       0       0       1       0                               0D    726
     144     676       0       0       0                        00000000D    727
     144       0    -695       1       0                               0D    728
     314     677       0       0       0                        00000200D    729
     314       0       8       1       0                               0D    730
     128     678       0       0       0                        01010000D    731
     128       0       0       3       0                               0D    732
     126     681       0       0       0                        01010500D    733
     126       0       0      44       0                               0D    734
     100     725       0       0       0                        01010000D    735
     100       0       0       1       0                               0D    736
     126     726       0       0       0                        01010500D    737
     126       0       0      44       0                               0D    738
     100     770       0       0       0                        01010000D    739
     100       0       0       1       0                               0D    740
     102     771       0       0       0                        01010500D    741
     102       0       0       1       0                               0D    742
     102     772       0       0       0                        01010000D    743
     102       0       0       1       0                               0D    744
     142     773       0       0       0                        00010500D    745
     142       0       0       1       0                               0D    746
     126     774       0       0       0                        01010500D    747
     126       0       0      22       0                               0D    748
     124     796       0       0       0                        00000000D    749
     124       0       0       4       0                               0D    750
     100     800       0       0       0             749        01010000D    751
     100       0       0       1       0                               0D    752
     126     801       0       0       0                        01010500D    753
     126       0       0      22       0                               0D    754
     124     823       0       0       0                        00000000D    755
     124       0       0       4       0                               0D    756
     100     827       0       0       0             755        01010000D    757
     100       0       0       1       0                               0D    758
     102     828       0       0       0                        01010500D    759
     102       0       0       1       0                               0D    760
     102     829       0       0       0                        01010000D    761
     102       0       0       1       0                               0D    762
     142     830       0       0       0                        00010500D    763
     142       0       0       1       0                               0D    764
     144     831       0       0       0                        00000000D    765
     144       0    -729       1       0                               0D    766
     314     832       0       0       0                        00000200D    767
     314       0       8       1       0                               0D    768
     110     833       0       0       0                        01010000D    769
     110       0       0       1       0                               0D    770
     110     834       0       0       0                        01010000D    771
     110       0       0       1       0                               0D    772
     120     835       0       0       0                        01010000D    773
     120       0       0       1       0                               0D    774
     126     836       0       0       0                        01010500D    775
     126       0       0       2       0                               0D    776
     124     838       0       0       0                        00000000D    777
     124       0       0       5       0                               0D    778
     100     843       0       0       0             777        01010000D    779
     100       0       0       1       0                               0D    780
     126     844       0       0       0                        01010500D    781
     126       0       0       2       0                               0D    782
     110     846       0       0       0                        01010000D    783
     110       0       0       1       0                               0D    784
     126     847       0       0       0                        01010500D    785
     126       0       0       2       0                               0D    786
     100     849       0       0       0                        01010000D    787
     100       0       0       1       0                               0D    788
     126     850       0       0       0                        01010500D    789
     126       0       0       2       0                               0D    790
     110     852       0       0       0                        01010000D    791
     110       0       0       1       0                               0D    792
     102     853       0       0       0                        01010500D    793
     102       0       0       1       0                               0D    794
     102     854       0       0       0                        01010000D    795
     102       0       0       1       0                               0D    796
     142     855       0       0       0                        00010500D    797
     142       0       0       1       0                               0D    798
     144     856       0       0       0                        00000000D    799
     144       0    -767       1       0                               0D    800
     314     857       0       0       0                        00000200D    801
     314       0       8       1       0                               0D    802
     110     858       0       0       0                        01010000D    803
     110       0       0       1       0                               0D    804
     110     859       0       0       0                        01010000D    805
     110       0       0       1       0                               0D    806
     120     860       0       0       0                        01010000D    807
     120       0       0       1       0                               0D    808
     126     861       0       0       0                        01010500D    809
     126       0       0       2       0                               0D    810
     124     863       0       0       0                        00000000D    811
     124       0       0       4       0                               0D    812
     100     867       0       0       0             811        01010000D    813
     100       0       0       1       0                               0D    814
     126     868       0       0       0                        01010500D    815
     126       0       0       2       0                               0D    816
     110     870       0       0       0                        01010000D    817
     110       0       0       1       0                               0D    818
     126     871       0       0       0                        01010500D    819
     126       0       0       2       0                               0D    820
     100     873       0       0       0                        01010000D    821
     100       0       0       1       0                               0D    822
     126     874       0       0       0                        01010500D    823
     126       0       0       2       0                               0D    824
     110     876       0       0       0                        01010000D    825
     110       0       0       1       0                               0D    826
     102     877       0       0       0                        01010500D    827
     102       0       0       1       0                               0D    828
     102     878       0       0       0                        01010000D    829
     102       0       0       1       0                               0D    830
     142     879       0       0       0                        00010500D    831
     142       0       0       1       0                               0D    832
     144     880       0       0       0                        00000000D    833
     144       0    -801       1       0                               0D    834
     314     881       0       0       0                        00000200D    835
     314       0       8       1       0                               0D    836
     128     882       0       0       0                        01010000D    837
     128       0       0       4       0                               0D    838
     126     886       0       0       0                        01010500D    839
     126       0       0      44       0                               0D    840
     100     930       0       0       0                        01010000D    841
     100       0       0       1       0                               0D    842
     126     931       0       0       0                        01010500D    843
     126       0       0      44       0                               0D    844
     100     975       0       0       0                        01010000D    845
     100       0       0       1       0                               0D    846
     102     976       0       0       0                        01010500D    847
     102       0       0       1       0                               0D    848
     102     977       0       0       0                        01010000D    849
     102       0       0       1       0                               0D    850
     142     978       0       0       0                        00010500D    851
     142       0       0       1       0                               0D    852
     126     979       0       0       0                        01010500D    853
     126       0       0      43       0                               0D    854
     124    1022       0       0       0                        00000000D    855
     124       0       0       4       0                               0D    856
     100    1026       0       0       0             855        01010000D    857
     100       0       0       1       0                               0D    858
     126    1027       0       0       0                        01010500D    859
     126       0       0      43       0                               0D    860
     124    1070       0       0       0                        00000000D    861
     124       0       0       4       0                               0D    862
     100    1074       0       0       0             861        01010000D    863
     100       0       0       1       0                               0D    864
     102    1075       0       0       0                        01010500D    865
     102       0       0       1       0                               0D    866
     102    1076       0       0       0                        01010000D    867
     102       0       0       1       0                               0D    868
     142    1077       0       0       0                        00010500D    869
     142       0       0       1       0                               0D    870
     144    1078       0       0       0                        00000000D    871
     144       0    -835       1       0                               0D    872
     314    1079       0       0       0                        00000200D    873
     314       0       8       1       0                               0D    874
     110    1080       0       0       0                        01010000D    875
     110       0       0       1       0                               0D    876
     110    1081       0       0       0                        01010000D    877
     110       0       0       1       0                               0D    878
     120    1082       0       0       0                        01010000D    879
     120       0       0       1       0                               0D    880
     126    1083       0       0       0                        01010500D    881
     126       0       0       2       0                               0D    882
     110    1085       0       0       0                        01010000D    883
     110       0       0       1       0                               0D    884
     126    1086       0       0       0                        01010500D    885
     126       0       0       2       0                               0D    886
     124    1088       0       0       0                        00000000D    887
     124       0       0       4       0                               0D    888
     100    1092       0       0       0             887        01010000D    889
     100       0       0       1       0                               0D    890
     126    1093       0       0       0                        01010500D    891
     126       0       0       2       0                               0D    892
     110    1095       0       0       0                        01010000D    893
     110       0       0       1       0                               0D    894
     126    1096       0       0       0                        01010500D    895
     126       0       0       2       0                               0D    896
     100    1098       0       0       0                        01010000D    897
     100       0       0       1       0                               0D    898
     102    1099       0       0       0                        01010500D    899
     102       0       0       1       0                               0D    900
     102    1100       0       0       0                        01010000D    901
     102       0       0       1       0                               0D    902
     142    1101       0       0       0                        00010500D    903
     142       0       0       1       0                               0D    904
     144    1102       0       0       0                        00000000D    905
     144       0    -873       1       0                               0D    906
     314    1103       0       0       0                        00000200D    907
     314       0       8       1       0                               0D    908
     110    1104       0       0       0                        01010000D    909
     110       0       0       1       0                               0D    910
     110    1105       0       0       0                        01010000D    911
     110       0       0       1       0                               0D    912
     120    1106       0       0       0                        01010000D    913
     120       0       0       1       0                               0D    914
     126    1107       0       0       0                        01010500D    915
     126       0       0       2       0                               0D    916
     110    1109       0       0       0                        01010000D    917
     110       0       0       1       0                               0D    918
     126    1110       0       0       0                        01010500D    919
     126       0       0       2       0                               0D    920
     124    1112       0       0       0                        00000000D    921
     124       0       0       4       0                               0D    922
     100    1116       0       0       0             921        01010000D    923
     100       0       0       1       0                               0D    924
     126    1117       0       0       0                        01010500D    925
     126       0       0       2       0                               0D    926
     110    1119       0       0       0                        01010000D    927
     110       0       0       1       0                               0D    928
     126    1120       0       0       0                        01010500D    929
     126       0       0       2       0                               0D    930
     100    1122       0       0       0                        01010000D    931
     100       0       0       1       0                               0D    932
     102    1123       0       0       0                        01010500D    933
     102       0       0       1       0                               0D    934
     102    1124       0       0       0                        01010000D    935
     102       0       0       1       0                               0D    936
     142    1125       0       0       0                        00010500D    937
     142       0       0       1       0                               0D    938
     144    1126       0       0       0                        00000000D    939
     144       0    -907       1       0                               0D    940
     314    1127       0       0       0                        00000200D    941
     314       0       8       1       0                               0D    942
     128    1128       0       0       0                        01010000D    943
     128       0       0      16       0                               0D    944
     126    1144       0       0       0                        01010500D    945
     126       0       0       2       0                               0D    946
     100    1146       0       0       0                        01010000D    947
     100       0       0       1       0                               0D    948
     126    1147       0       0       0                        01010500D    949
     126       0       0       2       0                               0D    950
     124    1149       0       0       0                        00000000D    951
     124       0       0       4       0                               0D    952
     100    1153       0       0       0             951        01010000D    953
     100       0       0       1       0                               0D    954
     126    1154       0       0       0                        01010500D    955
     126       0       0       2       0                               0D    956
     124    1156       0       0       0                        00000000D    957
     124       0       0       4       0                               0D    958
     100    1160       0       0       0             957        01010000D    959
     100       0       0       1       0                               0D    960
     126    1161       0       0       0                        01010500D    961
     126       0       0       2       0                               0D    962
     124    1163       0       0       0                        00000000D    963
     124       0       0       3       0                               0D    964
     100    1166       0       0       0             963        01010000D    965
     100       0       0       1       0                               0D    966
     102    1167       0       0       0                        01010500D    967
     102       0       0       1       0                               0D    968
     102    1168       0       0       0                        01010000D    969
     102       0       0       1       0                               0D    970
     142    1169       0       0       0                        00010500D    971
     142       0       0       1       0                               0D    972
     144    1170       0       0       0                        00000000D    973
     144       0    -941       1       0                               0D    974
     314    1171       0       0       0                        00000200D    975
     314       0       8       1       0                               0D    976
     110    1172       0       0       0                        01010000D    977
     110       0       0       1       0                               0D    978
     110    1173       0       0       0                        01010000D    979
     110       0       0       1       0                               0D    980
     120    1174       0       0       0                        01010000D    981
     120       0       0       1       0                               0D    982
     126    1175       0       0       0                        01010500D    983
     126       0       0       2       0                               0D    984
     124    1177       0       0       0                        00000000D    985
     124       0       0       4       0                               0D    986
     100    1181       0       0       0             985        01010000D    987
     100       0       0       1       0                               0D    988
     126    1182       0       0       0                        01010500D    989
     126       0       0      22       0                               0D    990
     126    1204       0       0       0                        01010000D    991
     126       0       0       6       0                               0D    992
     126    1210       0       0       0                        01010500D    993
     126       0       0       2       0                               0D    994
     124    1212       0       0       0                        00000000D    995
     124       0       0       4       0                               0D    996
     100    1216       0       0       0             995        01010000D    997
     100       0       0       1       0                               0D    998
     126    1217       0       0       0                        01010500D    999
     126       0       0       2       0                               0D   1000
     110    1219       0       0       0                        01010000D   1001
     110       0       0       1       0                               0D   1002
     126    1220       0       0       0                        01010500D   1003
     126       0       0       2       0                               0D   1004
     100    1222       0       0       0                        01010000D   1005
     100       0       0       1       0                               0D   1006
     126    1223       0       0       0                        01010500D   1007
     126       0       0       2       0                               0D   1008
     110    1225       0       0       0                        01010000D   1009
     110       0       0       1       0                               0D   1010
     102    1226       0       0       0                        01010500D   1011
     102       0       0       1       0                               0D   1012
     102    1227       0       0       0                        01010000D   1013
     102       0       0       1       0                               0D   1014
     142    1228       0       0       0                        00010500D   1015
     142       0       0       1       0                               0D   1016
     144    1229       0       0       0                        00000000D   1017
     144       0    -975       1       0                               0D   1018
     314    1230       0       0       0                        00000200D   1019
     314       0       8       1       0                               0D   1020
     110    1231       0       0       0                        01010000D   1021
     110       0       0       1       0                               0D   1022
     110    1232       0       0       0                        01010000D   1023
     110       0       0       1       0                               0D   1024
     120    1233       0       0       0                        01010000D   1025
     120       0       0       1       0                               0D   1026
     126    1234       0       0       0                        01010500D   1027
     126       0       0       2       0                               0D   1028
     110    1236       0       0       0                        01010000D   1029
     110       0       0       1       0                               0D   1030
     126    1237       0       0       0                        01010500D   1031
     126       0       0       2       0                               0D   1032
     124    1239       0       0       0                        00000000D   1033
     124       0       0       5       0                               0D   1034
     100    1244       0       0       0            1033        01010000D   1035
     100       0       0       1       0                               0D   1036
     126    1245       0       0       0                        01010500D   1037
     126       0       0       2       0                               0D   1038
     110    1247       0       0       0                        01010000D   1039
     110       0       0       1       0                               0D   1040
     126    1248       0       0       0                        01010500D   1041
     126       0       0       2       0                               0D   1042
     100    1250       0       0       0                        01010000D   1043
     100       0       0       1       0                               0D   1044
     102    1251       0       0       0                        01010500D   1045
     102       0       0       1       0                               0D   1046
     102    1252       0       0       0                        01010000D   1047
     102       0       0       1       0                               0D   1048
     142    1253       0       0       0                        00010500D   1049
     142       0       0       1       0                               0D   1050
     144    1254       0       0       0                        00000000D   1051
     144       0   -1019       1       0                               0D   1052
     314    1255       0       0       0                        00000200D   1053
     314       0       8       1       0                               0D   1054
     128    1256       0       0       0                        01010000D   1055
     128       0       0       3       0                               0D   1056
     126    1259       0       0       0                        01010500D   1057
     126       0       0       2       0                               0D   1058
     110    1261       0       0       0                        01010000D   1059
     110       0       0       1       0                               0D   1060
     126    1262       0       0       0                        01010500D   1061
     126       0       0       2       0                               0D   1062
     110    1264       0       0       0                        01010000D   1063
     110       0       0       1       0                               0D   1064
     126    1265       0       0       0                        01010500D   1065
     126       0       0       2       0                               0D   1066
     110    1267       0       0       0                        01010000D   1067
     110       0       0       1       0                               0D   1068
     126    1268       0       0       0                        01010500D   1069
     126       0       0       2       0                               0D   1070
     110    1270       0       0       0                        01010000D   1071
     110       0       0       1       0                               0D   1072
     102    1271       0       0       0                        01010500D   1073
     102       0       0       1       0                               0D   1074
     102    1272       0       0       0                        01010000D   1075
     102       0       0       1       0                               0D   1076
     142    1273       0       0       0                        00010500D   1077
     142       0       0       1       0                               0D   1078
     144    1274       0       0       0                        00000000D   1079
     144       0   -1053       1       0                               0D   1080
     314    1275       0       0       0                        00000200D   1081
     314       0       8       1       0                               0D   1082
     110    1276       0       0       0                        01010000D   1083
     110       0       0       1       0                               0D   1084
     110    1277       0       0       0                        01010000D   1085
     110       0       0       1       0                               0D   1086
     120    1278       0       0       0                        01010000D   1087
     120       0       0       1       0                               0D   1088
     126    1279       0       0       0                        01010500D   1089
     126       0       0       2       0                               0D   1090
     110    1281       0       0       0                        01010000D   1091
     110       0       0       1       0                               0D   1092
     126    1282       0       0       0                        01010500D   1093
     126       0       0       2       0                               0D   1094
     124    1284       0       0       0                        00000000D   1095
     124       0       0       4       0                               0D   1096
     100    1288       0       0       0            1095        01010000D   1097
     100       0       0       1       0                               0D   1098
     126    1289       0       0       0                        01010500D   1099
     126       0       0       2       0                               0D   1100
     110    1291       0       0       0                        01010000D   1101
     110       0       0       1       0                               0D   1102
     126    1292       0       0       0                        01010500D   1103
     126       0       0       2       0                               0D   1104
     100    1294       0       0       0                        01010000D   1105
     100       0       0       1       0                               0D   1106
     102    1295       0       0       0                        01010500D   1107
     102       0       0       1       0                               0D   1108
     102    1296       0       0       0                        01010000D   1109
     102       0       0       1       0                               0D   1110
     142    1297       0       0       0                        00010500D   1111
     142       0       0       1       0                               0D   1112
     144    1298       0       0       0                        00000000D   1113
     144       0   -1081       1       0                               0D   1114
     314    1299       0       0       0                        00000200D   1115
     314       0       8       1       0                               0D   1116
     110    1300       0       0       0                        01010000D   1117
     110       0       0       1       0                               0D   1118
     110    1301       0       0       0                        01010000D   1119
     110       0       0       1       0                               0D   1120
     120    1302       0       0       0                        01010000D   1121
     120       0       0       1       0                               0D   1122
     126    1303       0       0       0                        01010500D   1123
     126       0       0       2       0                               0D   1124
     124    1305       0       0       0                        00000000D   1125
     124       0       0       4       0                               0D   1126
     100    1309       0       0       0            1125        01010000D   1127
     100       0       0       1       0                               0D   1128
     126    1310       0       0       0                        01010500D   1129
     126       0       0       2       0                               0D   1130
     110    1312       0       0       0                        01010000D   1131
     110       0       0       1       0                               0D   1132
     126    1313       0       0       0                        01010500D   1133
     126       0       0       2       0                               0D   1134
     100    1315       0       0       0                        01010000D   1135
     100       0       0       1       0                               0D   1136
     126    1316       0       0       0                        01010500D   1137
     126       0       0       2       0                               0D   1138
     110    1318       0       0       0                        01010000D   1139
     110       0       0       1       0                               0D   1140
     102    1319       0       0       0                        01010500D   1141
     102       0       0       1       0                               0D   1142
     102    1320       0       0       0                        01010000D   1143
     102       0       0       1       0                               0D   1144
     142    1321       0       0       0                        00010500D   1145
     142       0       0       1       0                               0D   1146
     144    1322       0       0       0                        00000000D   1147
     144       0   -1115       1       0                               0D   1148
     314    1323       0       0       0                        00000200D   1149
     314       0       8       1       0                               0D   1150
     110    1324       0       0       0                        01010000D   1151
     110       0       0       1       0                               0D   1152
     110    1325       0       0       0                        01010000D   1153
     110       0       0       1       0                               0D   1154
     120    1326       0       0       0                        01010000D   1155
     120       0       0       1       0                               0D   1156
     126    1327       0       0       0                        01010500D   1157
     126       0       0       2       0                               0D   1158
     124    1329       0       0       0                        00000000D   1159
     124       0       0       4       0                               0D   1160
     100    1333       0       0       0            1159        01010000D   1161
     100       0       0       1       0                               0D   1162
     126    1334       0       0       0                        01010500D   1163
     126       0       0       2       0                               0D   1164
     110    1336       0       0       0                        01010000D   1165
     110       0       0       1       0                               0D   1166
     126    1337       0       0       0                        01010500D   1167
     126       0       0       2       0                               0D   1168
     100    1339       0       0       0                        01010000D   1169
     100       0       0       1       0                               0D   1170
     126    1340       0       0       0                        01010500D   1171
     126       0       0       2       0                               0D   1172
     110    1342       0       0       0                        01010000D   1173
     110       0       0       1       0                               0D   1174
     102    1343       0       0       0                        01010500D   1175
     102       0       0       1       0                               0D   1176
     102    1344       0       0       0                        01010000D   1177
     102       0       0       1       0                               0D   1178
     142    1345       0       0       0                        00010500D   1179
     142       0       0       1       0                               0D   1180
     144    1346       0       0       0                        00000000D   1181
     144       0   -1149       1       0                               0D   1182
     314    1347       0       0       0                        00000200D   1183
     314       0       8       1       0                               0D   1184
     128    1348       0       0       0                        01010000D   1185
     128       0       0       3       0                               0D   1186
     126    1351       0       0       0                        01010500D   1187
     126       0       0       2       0                               0D   1188
     110    1353       0       0       0                        01010000D   1189
     110       0       0       1       0                               0D   1190
     126    1354       0       0       0                        01010500D   1191
     126       0       0       2       0                               0D   1192
     124    1356       0       0       0                        00000000D   1193
     124       0       0       5       0                               0D   1194
     100    1361       0       0       0            1193        01010000D   1195
     100       0       0       1       0                               0D   1196
     126    1362       0       0       0                        01010500D   1197
     126       0       0       2       0                               0D   1198
     110    1364       0       0       0                        01010000D   1199
     110       0       0       1       0                               0D   1200
     126    1365       0       0       0                        01010500D   1201
     126       0       0       6       0                               0D   1202
     124    1371       0       0       0                        00000000D   1203
     124       0       0       4       0                               0D   1204
     100    1375       0       0       0            1203        01010000D   1205
     100       0       0       1       0                               0D   1206
     126    1376       0       0       0                        01010500D   1207
     126       0       0       2       0                               0D   1208
     110    1378       0       0       0                        01010000D   1209
     110       0       0       1       0                               0D   1210
     126    1379       0       0       0                        01010500D   1211
     126       0       0       6       0                               0D   1212
     124    1385       0       0       0                        00000000D   1213
     124       0       0       4       0                               0D   1214
     100    1389       0       0       0            1213        01010000D   1215
     100       0       0       1       0                               0D   1216
     126    1390       0       0       0                        01010500D   1217
     126       0       0       2       0                               0D   1218
     110    1392       0       0       0                        01010000D   1219
     110       0       0       1       0                               0D   1220
     126    1393       0       0       0                        01010500D   1221
     126       0       0       2       0                               0D   1222
     124    1395       0       0       0                        00000000D   1223
     124       0       0       5       0                               0D   1224
     100    1400       0       0       0            1223        01010000D   1225
     100       0       0       1       0                               0D   1226
     102    1401       0       0       0                        01010500D   1227
     102       0       0       1       0                               0D   1228
     102    1402       0       0       0                        01010000D   1229
     102       0       0       1       0                               0D   1230
     142    1403       0       0       0                        00010500D   1231
     142       0       0       1       0                               0D   1232
     126    1404       0       0       0                        01010500D   1233
     126       0       0      22       0                               0D   1234
     100    1426       0       0       0                        01010000D   1235
     100       0       0       1       0                               0D   1236
     126    1427       0       0       0                        01010500D   1237
     126       0       0      22       0                               0D   1238
     100    1449       0       0       0                        01010000D   1239
     100       0       0       1       0                               0D   1240
     102    1450       0       0       0                        01010500D   1241
     102       0       0       1       0                               0D   1242
     102    1451       0       0       0                        01010000D   1243
     102       0       0       1       0                               0D   1244
     142    1452       0       0       0                        00010500D   1245
     142       0       0       1       0                               0D   1246
     126    1453       0       0       0                        01010500D   1247
     126       0       0      22       0                               0D   1248
     100    1475       0       0       0                        01010000D   1249
     100       0       0       1       0                               0D   1250
     126    1476       0       0       0                        01010500D   1251
     126       0       0      22       0                               0D   1252
     100    1498       0       0       0                        01010000D   1253
     100       0       0       1       0                               0D   1254
     102    1499       0       0       0                        01010500D   1255
     102       0       0       1       0                               0D   1256
     102    1500       0       0       0                        01010000D   1257
     102       0       0       1       0                               0D   1258
     142    1501       0       0       0                        00010500D   1259
     142       0       0       1       0                               0D   1260
     126    1502       0       0       0                        01010500D   1261
     126       0       0      22       0                               0D   1262
     100    1524       0       0       0                        01010000D   1263
     100       0       0       1       0                               0D   1264
     126    1525       0       0       0                        01010500D   1265
     126       0       0       4       0                               0D   1266
     100    1529       0       0       0                        01010000D   1267
     100       0       0       1       0                               0D   1268
     126    1530       0       0       0                        01010500D   1269
     126       0       0       4       0                               0D   1270
     100    1534       0       0       0                        01010000D   1271
     100       0       0       1       0                               0D   1272
     126    1535       0       0       0                        01010500D   1273
     126       0       0      44       0                               0D   1274
     100    1579       0       0       0                        01010000D   1275
     100       0       0       1       0                               0D   1276
     126    1580       0       0       0                        01010500D   1277
     126       0       0       4       0                               0D   1278
     100    1584       0       0       0                        01010000D   1279
     100       0       0       1       0                               0D   1280
     126    1585       0       0       0                        01010500D   1281
     126       0       0       4       0                               0D   1282
     100    1589       0       0       0                        01010000D   1283
     100       0       0       1       0                               0D   1284
     126    1590       0       0       0                        01010500D   1285
     126       0       0      22       0                               0D   1286
     100    1612       0       0       0                        01010000D   1287
     100       0       0       1       0                               0D   1288
     126    1613       0       0       0                        01010500D   1289
     126       0       0      12       0                               0D   1290
     100    1625       0       0       0                        01010000D   1291
     100       0       0       1       0                               0D   1292
     126    1626       0       0       0                        01010500D   1293
     126       0       0      22       0                               0D   1294
     100    1648       0       0       0                        01010000D   1295
     100       0       0       2       0                               0D   1296
     126    1650       0       0       0                        01010500D   1297
     126       0       0      12       0                               0D   1298
     100    1662       0       0       0                        01010000D   1299
     100       0       0       1       0                               0D   1300
     102    1663       0       0       0                        01010500D   1301
     102       0       0       1       0                               0D   1302
     102    1664       0       0       0                        01010000D   1303
     102       0       0       1       0                               0D   1304
     142    1665       0       0       0                        00010500D   1305
     142       0       0       1       0                               0D   1306
     144    1666       0       0       0                        00000000D   1307
     144       0   -1183       1       0                               0D   1308
     314    1667       0       0       0                        00000200D   1309
     314       0       8       1       0                               0D   1310
     128    1668       0       0       0                        01010000D   1311
     128       0       0       3       0                               0D   1312
     126    1671       0       0       0                        01010500D   1313
     126       0       0       2       0                               0D   1314
     110    1673       0       0       0                        01010000D   1315
     110       0       0       1       0                               0D   1316
     126    1674       0       0       0                        01010500D   1317
     126       0       0       2       0                               0D   1318
     110    1676       0       0       0                        01010000D   1319
     110       0       0       1       0                               0D   1320
     126    1677       0       0       0                        01010500D   1321
     126       0       0       2       0                               0D   1322
     110    1679       0       0       0                        01010000D   1323
     110       0       0       1       0                               0D   1324
     126    1680       0       0       0                        01010500D   1325
     126       0       0       2       0                               0D   1326
     110    1682       0       0       0                        01010000D   1327
     110       0       0       1       0                               0D   1328
     102    1683       0       0       0                        01010500D   1329
     102       0       0       1       0                               0D   1330
     102    1684       0       0       0                        01010000D   1331
     102       0       0       1       0                               0D   1332
     142    1685       0       0       0                        00010500D   1333
     142       0       0       1       0                               0D   1334
     126    1686       0       0       0                        01010500D   1335
     126       0       0      22       0                               0D   1336
     124    1708       0       0       0                        00000000D   1337
     124       0       0       3       0                               0D   1338
     100    1711       0       0       0            1337        01010000D   1339
     100       0       0       1       0                               0D   1340
     126    1712       0       0       0                        01010500D   1341
     126       0       0      22       0                               0D   1342
     124    1734       0       0       0                        00000000D   1343
     124       0       0       3       0                               0D   1344
     100    1737       0       0       0            1343        01010000D   1345
     100       0       0       1       0                               0D   1346
     102    1738       0       0       0                        01010500D   1347
     102       0       0       1       0                               0D   1348
     102    1739       0       0       0                        01010000D   1349
     102       0       0       1       0                               0D   1350
     142    1740       0       0       0                        00010500D   1351
     142       0       0       1       0                               0D   1352
     126    1741       0       0       0                        01010500D   1353
     126       0       0      22       0                               0D   1354
     124    1763       0       0       0                        00000000D   1355
     124       0       0       3       0                               0D   1356
     100    1766       0       0       0            1355        01010000D   1357
     100       0       0       1       0                               0D   1358
     126    1767       0       0       0                        01010500D   1359
     126       0       0      22       0                               0D   1360
     124    1789       0       0       0                        00000000D   1361
     124       0       0       3       0                               0D   1362
     100    1792       0       0       0            1361        01010000D   1363
     100       0       0       1       0                               0D   1364
     102    1793       0       0       0                        01010500D   1365
     102       0       0       1       0                               0D   1366
     102    1794       0       0       0                        01010000D   1367
     102       0       0       1       0                               0D   1368
     142    1795       0       0       0                        00010500D   1369
     142       0       0       1       0                               0D   1370
     144    1796       0       0       0                        00000000D   1371
     144       0   -1309       1       0                               0D   1372
     314    1797       0       0       0                        00000200D   1373
     314       0       8       1       0                               0D   1374
     110    1798       0       0       0                        01010000D   1375
     110       0       0       1       0                               0D   1376
     110    1799       0       0       0                        01010000D   1377
     110       0       0       1       0                               0D   1378
     120    1800       0       0       0                        01010000D   1379
     120       0       0       1       0                               0D   1380
     126    1801       0       0       0                        01010500D   1381
     126       0       0       2       0                               0D   1382
     110    1803       0       0       0                        01010000D   1383
     110       0       0       1       0                               0D   1384
     126    1804       0       0       0                        01010500D   1385
     126       0       0       2       0                               0D   1386
     124    1806       0       0       0                        00000000D   1387
     124       0       0       4       0                               0D   1388
     100    1810       0       0       0            1387        01010000D   1389
     100       0       0       1       0                               0D   1390
     126    1811       0       0       0                        01010500D   1391
     126       0       0       2       0                               0D   1392
     110    1813       0       0       0                        01010000D   1393
     110       0       0       1       0                               0D   1394
     126    1814       0       0       0                        01010500D   1395
     126       0       0       2       0                               0D   1396
     100    1816       0       0       0                        01010000D   1397
     100       0       0       1       0                               0D   1398
     102    1817       0       0       0                        01010500D   1399
     102       0       0       1       0                               0D   1400
     102    1818       0       0       0                        01010000D   1401
     102       0       0       1       0                               0D   1402
     142    1819       0       0       0                        00010500D   1403
     142       0       0       1       0                               0D   1404
     144    1820       0       0       0                        00000000D   1405
     144       0   -1373       1       0                               0D   1406
     314    1821       0       0       0                        00000200D   1407
     314       0       8       1       0                               0D   1408
     128    1822       0       0       0                        01010000D   1409
     128       0       0       3       0                               0D   1410
     126    1825       0       0       0                        01010500D   1411
     126       0       0       2       0                               0D   1412
     110    1827       0       0       0                        01010000D   1413
     110       0       0       1       0                               0D   1414
     126    1828       0       0       0                        01010500D   1415
     126       0       0       2       0                               0D   1416
     110    1830       0       0       0                        01010000D   1417
     110       0       0       1       0                               0D   1418
     126    1831       0       0       0                        01010500D   1419
     126       0       0       2       0                               0D   1420
     110    1833       0       0       0                        01010000D   1421
     110       0       0       1       0                               0D   1422
     126    1834       0       0       0                        01010500D   1423
     126       0       0       2       0                               0D   1424
     110    1836       0       0       0                        01010000D   1425
     110       0       0       1       0                               0D   1426
     102    1837       0       0       0                        01010500D   1427
     102       0       0       1       0                               0D   1428
     102    1838       0       0       0                        01010000D   1429
     102       0       0       1       0                               0D   1430
     142    1839       0       0       0                        00010500D   1431
     142       0       0       1       0                               0D   1432
     144    1840       0       0       0                        00000000D   1433
     144       0   -1407       1       0                               0D   1434
     314    1841       0       0       0                        00000200D   1435
     314       0       8       1       0                               0D   1436
     110    1842       0       0       0                        01010000D   1437
     110       0       0       1       0                               0D   1438
     110    1843       0       0       0                        01010000D   1439
     110       0       0       1       0                               0D   1440
     120    1844       0       0       0                        01010000D   1441
     120       0       0       1       0                               0D   1442
     126    1845       0       0       0                        01010500D   1443
     126       0       0       2       0                               0D   1444
     110    1847       0       0       0                        01010000D   1445
     110       0       0       1       0                               0D   1446
     126    1848       0       0       0                        01010500D   1447
     126       0       0       2       0                               0D   1448
     124    1850       0       0       0                        00000000D   1449
     124       0       0       5       0                               0D   1450
     100    1855       0       0       0            1449        01010000D   1451
     100       0       0       1       0                               0D   1452
     126    1856       0       0       0                        01010500D   1453
     126       0       0       2       0                               0D   1454
     110    1858       0       0       0                        01010000D   1455
     110       0       0       1       0                               0D   1456
     126    1859       0       0       0                        01010500D   1457
     126       0       0       2       0                               0D   1458
     100    1861       0       0       0                        01010000D   1459
     100       0       0       1       0                               0D   1460
     102    1862       0       0       0                        01010500D   1461
     102       0       0       1       0                               0D   1462
     102    1863       0       0       0                        01010000D   1463
     102       0       0       1       0                               0D   1464
     142    1864       0       0       0                        00010500D   1465
     142       0       0       1       0                               0D   1466
     144    1865       0       0       0                        00000000D   1467
     144       0   -1435       1       0                               0D   1468
     314    1866       0       0       0                        00000200D   1469
     314       0       8       1       0                               0D   1470
     128    1867       0       0       0                        01010000D   1471
     128       0       0       3       0                               0D   1472
     126    1870       0       0       0                        01010500D   1473
     126       0       0       2       0                               0D   1474
     110    1872       0       0       0                        01010000D   1475
     110       0       0       1       0                               0D   1476
     126    1873       0       0       0                        01010500D   1477
     126       0       0       2       0                               0D   1478
     110    1875       0       0       0                        01010000D   1479
     110       0       0       1       0                               0D   1480
     126    1876       0       0       0                        01010500D   1481
     126       0       0       2       0                               0D   1482
     110    1878       0       0       0                        01010000D   1483
     110       0       0       1       0                               0D   1484
     126    1879       0       0       0                        01010500D   1485
     126       0       0       2       0                               0D   1486
     110    1881       0       0       0                        01010000D   1487
     110       0       0       1       0                               0D   1488
     102    1882       0       0       0                        01010500D   1489
     102       0       0       1       0                               0D   1490
     102    1883       0       0       0                        01010000D   1491
     102       0       0       1       0                               0D   1492
     142    1884       0       0       0                        00010500D   1493
     142       0       0       1       0                               0D   1494
     144    1885       0       0       0                        00000000D   1495
     144       0   -1469       1       0                               0D   1496
     314    1886       0       0       0                        00000200D   1497
     314       0       8       1       0                               0D   1498
     110    1887       0       0       0                        01010000D   1499
     110       0       0       1       0                               0D   1500
     110    1888       0       0       0                        01010000D   1501
     110       0       0       1       0                               0D   1502
     120    1889       0       0       0                        01010000D   1503
     120       0       0       1       0                               0D   1504
     126    1890       0       0       0                        01010500D   1505
     126       0       0       2       0                               0D   1506
     124    1892       0       0       0                        00000000D   1507
     124       0       0       3       0                               0D   1508
     100    1895       0       0       0            1507        01010000D   1509
     100       0       0       1       0                               0D   1510
     126    1896       0       0       0                        01010500D   1511
     126       0       0       2       0                               0D   1512
     110    1898       0       0       0                        01010000D   1513
     110       0       0       1       0                               0D   1514
     126    1899       0       0       0                        01010500D   1515
     126       0       0       2       0                               0D   1516
     100    1901       0       0       0                        01010000D   1517
     100       0       0       1       0                               0D   1518
     126    1902       0       0       0                        01010500D   1519
     126       0       0       2       0                               0D   1520
     110    1904       0       0       0                        01010000D   1521
     110       0       0       1       0                               0D   1522
     102    1905       0       0       0                        01010500D   1523
     102       0       0       1       0                               0D   1524
     102    1906       0       0       0                        01010000D   1525
     102       0       0       1       0                               0D   1526
     142    1907       0       0       0                        00010500D   1527
     142       0       0       1       0                               0D   1528
     144    1908       0       0       0                        00000000D   1529
     144       0   -1497       1       0                               0D   1530
     314    1909       0       0       0                        00000200D   1531
     314       0       8       1       0                               0D   1532
     110    1910       0       0       0                        01010000D   1533
     110       0       0       1       0                               0D   1534
     110    1911       0       0       0                        01010000D   1535
     110       0       0       1       0                               0D   1536
     120    1912       0       0       0                        01010000D   1537
     120       0       0       1       0                               0D   1538
     126    1913       0       0       0                        01010500D   1539
     126       0       0       2       0                               0D   1540
     124    1915       0       0       0                        00000000D   1541
     124       0       0       4       0                               0D   1542
     100    1919       0       0       0            1541        01010000D   1543
     100       0       0       1       0                               0D   1544
     126    1920       0       0       0                        01010500D   1545
     126       0       0       2       0                               0D   1546
     110    1922       0       0       0                        01010000D   1547
     110       0       0       1       0                               0D   1548
     126    1923       0       0       0                        01010500D   1549
     126       0       0       2       0                               0D   1550
     100    1925       0       0       0                        01010000D   1551
     100       0       0       1       0                               0D   1552
     126    1926       0       0       0                        01010500D   1553
     126       0       0       2       0                               0D   1554
     110    1928       0       0       0                        01010000D   1555
     110       0       0       1       0                               0D   1556
     102    1929       0       0       0                        01010500D   1557
     102       0       0       1       0                               0D   1558
     102    1930       0       0       0                        01010000D   1559
     102       0       0       1       0                               0D   1560
     142    1931       0       0       0                        00010500D   1561
     142       0       0       1       0                               0D   1562
     144    1932       0       0       0                        00000000D   1563
     144       0   -1531       1       0                               0D   1564
     314    1933       0       0       0                        00000200D   1565
     314       0       8       1       0                               0D   1566
     110    1934       0       0       0                        01010000D   1567
     110       0       0       1       0                               0D   1568
     110    1935       0       0       0                        01010000D   1569
     110       0       0       1       0                               0D   1570
     120    1936       0       0       0                        01010000D   1571
     120       0       0       1       0                               0D   1572
     126    1937       0       0       0                        01010500D   1573
     126       0       0       2       0                               0D   1574
     124    1939       0       0       0                        00000000D   1575
     124       0       0       4       0                               0D   1576
     100    1943       0       0       0            1575        01010000D   1577
     100       0       0       1       0                               0D   1578
     126    1944       0       0       0                        01010500D   1579
     126       0       0       2       0                               0D   1580
     110    1946       0       0       0                        01010000D   1581
     110       0       0       1       0                               0D   1582
     126    1947       0       0       0                        01010500D   1583
     126       0       0       2       0                               0D   1584
     100    1949       0       0       0                        01010000D   1585
     100       0       0       1       0                               0D   1586
     126    1950       0       0       0                        01010500D   1587
     126       0       0       2       0                               0D   1588
     110    1952       0       0       0                        01010000D   1589
     110       0       0       1       0                               0D   1590
     102    1953       0       0       0                        01010500D   1591
     102       0       0       1       0                               0D   1592
     102    1954       0       0       0                        01010000D   1593
     102       0       0       1       0                               0D   1594
     142    1955       0       0       0                        00010500D   1595
     142       0       0       1       0                               0D   1596
     144    1956       0       0       0                        00000000D   1597
     144       0   -1565       1       0                               0D   1598
     314    1957       0       0       0                        00000200D   1599
     314       0       8       1       0                               0D   1600
     128    1958       0       0       0                        01010000D   1601
     128       0       0       2       0                               0D   1602
     126    1960       0       0       0                        01010500D   1603
     126       0       0       2       0                               0D   1604
     100    1962       0       0       0                        01010000D   1605
     100       0       0       1       0                               0D   1606
     126    1963       0       0       0                        01010500D   1607
     126       0       0       2       0                               0D   1608
     110    1965       0       0       0                        01010000D   1609
     110       0       0       1       0                               0D   1610
     126    1966       0       0       0                        01010500D   1611
     126       0       0       6       0                               0D   1612
     100    1972       0       0       0                        01010000D   1613
     100       0       0       1       0                               0D   1614
     126    1973       0       0       0                        01010500D   1615
     126       0       0       2       0                               0D   1616
     110    1975       0       0       0                        01010000D   1617
     110       0       0       1       0                               0D   1618
     126    1976       0       0       0                        01010500D   1619
     126       0       0       6       0                               0D   1620
     100    1982       0       0       0                        01010000D   1621
     100       0       0       1       0                               0D   1622
     126    1983       0       0       0                        01010500D   1623
     126       0       0       2       0                               0D   1624
     110    1985       0       0       0                        01010000D   1625
     110       0       0       1       0                               0D   1626
     126    1986       0       0       0                        01010500D   1627
     126       0       0       2       0                               0D   1628
     100    1988       0       0       0                        01010000D   1629
     100       0       0       1       0                               0D   1630
     126    1989       0       0       0                        01010500D   1631
     126       0       0       2       0                               0D   1632
     110    1991       0       0       0                        01010000D   1633
     110       0       0       1       0                               0D   1634
     102    1992       0       0       0                        01010500D   1635
     102       0       0       1       0                               0D   1636
     102    1993       0       0       0                        01010000D   1637
     102       0       0       1       0                               0D   1638
     142    1994       0       0       0                        00010500D   1639
     142       0       0       1       0                               0D   1640
     126    1995       0       0       0                        01010500D   1641
     126       0       0      22       0                               0D   1642
     124    2017       0       0       0                        00000000D   1643
     124       0       0       4       0                               0D   1644
     100    2021       0       0       0            1643        01010000D   1645
     100       0       0       1       0                               0D   1646
     126    2022       0       0       0                        01010500D   1647
     126       0       0      22       0                               0D   1648
     124    2044       0       0       0                        00000000D   1649
     124       0       0       3       0                               0D   1650
     100    2047       0       0       0            1649        01010000D   1651
     100       0       0       1       0                               0D   1652
     102    2048       0       0       0                        01010500D   1653
     102       0       0       1       0                               0D   1654
     102    2049       0       0       0                        01010000D   1655
     102       0       0       1       0                               0D   1656
     142    2050       0       0       0                        00010500D   1657
     142       0       0       1       0                               0D   1658
     126    2051       0       0       0                        01010500D   1659
     126       0       0      22       0                               0D   1660
     124    2073       0       0       0                        00000000D   1661
     124       0       0       4       0                               0D   1662
     100    2077       0       0       0            1661        01010000D   1663
     100       0       0       1       0                               0D   1664
     126    2078       0       0       0                        01010500D   1665
     126       0       0      22       0                               0D   1666
     124    2100       0       0       0                        00000000D   1667
     124       0       0       3       0                               0D   1668
     100    2103       0       0       0            1667        01010000D   1669
     100       0       0       1       0                               0D   1670
     102    2104       0       0       0                        01010500D   1671
     102       0       0       1       0                               0D   1672
     102    2105       0       0       0                        01010000D   1673
     102       0       0       1       0                               0D   1674
     142    2106       0       0       0                        00010500D   1675
     142       0       0       1       0                               0D   1676
     126    2107       0       0       0                        01010500D   1677
     126       0       0      22       0                               0D   1678
     124    2129       0       0       0                        00000000D   1679
     124       0       0       4       0                               0D   1680
     100    2133       0       0       0            1679        01010000D   1681
     100       0       0       1       0                               0D   1682
     126    2134       0       0       0                        01010500D   1683
     126       0       0      22       0                               0D   1684
     124    2156       0       0       0                        00000000D   1685
     124       0       0       3       0                               0D   1686
     100    2159       0       0       0            1685        01010000D   1687
     100       0       0       1       0                               0D   1688
     102    2160       0       0       0                        01010500D   1689
     102       0       0       1       0                               0D   1690
     102    2161       0       0       0                        01010000D   1691
     102       0       0       1       0                               0D   1692
     142    2162       0       0       0                        00010500D   1693
     142       0       0       1       0                               0D   1694
     126    2163       0       0       0                        01010500D   1695
     126       0       0      22       0                               0D   1696
     124    2185       0       0       0                        00000000D   1697
     124       0       0       4       0                               0D   1698
     100    2189       0       0       0            1697        01010000D   1699
     100       0       0       1       0                               0D   1700
     126    2190       0       0       0                        01010500D   1701
     126       0       0      22       0                               0D   1702
     124    2212       0       0       0                        00000000D   1703
     124       0       0       3       0                               0D   1704
     100    2215       0       0       0            1703        01010000D   1705
     100       0       0       1       0                               0D   1706
     102    2216       0       0       0                        01010500D   1707
     102       0       0       1       0                               0D   1708
     102    2217       0       0       0                        01010000D   1709
     102       0       0       1       0                               0D   1710
     142    2218       0       0       0                        00010500D   1711
     142       0       0       1       0                               0D   1712
     126    2219       0       0       0                        01010500D   1713
     126       0       0      44       0                               0D   1714
     124    2263       0       0       0                        00000000D   1715
     124       0       0       3       0                               0D   1716
     100    2266       0       0       0            1715        01010000D   1717
     100       0       0       1       0                               0D   1718
     126    2267       0       0       0                        01010500D   1719
     126       0       0      44       0                               0D   1720
     124    2311       0       0       0                        00000000D   1721
     124       0       0       3       0                               0D   1722
     100    2314       0       0       0            1721        01010000D   1723
     100       0       0       1       0                               0D   1724
     102    2315       0       0       0                        01010500D   1725
     102       0       0       1       0                               0D   1726
     102    2316       0       0       0                        01010000D   1727
     102       0       0       1       0                               0D   1728
     142    2317       0       0       0                        00010500D   1729
     142       0       0       1       0                               0D   1730
     144    2318       0       0       0                        00000000D   1731
     144       0   -1599       1       0                               0D   1732
     314    2319       0       0       0                        00000200D   1733
     314       0       8       1       0                               0D   1734
     110    2320       0       0       0                        01010000D   1735
     110       0       0       1       0                               0D   1736
     110    2321       0       0       0                        01010000D   1737
     110       0       0       1       0                               0D   1738
     120    2322       0       0       0                        01010000D   1739
     120       0       0       1       0                               0D   1740
     126    2323       0       0       0                        01010500D   1741
     126       0       0       2       0                               0D   1742
     124    2325       0       0       0                        00000000D   1743
     124       0       0       4       0                               0D   1744
     100    2329       0       0       0            1743        01010000D   1745
     100       0       0       1       0                               0D   1746
     126    2330       0       0       0                        01010500D   1747
     126       0       0       2       0                               0D   1748
     110    2332       0       0       0                        01010000D   1749
     110       0       0       1       0                               0D   1750
     126    2333       0       0       0                        01010500D   1751
     126       0       0       2       0                               0D   1752
     100    2335       0       0       0                        01010000D   1753
     100       0       0       1       0                               0D   1754
     126    2336       0       0       0                        01010500D   1755
     126       0       0       2       0                               0D   1756
     110    2338       0       0       0                        01010000D   1757
     110       0       0       1       0                               0D   1758
     102    2339       0       0       0                        01010500D   1759
     102       0       0       1       0                               0D   1760
     102    2340       0       0       0                        01010000D   1761
     102       0       0       1       0                               0D   1762
     142    2341       0       0       0                        00010500D   1763
     142       0       0       1       0                               0D   1764
     144    2342       0       0       0                        00000000D   1765
     144       0   -1733       1       0                               0D   1766
     314    2343       0       0       0                        00000200D   1767
     314       0       8       1       0                               0D   1768
     110    2344       0       0       0                        01010000D   1769
     110       0       0       1       0                               0D   1770
     124    2345       0       0       0                        00000000D   1771
     124       0       0       4       0                               0D   1772
     100    2349       0       0       0            1771        01010000D   1773
     100       0       0       1       0                               0D   1774
     120    2350       0       0       0                        01010000D   1775
     120       0       0       1       0                               0D   1776
     126    2351       0       0       0                        01010500D   1777
     126       0       0      28       0                               0D   1778
     124    2379       0       0       0                        00000000D   1779
     124       0       0       2       0                               0D   1780
     100    2381       0       0       0            1779        01010000D   1781
     100       0       0       2       0                               0D   1782
     126    2383       0       0       0                        01010500D   1783
     126       0       0      28       0                               0D   1784
     124    2411       0       0       0                        00000000D   1785
     124       0       0       4       0                               0D   1786
     100    2415       0       0       0            1785        01010000D   1787
     100       0       0       2       0                               0D   1788
     102    2417       0       0       0                        01010500D   1789
     102       0       0       1       0                               0D   1790
     102    2418       0       0       0                        01010000D   1791
     102       0       0       1       0                               0D   1792
     142    2419       0       0       0                        00010500D   1793
     142       0       0       1       0                               0D   1794
     126    2420       0       0       0                        01010500D   1795
     126       0       0       2       0                               0D   1796
     124    2422       0       0       0                        00000000D   1797
     124       0       0       4       0                               0D   1798
     100    2426       0       0       0            1797        01010000D   1799
     100       0       0       1       0                               0D   1800
     126    2427       0       0       0                        01010500D   1801
     126       0       0       2       0                               0D   1802
     124    2429       0       0       0                        00000000D   1803
     124       0       0       5       0                               0D   1804
     100    2434       0       0       0            1803        01010000D   1805
     100       0       0       1       0                               0D   1806
     126    2435       0       0       0                        01010500D   1807
     126       0       0       3       0                               0D   1808
     126    2438       0       0       0                        01010000D   1809
     126       0       0       4       0                               0D   1810
     126    2442       0       0       0                        01010500D   1811
     126       0       0      31       0                               0D   1812
     124    2473       0       0       0                        00000000D   1813
     124       0       0       4       0                               0D   1814
     100    2477       0       0       0            1813        01010000D   1815
     100       0       0       2       0                               0D   1816
     126    2479       0       0       0                        01010500D   1817
     126       0       0       3       0                               0D   1818
     126    2482       0       0       0                        01010000D   1819
     126       0       0       4       0                               0D   1820
     102    2486       0       0       0                        01010500D   1821
     102       0       0       1       0                               0D   1822
     102    2487       0       0       0                        01010000D   1823
     102       0       0       1       0                               0D   1824
     142    2488       0       0       0                        00010500D   1825
     142       0       0       1       0                               0D   1826
     144    2489       0       0       0                        00000000D   1827
     144       0   -1767       1       0                               0D   1828
     314    2490       0       0       0                        00000200D   1829
     314       0       8       1       0                               0D   1830
     110    2491       0       0       0                        01010000D   1831
     110       0       0       1       0                               0D   1832
     124    2492       0       0       0                        00000000D   1833
     124       0       0       4       0                               0D   1834
     100    2496       0       0       0            1833        01010000D   1835
     100       0       0       1       0                               0D   1836
     120    2497       0       0       0                        01010000D   1837
     120       0       0       1       0                               0D   1838
     126    2498       0       0       0                        01010500D   1839
     126       0       0       2       0                               0D   1840
     124    2500       0       0       0                        00000000D   1841
     124       0       0       4       0                               0D   1842
     100    2504       0       0       0            1841        01010000D   1843
     100       0       0       1       0                               0D   1844
     126    2505       0       0       0                        01010500D   1845
     126       0       0       2       0                               0D   1846
     126    2507       0       0       0                        01010500D   1847
     126       0       0       2       0                               0D   1848
     124    2509       0       0       0                        00000000D   1849
     124       0       0       4       0                               0D   1850
     100    2513       0       0       0            1849        01010000D   1851
     100       0       0       1       0                               0D   1852
     126    2514       0       0       0                        01010500D   1853
     126       0       0       3       0                               0D   1854
     126    2517       0       0       0                        01010000D   1855
     126       0       0       4       0                               0D   1856
     126    2521       0       0       0                        01010500D   1857
     126       0       0      30       0                               0D   1858
     124    2551       0       0       0                        00000000D   1859
     124       0       0       4       0                               0D   1860
     100    2555       0       0       0            1859        01010000D   1861
     100       0       0       2       0                               0D   1862
     126    2557       0       0       0                        01010500D   1863
     126       0       0       3       0                               0D   1864
     126    2560       0       0       0                        01010000D   1865
     126       0       0       4       0                               0D   1866
     102    2564       0       0       0                        01010500D   1867
     102       0       0       1       0                               0D   1868
     102    2565       0       0       0                        01010000D   1869
     102       0       0       1       0                               0D   1870
     142    2566       0       0       0                        00010500D   1871
     142       0       0       1       0                               0D   1872
     126    2567       0       0       0                        01010500D   1873
     126       0       0      28       0                               0D   1874
     124    2595       0       0       0                        00000000D   1875
     124       0       0       2       0                               0D   1876
     100    2597       0       0       0            1875        01010000D   1877
     100       0       0       2       0                               0D   1878
     126    2599       0       0       0                        01010500D   1879
     126       0       0      28       0                               0D   1880
     124    2627       0       0       0                        00000000D   1881
     124       0       0       4       0                               0D   1882
     100    2631       0       0       0            1881        01010000D   1883
     100       0       0       2       0                               0D   1884
     102    2633       0       0       0                        01010500D   1885
     102       0       0       1       0                               0D   1886
     102    2634       0       0       0                        01010000D   1887
     102       0       0       1       0                               0D   1888
     142    2635       0       0       0                        00010500D   1889
     142       0       0       1       0                               0D   1890
     144    2636       0       0       0                        00000000D   1891
     144       0   -1829       1       0                               0D   1892
     314    2637       0       0       0                        00000200D   1893
     314       0       3       1       0                               0D   1894
     110    2638       0       0       0                        01010000D   1895
     110       0       0       1       0                               0D   1896
     110    2639       0       0       0                        01010000D   1897
     110       0       0       1       0                               0D   1898
     120    2640       0       0       0                        01010000D   1899
     120       0       0       1       0                               0D   1900
     126    2641       0       0       0                        01010500D   1901
     126       0       0       2       0                               0D   1902
     124    2643       0       0       0                        00000000D   1903
     124       0       0       5       0                               0D   1904
     100    2648       0       0       0            1903        01010000D   1905
     100       0       0       1       0                               0D   1906
     126    2649       0       0       0                        01010500D   1907
     126       0       0       2       0                               0D   1908
     110    2651       0       0       0                        01010000D   1909
     110       0       0       1       0                               0D   1910
     126    2652       0       0       0                        01010500D   1911
     126       0       0       2       0                               0D   1912
     100    2654       0       0       0                        01010000D   1913
     100       0       0       1       0                               0D   1914
     126    2655       0       0       0                        01010500D   1915
     126       0       0       2       0                               0D   1916
     110    2657       0       0       0                        01010000D   1917
     110       0       0       1       0                               0D   1918
     102    2658       0       0       0                        01010500D   1919
     102       0       0       1       0                               0D   1920
     102    2659       0       0       0                        01010000D   1921
     102       0       0       1       0                               0D   1922
     142    2660       0       0       0                        00010500D   1923
     142       0       0       1       0                               0D   1924
     144    2661       0       0       0                        00000000D   1925
     144       0   -1893       1       0                               0D   1926
     314    2662       0       0       0                        00000200D   1927
     314       0       3       1       0                               0D   1928
     110    2663       0       0       0                        01010000D   1929
     110       0       0       1       0                               0D   1930
     110    2664       0       0       0                        01010000D   1931
     110       0       0       1       0                               0D   1932
     120    2665       0       0       0                        01010000D   1933
     120       0       0       1       0                               0D   1934
     126    2666       0       0       0                        01010500D   1935
     126       0       0       2       0                               0D   1936
     110    2668       0       0       0                        01010000D   1937
     110       0       0       1       0                               0D   1938
     126    2669       0       0       0                        01010500D   1939
     126       0       0       2       0                               0D   1940
     100    2671       0       0       0                        01010000D   1941
     100       0       0       1       0                               0D   1942
     126    2672       0       0       0                        01010500D   1943
     126       0       0       2       0                               0D   1944
     110    2674       0       0       0                        01010000D   1945
     110       0       0       1       0                               0D   1946
     126    2675       0       0       0                        01010500D   1947
     126       0       0       2       0                               0D   1948
     124    2677       0       0       0                        00000000D   1949
     124       0       0       5       0                               0D   1950
     100    2682       0       0       0            1949        01010000D   1951
     100       0       0       1       0                               0D   1952
     102    2683       0       0       0                        01010500D   1953
     102       0       0       1       0                               0D   1954
     102    2684       0       0       0                        01010000D   1955
     102       0       0       1       0                               0D   1956
     142    2685       0       0       0                        00010500D   1957
     142       0       0       1       0                               0D   1958
     144    2686       0       0       0                        00000000D   1959
     144       0   -1927       1       0                               0D   1960
     314    2687       0       0       0                        00000200D   1961
     314       0       3       1       0                               0D   1962
     110    2688       0       0       0                        01010000D   1963
     110       0       0       1       0                               0D   1964
     110    2689       0       0       0                        01010000D   1965
     110       0       0       1       0                               0D   1966
     120    2690       0       0       0                        01010000D   1967
     120       0       0       1       0                               0D   1968
     126    2691       0       0       0                        01010500D   1969
     126       0       0       2       0                               0D   1970
     100    2693       0       0       0                        01010000D   1971
     100       0       0       1       0                               0D   1972
     126    2694       0       0       0                        01010500D   1973
     126       0       0       2       0                               0D   1974
     110    2696       0       0       0                        01010000D   1975
     110       0       0       1       0                               0D   1976
     126    2697       0       0       0                        01010500D   1977
     126       0       0       2       0                               0D   1978
     124    2699       0       0       0                        00000000D   1979
     124       0       0       5       0                               0D   1980
     100    2704       0       0       0            1979        01010000D   1981
     100       0       0       1       0                               0D   1982
     126    2705       0       0       0                        01010500D   1983
     126       0       0       2       0                               0D   1984
     110    2707       0       0       0                        01010000D   1985
     110       0       0       1       0                               0D   1986
     102    2708       0       0       0                        01010500D   1987
     102       0       0       1       0                               0D   1988
     102    2709       0       0       0                        01010000D   1989
     102       0       0       1       0                               0D   1990
     142    2710       0       0       0                        00010500D   1991
     142       0       0       1       0                               0D   1992
     144    2711       0       0       0                        00000000D   1993
     144       0   -1961       1       0                               0D   1994
     314    2712       0       0       0                        00000200D   1995
     314       0       3       1       0                               0D   1996
     128    2713       0       0       0                        01010000D   1997
     128       0       0       4       0                               0D   1998
     126    2717       0       0       0                        01010500D   1999
     126       0       0      44       0                               0D   2000
     124    2761       0       0       0                        00000000D   2001
     124       0       0       5       0                               0D   2002
     100    2766       0       0       0            2001        01010000D   2003
     100       0       0       1       0                               0D   2004
     126    2767       0       0       0                        01010500D   2005
     126       0       0      44       0                               0D   2006
     124    2811       0       0       0                        00000000D   2007
     124       0       0       5       0                               0D   2008
     100    2816       0       0       0            2007        01010000D   2009
     100       0       0       1       0                               0D   2010
     102    2817       0       0       0                        01010500D   2011
     102       0       0       1       0                               0D   2012
     102    2818       0       0       0                        01010000D   2013
     102       0       0       1       0                               0D   2014
     142    2819       0       0       0                        00010500D   2015
     142       0       0       1       0                               0D   2016
     126    2820       0       0       0                        01010500D   2017
     126       0       0      22       0                               0D   2018
     100    2842       0       0       0                        01010000D   2019
     100       0       0       1       0                               0D   2020
     126    2843       0       0       0                        01010500D   2021
     126       0       0      22       0                               0D   2022
     100    2865       0       0       0                        01010000D   2023
     100       0       0       1       0                               0D   2024
     102    2866       0       0       0                        01010500D   2025
     102       0       0       1       0                               0D   2026
     102    2867       0       0       0                        01010000D   2027
     102       0       0       1       0                               0D   2028
     142    2868       0       0       0                        00010500D   2029
     142       0       0       1       0                               0D   2030
     144    2869       0       0       0                        00000000D   2031
     144       0   -1995       1       0                               0D   2032
     314    2870       0       0       0                        00000200D   2033
     314       0       3       1       0                               0D   2034
     110    2871       0       0       0                        01010000D   2035
     110       0       0       1       0                               0D   2036
     110    2872       0       0       0                        01010000D   2037
     110       0       0       1       0                               0D   2038
     120    2873       0       0       0                        01010000D   2039
     120       0       0       1       0                               0D   2040
     126    2874       0       0       0                        01010500D   2041
     126       0       0       2       0                               0D   2042
     110    2876       0       0       0                        01010000D   2043
     110       0       0       1       0                               0D   2044
     126    2877       0       0       0                        01010500D   2045
     126       0       0       2       0                               0D   2046
     124    2879       0       0       0                        00000000D   2047
     124       0       0       5       0                               0D   2048
     100    2884       0       0       0            2047        01010000D   2049
     100       0       0       1       0                               0D   2050
     126    2885       0       0       0                        01010500D   2051
     126       0       0       2       0                               0D   2052
     110    2887       0       0       0                        01010000D   2053
     110       0       0       1       0                               0D   2054
     126    2888       0       0       0                        01010500D   2055
     126       0       0       2       0                               0D   2056
     100    2890       0       0       0                        01010000D   2057
     100       0       0       1       0                               0D   2058
     102    2891       0       0       0                        01010500D   2059
     102       0       0       1       0                               0D   2060
     102    2892       0       0       0                        01010000D   2061
     102       0       0       1       0                               0D   2062
     142    2893       0       0       0                        00010500D   2063
     142       0       0       1       0                               0D   2064
     144    2894       0       0       0                        00000000D   2065
     144       0   -2033       1       0                               0D   2066
     314    2895       0       0       0                        00000200D   2067
     314       0       7       1       0                               0D   2068
     110    2896       0       0       0                        01010000D   2069
     110       0       0       1       0                               0D   2070
     110    2897       0       0       0                        01010000D   2071
     110       0       0       1       0                               0D   2072
     120    2898       0       0       0                        01010000D   2073
     120       0       0       1       0                               0D   2074
     126    2899       0       0       0                        01010500D   2075
     126       0       0       2       0                               0D   2076
     124    2901       0       0       0                        00000000D   2077
     124       0       0       5       0                               0D   2078
     100    2906       0       0       0            2077        01010000D   2079
     100       0       0       1       0                               0D   2080
     126    2907       0       0       0                        01010500D   2081
     126       0       0       2       0                               0D   2082
     110    2909       0       0       0                        01010000D   2083
     110       0       0       1       0                               0D   2084
     126    2910       0       0       0                        01010500D   2085
     126       0       0       2       0                               0D   2086
     124    2912       0       0       0                        00000000D   2087
     124       0       0       4       0                               0D   2088
     100    2916       0       0       0            2087        01010000D   2089
     100       0       0       1       0                               0D   2090
     126    2917       0       0       0                        01010500D   2091
     126       0       0       2       0                               0D   2092
     110    2919       0       0       0                        01010000D   2093
     110       0       0       1       0                               0D   2094
     102    2920       0       0       0                        01010500D   2095
     102       0       0       1       0                               0D   2096
     102    2921       0       0       0                        01010000D   2097
     102       0       0       1       0                               0D   2098
     142    2922       0       0       0                        00010500D   2099
     142       0       0       1       0                               0D   2100
     144    2923       0       0       0                        00000000D   2101
     144       0   -2067       1       0                               0D   2102
     314    2924       0       0       0                        00000200D   2103
     314       0       7       1       0                               0D   2104
     110    2925       0       0       0                        01010000D   2105
     110       0       0       1       0                               0D   2106
     110    2926       0       0       0                        01010000D   2107
     110       0       0       1       0                               0D   2108
     120    2927       0       0       0                        01010000D   2109
     120       0       0       1       0                               0D   2110
     126    2928       0       0       0                        01010500D   2111
     126       0       0       2       0                               0D   2112
     110    2930       0       0       0                        01010000D   2113
     110       0       0       1       0                               0D   2114
     126    2931       0       0       0                        01010500D   2115
     126       0       0       2       0                               0D   2116
     124    2933       0       0       0                        00000000D   2117
     124       0       0       5       0                               0D   2118
     100    2938       0       0       0            2117        01010000D   2119
     100       0       0       1       0                               0D   2120
     126    2939       0       0       0                        01010500D   2121
     126       0       0       2       0                               0D   2122
     110    2941       0       0       0                        01010000D   2123
     110       0       0       1       0                               0D   2124
     126    2942       0       0       0                        01010500D   2125
     126       0       0       2       0                               0D   2126
     124    2944       0       0       0                        00000000D   2127
     124       0       0       5       0                               0D   2128
     100    2949       0       0       0            2127        01010000D   2129
     100       0       0       1       0                               0D   2130
     102    2950       0       0       0                        01010500D   2131
     102       0       0       1       0                               0D   2132
     102    2951       0       0       0                        01010000D   2133
     102       0       0       1       0                               0D   2134
     142    2952       0       0       0                        00010500D   2135
     142       0       0       1       0                               0D   2136
     144    2953       0       0       0                        00000000D   2137
     144       0   -2103       1       0                               0D   2138
     314    2954       0       0       0                        00000200D   2139
     314       0       6       1       0                               0D   2140
     110    2955       0       0       0                        01010000D   2141
     110       0       0       1       0                               0D   2142
     110    2956       0       0       0                        01010000D   2143
     110       0       0       2       0                               0D   2144
     120    2958       0       0       0                        01010000D   2145
     120       0       0       1       0                               0D   2146
     126    2959       0       0       0                        01010500D   2147
     126       0       0       2       0                               0D   2148
     110    2961       0       0       0                        01010000D   2149
     110       0       0       2       0                               0D   2150
     126    2963       0       0       0                        01010500D   2151
     126       0       0       2       0                               0D   2152
     124    2965       0       0       0                        00000000D   2153
     124       0       0       5       0                               0D   2154
     100    2970       0       0       0            2153        01010000D   2155
     100       0       0       1       0                               0D   2156
     126    2971       0       0       0                        01010500D   2157
     126       0       0       2       0                               0D   2158
     110    2973       0       0       0                        01010000D   2159
     110       0       0       2       0                               0D   2160
     126    2975       0       0       0                        01010500D   2161
     126       0       0       2       0                               0D   2162
     100    2977       0       0       0                        01010000D   2163
     100       0       0       2       0                               0D   2164
     102    2979       0       0       0                        01010500D   2165
     102       0       0       1       0                               0D   2166
     102    2980       0       0       0                        01010000D   2167
     102       0       0       1       0                               0D   2168
     142    2981       0       0       0                        00010500D   2169
     142       0       0       1       0                               0D   2170
     144    2982       0       0       0                        00000000D   2171
     144       0   -2139       1       0                               0D   2172
     314    2983       0       0       0                        00000200D   2173
     314       0       6       1       0                               0D   2174
     110    2984       0       0       0                        01010000D   2175
     110       0       0       1       0                               0D   2176
     110    2985       0       0       0                        01010000D   2177
     110       0       0       2       0                               0D   2178
     120    2987       0       0       0                        01010000D   2179
     120       0       0       1       0                               0D   2180
     126    2988       0       0       0                        01010500D   2181
     126       0       0       2       0                               0D   2182
     124    2990       0       0       0                        00000000D   2183
     124       0       0       5       0                               0D   2184
     100    2995       0       0       0            2183        01010000D   2185
     100       0       0       1       0                               0D   2186
     126    2996       0       0       0                        01010500D   2187
     126       0       0       2       0                               0D   2188
     110    2998       0       0       0                        01010000D   2189
     110       0       0       2       0                               0D   2190
     126    3000       0       0       0                        01010500D   2191
     126       0       0       2       0                               0D   2192
     100    3002       0       0       0                        01010000D   2193
     100       0       0       2       0                               0D   2194
     126    3004       0       0       0                        01010500D   2195
     126       0       0       2       0                               0D   2196
     110    3006       0       0       0                        01010000D   2197
     110       0       0       2       0                               0D   2198
     102    3008       0       0       0                        01010500D   2199
     102       0       0       1       0                               0D   2200
     102    3009       0       0       0                        01010000D   2201
     102       0       0       1       0                               0D   2202
     142    3010       0       0       0                        00010500D   2203
     142       0       0       1       0                               0D   2204
     144    3011       0       0       0                        00000000D   2205
     144       0   -2173       1       0                               0D   2206
     314    3012       0       0       0                        00000200D   2207
     314       0       6       1       0                               0D   2208
     128    3013       0       0       0                        01010000D   2209
     128       0       0       4       0                               0D   2210
     126    3017       0       0       0                        01010500D   2211
     126       0       0      44       0                               0D   2212
     124    3061       0       0       0                        00000000D   2213
     124       0       0       5       0                               0D   2214
     100    3066       0       0       0            2213        01010000D   2215
     100       0       0       1       0                               0D   2216
     126    3067       0       0       0                        01010500D   2217
     126       0       0      44       0                               0D   2218
     124    3111       0       0       0                        00000000D   2219
     124       0       0       5       0                               0D   2220
     100    3116       0       0       0            2219        01010000D   2221
     100       0       0       1       0                               0D   2222
     102    3117       0       0       0                        01010500D   2223
     102       0       0       1       0                               0D   2224
     102    3118       0       0       0                        01010000D   2225
     102       0       0       1       0                               0D   2226
     142    3119       0       0       0                        00010500D   2227
     142       0       0       1       0                               0D   2228
     126    3120       0       0       0                        01010500D   2229
     126       0       0      22       0                               0D   2230
     100    3142       0       0       0                        01010000D   2231
     100       0       0       2       0                               0D   2232
     126    3144       0       0       0                        01010500D   2233
     126       0       0      22       0                               0D   2234
     100    3166       0       0       0                        01010000D   2235
     100       0       0       2       0                               0D   2236
     102    3168       0       0       0                        01010500D   2237
     102       0       0       1       0                               0D   2238
     102    3169       0       0       0                        01010000D   2239
     102       0       0       1       0                               0D   2240
     142    3170       0       0       0                        00010500D   2241
     142       0       0       1       0                               0D   2242
     144    3171       0       0       0                        00000000D   2243
     144       0   -2207       1       0                               0D   2244
     314    3172       0       0       0                        00000200D   2245
     314       0       8       1       0                               0D   2246
     128    3173       0       0       0                        01010000D   2247
     128       0       0      26       0                               0D   2248
     126    3199       0       0       0                        01010500D   2249
     126       0       0       2       0                               0D   2250
     124    3201       0       0       0                        00000000D   2251
     124       0       0       4       0                               0D   2252
     100    3205       0       0       0            2251        01010000D   2253
     100       0       0       1       0                               0D   2254
     126    3206       0       0       0                        01010500D   2255
     126       0       0       2       0                               0D   2256
     124    3208       0       0       0                        00000000D   2257
     124       0       0       5       0                               0D   2258
     100    3213       0       0       0            2257        01010000D   2259
     100       0       0       1       0                               0D   2260
     126    3214       0       0       0                        01010500D   2261
     126       0       0       2       0                               0D   2262
     124    3216       0       0       0                        00000000D   2263
     124       0       0       4       0                               0D   2264
     100    3220       0       0       0            2263        01010000D   2265
     100       0       0       1       0                               0D   2266
     126    3221       0       0       0                        01010500D   2267
     126       0       0       2       0                               0D   2268
     100    3223       0       0       0                        01010000D   2269
     100       0       0       1       0                               0D   2270
     102    3224       0       0       0                        01010500D   2271
     102       0       0       1       0                               0D   2272
     102    3225       0       0       0                        01010000D   2273
     102       0       0       1       0                               0D   2274
     142    3226       0       0       0                        00010500D   2275
     142       0       0       1       0                               0D   2276
     144    3227       0       0       0                        00000000D   2277
     144       0   -2245       1       0                               0D   2278
     314    3228       0       0       0                        00000200D   2279
     314       0       8       1       0                               0D   2280
     128    3229       0       0       0                        01010000D   2281
     128       0       0      26       0                               0D   2282
     126    3255       0       0       0                        01010500D   2283
     126       0       0       2       0                               0D   2284
     124    3257       0       0       0                        00000000D   2285
     124       0       0       2       0                               0D   2286
     100    3259       0       0       0            2285        01010000D   2287
     100       0       0       1       0                               0D   2288
     126    3260       0       0       0                        01010500D   2289
     126       0       0       2       0                               0D   2290
     124    3262       0       0       0                        00000000D   2291
     124       0       0       5       0                               0D   2292
     100    3267       0       0       0            2291        01010000D   2293
     100       0       0       1       0                               0D   2294
     126    3268       0       0       0                        01010500D   2295
     126       0       0       2       0                               0D   2296
     124    3270       0       0       0                        00000000D   2297
     124       0       0       5       0                               0D   2298
     100    3275       0       0       0            2297        01010000D   2299
     100       0       0       1       0                               0D   2300
     126    3276       0       0       0                        01010500D   2301
     126       0       0       2       0                               0D   2302
     100    3278       0       0       0                        01010000D   2303
     100       0       0       1       0                               0D   2304
     102    3279       0       0       0                        01010500D   2305
     102       0       0       1       0                               0D   2306
     102    3280       0       0       0                        01010000D   2307
     102       0       0       1       0                               0D   2308
     142    3281       0       0       0                        00010500D   2309
     142       0       0       1       0                               0D   2310
     144    3282       0       0       0                        00000000D   2311
     144       0   -2279       1       0                               0D   2312
     314    3283       0       0       0                        00000200D   2313
     314       0       8       1       0                               0D   2314
     128    3284       0       0       0                        01010000D   2315
     128       0       0      25       0                               0D   2316
     126    3309       0       0       0                        01010500D   2317
     126       0       0       2       0                               0D   2318
     100    3311       0       0       0                        01010000D   2319
     100       0       0       1       0                               0D   2320
     126    3312       0       0       0                        01010500D   2321
     126       0       0       2       0                               0D   2322
     124    3314       0       0       0                        00000000D   2323
     124       0       0       4       0                               0D   2324
     100    3318       0       0       0            2323        01010000D   2325
     100       0       0       1       0                               0D   2326
     126    3319       0       0       0                        01010500D   2327
     126       0       0       2       0                               0D   2328
     124    3321       0       0       0                        00000000D   2329
     124       0       0       5       0                               0D   2330
     100    3326       0       0       0            2329        01010000D   2331
     100       0       0       1       0                               0D   2332
     126    3327       0       0       0                        01010500D   2333
     126       0       0       2       0                               0D   2334
     124    3329       0       0       0                        00000000D   2335
     124       0       0       4       0                               0D   2336
     100    3333       0       0       0            2335        01010000D   2337
     100       0       0       1       0                               0D   2338
     102    3334       0       0       0                        01010500D   2339
     102       0       0       1       0                               0D   2340
     102    3335       0       0       0                        01010000D   2341
     102       0       0       1       0                               0D   2342
     142    3336       0       0       0                        00010500D   2343
     142       0       0       1       0                               0D   2344
     144    3337       0       0       0                        00000000D   2345
     144       0   -2313       1       0                               0D   2346
     314    3338       0       0       0                        00000200D   2347
     314       0       8       1       0                               0D   2348
     128    3339       0       0       0                        01010000D   2349
     128       0       0      26       0                               0D   2350
     126    3365       0       0       0                        01010500D   2351
     126       0       0       2       0                               0D   2352
     100    3367       0       0       0                        01010000D   2353
     100       0       0       1       0                               0D   2354
     126    3368       0       0       0                        01010500D   2355
     126       0       0       2       0                               0D   2356
     124    3370       0       0       0                        00000000D   2357
     124       0       0       5       0                               0D   2358
     100    3375       0       0       0            2357        01010000D   2359
     100       0       0       1       0                               0D   2360
     126    3376       0       0       0                        01010500D   2361
     126       0       0       2       0                               0D   2362
     124    3378       0       0       0                        00000000D   2363
     124       0       0       4       0                               0D   2364
     100    3382       0       0       0            2363        01010000D   2365
     100       0       0       1       0                               0D   2366
     126    3383       0       0       0                        01010500D   2367
     126       0       0       2       0                               0D   2368
     124    3385       0       0       0                        00000000D   2369
     124       0       0       4       0                               0D   2370
     100    3389       0       0       0            2369        01010000D   2371
     100       0       0       1       0                               0D   2372
     102    3390       0       0       0                        01010500D   2373
     102       0       0       1       0                               0D   2374
     102    3391       0       0       0                        01010000D   2375
     102       0       0       1       0                               0D   2376
     142    3392       0       0       0                        00010500D   2377
     142       0       0       1       0                               0D   2378
     144    3393       0       0       0                        00000000D   2379
     144       0   -2347       1       0                               0D   2380
     314    3394       0       0       0                        00000200D   2381
     314       0       5       1       0                               0D   2382
     110    3395       0       0       0                        01010000D   2383
     110       0       0       1       0                               0D   2384
     110    3396       0       0       0                        01010000D   2385
     110       0       0       1       0                               0D   2386
     120    3397       0       0       0                        01010000D   2387
     120       0       0       1       0                               0D   2388
     126    3398       0       0       0                        01010500D   2389
     126       0       0       2       0                               0D   2390
     124    3400       0       0       0                        00000000D   2391
     124       0       0       3       0                               0D   2392
     100    3403       0       0       0            2391        01010000D   2393
     100       0       0       1       0                               0D   2394
     126    3404       0       0       0                        01010500D   2395
     126       0       0       2       0                               0D   2396
     110    3406       0       0       0                        01010000D   2397
     110       0       0       1       0                               0D   2398
     126    3407       0       0       0                        01010500D   2399
     126       0       0       2       0                               0D   2400
     124    3409       0       0       0                        00000000D   2401
     124       0       0       3       0                               0D   2402
     100    3412       0       0       0            2401        01010000D   2403
     100       0       0       1       0                               0D   2404
     126    3413       0       0       0                        01010500D   2405
     126       0       0       2       0                               0D   2406
     110    3415       0       0       0                        01010000D   2407
     110       0       0       1       0                               0D   2408
     102    3416       0       0       0                        01010500D   2409
     102       0       0       1       0                               0D   2410
     102    3417       0       0       0                        01010000D   2411
     102       0       0       1       0                               0D   2412
     142    3418       0       0       0                        00010500D   2413
     142       0       0       1       0                               0D   2414
     144    3419       0       0       0                        00000000D   2415
     144       0   -2381       1       0                               0D   2416
     314    3420       0       0       0                        00000200D   2417
     314       0       5       1       0                               0D   2418
     128    3421       0       0       0                        01010000D   2419
     128       0       0       3       0                               0D   2420
     126    3424       0       0       0                        01010500D   2421
     126       0       0      22       0                               0D   2422
     124    3446       0       0       0                        00000000D   2423
     124       0       0       3       0                               0D   2424
     100    3449       0       0       0            2423        01010000D   2425
     100       0       0       1       0                               0D   2426
     126    3450       0       0       0                        01010500D   2427
     126       0       0      22       0                               0D   2428
     124    3472       0       0       0                        00000000D   2429
     124       0       0       3       0                               0D   2430
     100    3475       0       0       0            2429        01010000D   2431
     100       0       0       1       0                               0D   2432
     102    3476       0       0       0                        01010500D   2433
     102       0       0       1       0                               0D   2434
     102    3477       0       0       0                        01010000D   2435
     102       0       0       1       0                               0D   2436
     142    3478       0       0       0                        00010500D   2437
     142       0       0       1       0                               0D   2438
     144    3479       0       0       0                        00000000D   2439
     144       0   -2417       1       0                               0D   2440
     314    3480       0       0       0                        00000200D   2441
     314       0       5       1       0                               0D   2442
     110    3481       0       0       0                        01010000D   2443
     110       0       0       1       0                               0D   2444
     110    3482       0       0       0                        01010000D   2445
     110       0       0       1       0                               0D   2446
     120    3483       0       0       0                        01010000D   2447
     120       0       0       1       0                               0D   2448
     126    3484       0       0       0                        01010500D   2449
     126       0       0       2       0                               0D   2450
     110    3486       0       0       0                        01010000D   2451
     110       0       0       1       0                               0D   2452
     126    3487       0       0       0                        01010500D   2453
     126       0       0       2       0                               0D   2454
     124    3489       0       0       0                        00000000D   2455
     124       0       0       3       0                               0D   2456
     100    3492       0       0       0            2455        01010000D   2457
     100       0       0       1       0                               0D   2458
     126    3493       0       0       0                        01010500D   2459
     126       0       0       2       0                               0D   2460
     110    3495       0       0       0                        01010000D   2461
     110       0       0       1       0                               0D   2462
     126    3496       0       0       0                        01010500D   2463
     126       0       0       2       0                               0D   2464
     124    3498       0       0       0                        00000000D   2465
     124       0       0       3       0                               0D   2466
     100    3501       0       0       0            2465        01010000D   2467
     100       0       0       1       0                               0D   2468
     102    3502       0       0       0                        01010500D   2469
     102       0       0       1       0                               0D   2470
     102    3503       0       0       0                        01010000D   2471
     102       0       0       1       0                               0D   2472
     142    3504       0       0       0                        00010500D   2473
     142       0       0       1       0                               0D   2474
     144    3505       0       0       0                        00000000D   2475
     144       0   -2441       1       0                               0D   2476
     314    3506       0       0       0                        00000200D   2477
     314       0       5       1       0                               0D   2478
     110    3507       0       0       0                        01010000D   2479
     110       0       0       2       0                               0D   2480
     110    3509       0       0       0                        01010000D   2481
     110       0       0       2       0                               0D   2482
     120    3511       0       0       0                        01010000D   2483
     120       0       0       1       0                               0D   2484
     126    3512       0       0       0                        01010500D   2485
     126       0       0       2       0                               0D   2486
     110    3514       0       0       0                        01010000D   2487
     110       0       0       2       0                               0D   2488
     126    3516       0       0       0                        01010500D   2489
     126       0       0       2       0                               0D   2490
     124    3518       0       0       0                        00000000D   2491
     124       0       0       4       0                               0D   2492
     100    3522       0       0       0            2491        01010000D   2493
     100       0       0       2       0                               0D   2494
     126    3524       0       0       0                        01010500D   2495
     126       0       0       2       0                               0D   2496
     110    3526       0       0       0                        01010000D   2497
     110       0       0       2       0                               0D   2498
     126    3528       0       0       0                        01010500D   2499
     126       0       0       2       0                               0D   2500
     124    3530       0       0       0                        00000000D   2501
     124       0       0       4       0                               0D   2502
     100    3534       0       0       0            2501        01010000D   2503
     100       0       0       2       0                               0D   2504
     102    3536       0       0       0                        01010500D   2505
     102       0       0       1       0                               0D   2506
     102    3537       0       0       0                        01010000D   2507
     102       0       0       1       0                               0D   2508
     142    3538       0       0       0                        00010500D   2509
     142       0       0       1       0                               0D   2510
     144    3539       0       0       0                        00000000D   2511
     144       0   -2477       1       0                               0D   2512
     314    3540       0       0       0                        00000200D   2513
     314       0       5       1       0                               0D   2514
     110    3541       0       0       0                        01010000D   2515
     110       0       0       2       0                               0D   2516
     110    3543       0       0       0                        01010000D   2517
     110       0       0       2       0                               0D   2518
     120    3545       0       0       0                        01010000D   2519
     120       0       0       1       0                               0D   2520
     126    3546       0       0       0                        01010500D   2521
     126       0       0       2       0                               0D   2522
     124    3548       0       0       0                        00000000D   2523
     124       0       0       4       0                               0D   2524
     100    3552       0       0       0            2523        01010000D   2525
     100       0       0       2       0                               0D   2526
     126    3554       0       0       0                        01010500D   2527
     126       0       0       2       0                               0D   2528
     110    3556       0       0       0                        01010000D   2529
     110       0       0       2       0                               0D   2530
     126    3558       0       0       0                        01010500D   2531
     126       0       0       2       0                               0D   2532
     124    3560       0       0       0                        00000000D   2533
     124       0       0       4       0                               0D   2534
     100    3564       0       0       0            2533        01010000D   2535
     100       0       0       2       0                               0D   2536
     126    3566       0       0       0                        01010500D   2537
     126       0       0       2       0                               0D   2538
     110    3568       0       0       0                        01010000D   2539
     110       0       0       2       0                               0D   2540
     102    3570       0       0       0                        01010500D   2541
     102       0       0       1       0                               0D   2542
     102    3571       0       0       0                        01010000D   2543
     102       0       0       1       0                               0D   2544
     142    3572       0       0       0                        00010500D   2545
     142       0       0       1       0                               0D   2546
     144    3573       0       0       0                        00000000D   2547
     144       0   -2513       1       0                               0D   2548
     128    3574       0       0       0                        01010000D   2549
     128       0       0       3       0                               0D   2550
     126    3577       0       0       0                        01010500D   2551
     126       0       0       2       0                               0D   2552
     110    3579       0       0       0                        01010000D   2553
     110       0       0       1       0                               0D   2554
     126    3580       0       0       0                        01010500D   2555
     126       0       0       2       0                               0D   2556
     110    3582       0       0       0                        01010000D   2557
     110       0       0       2       0                               0D   2558
     126    3584       0       0       0                        01010500D   2559
     126       0       0       2       0                               0D   2560
     110    3586       0       0       0                        01010000D   2561
     110       0       0       1       0                               0D   2562
     126    3587       0       0       0                        01010500D   2563
     126       0       0       2       0                               0D   2564
     110    3589       0       0       0                        01010000D   2565
     110       0       0       1       0                               0D   2566
     102    3590       0       0       0                        01010500D   2567
     102       0       0       1       0                               0D   2568
     102    3591       0       0       0                        01010000D   2569
     102       0       0       1       0                               0D   2570
     142    3592       0       0       0                        00010500D   2571
     142       0       0       1       0                               0D   2572
     144    3593       0       0       0                        00000000D   2573
     144       0      -1       1       0                               0D   2574
     128    3594       0       0       0                        01010000D   2575
     128       0       0       3       0                               0D   2576
     126    3597       0       0       0                        01010500D   2577
     126       0       0       2       0                               0D   2578
     110    3599       0       0       0                        01010000D   2579
     110       0       0       1       0                               0D   2580
     126    3600       0       0       0                        01010500D   2581
     126       0       0       2       0                               0D   2582
     110    3602       0       0       0                        01010000D   2583
     110       0       0       1       0                               0D   2584
     126    3603       0       0       0                        01010500D   2585
     126       0       0       2       0                               0D   2586
     110    3605       0       0       0                        01010000D   2587
     110       0       0       1       0                               0D   2588
     126    3606       0       0       0                        01010500D   2589
     126       0       0       2       0                               0D   2590
     110    3608       0       0       0                        01010000D   2591
     110       0       0       1       0                               0D   2592
     102    3609       0       0       0                        01010500D   2593
     102       0       0       1       0                               0D   2594
     102    3610       0       0       0                        01010000D   2595
     102       0       0       1       0                               0D   2596
     142    3611       0       0       0                        00010500D   2597
     142       0       0       1       0                               0D   2598
     144    3612       0       0       0                        00000000D   2599
     144       0      -1       1       0                               0D   2600
     128    3613       0       0       0                        01010000D   2601
     128       0       0       4       0                               0D   2602
     126    3617       0       0       0                        01010500D   2603
     126       0       0       2       0                               0D   2604
     110    3619       0       0       0                        01010000D   2605
     110       0       0       2       0                               0D   2606
     126    3621       0       0       0                        01010500D   2607
     126       0       0       2       0                               0D   2608
     110    3623       0       0       0                        01010000D   2609
     110       0       0       2       0                               0D   2610
     126    3625       0       0       0                        01010500D   2611
     126       0       0       2       0                               0D   2612
     110    3627       0       0       0                        01010000D   2613
     110       0       0       1       0                               0D   2614
     126    3628       0       0       0                        01010500D   2615
     126       0       0       2       0                               0D   2616
     110    3630       0       0       0                        01010000D   2617
     110       0       0       1       0                               0D   2618
     102    3631       0       0       0                        01010500D   2619
     102       0       0       1       0                               0D   2620
     102    3632       0       0       0                        01010000D   2621
     102       0       0       1       0                               0D   2622
     142    3633       0       0       0                        00010500D   2623
     142       0       0       1       0                               0D   2624
     144    3634       0       0       0                        00000000D   2625
     144       0      -1       1       0                               0D   2626
     314    3635       0       0       0                        00000200D   2627
     314       0       5       1       0                               0D   2628
     110    3636       0       0       0                        01010000D   2629
     110       0       0       2       0                               0D   2630
     110    3638       0       0       0                        01010000D   2631
     110       0       0       2       0                               0D   2632
     120    3640       0       0       0                        01010000D   2633
     120       0       0       1       0                               0D   2634
     126    3641       0       0       0                        01010500D   2635
     126       0       0       2       0                               0D   2636
     124    3643       0       0       0                        00000000D   2637
     124       0       0       4       0                               0D   2638
     100    3647       0       0       0            2637        01010000D   2639
     100       0       0       2       0                               0D   2640
     126    3649       0       0       0                        01010500D   2641
     126       0       0       2       0                               0D   2642
     110    3651       0       0       0                        01010000D   2643
     110       0       0       2       0                               0D   2644
     126    3653       0       0       0                        01010500D   2645
     126       0       0       2       0                               0D   2646
     124    3655       0       0       0                        00000000D   2647
     124       0       0       4       0                               0D   2648
     100    3659       0       0       0            2647        01010000D   2649
     100       0       0       2       0                               0D   2650
     126    3661       0       0       0                        01010500D   2651
     126       0       0       2       0                               0D   2652
     110    3663       0       0       0                        01010000D   2653
     110       0       0       2       0                               0D   2654
     102    3665       0       0       0                        01010500D   2655
     102       0       0       1       0                               0D   2656
     102    3666       0       0       0                        01010000D   2657
     102       0       0       1       0                               0D   2658
     142    3667       0       0       0                        00010500D   2659
     142       0       0       1       0                               0D   2660
     144    3668       0       0       0                        00000000D   2661
     144       0   -2627       1       0                               0D   2662
     314    3669       0       0       0                        00000200D   2663
     314       0       5       1       0                               0D   2664
     110    3670       0       0       0                        01010000D   2665
     110       0       0       2       0                               0D   2666
     110    3672       0       0       0                        01010000D   2667
     110       0       0       2       0                               0D   2668
     120    3674       0       0       0                        01010000D   2669
     120       0       0       1       0                               0D   2670
     126    3675       0       0       0                        01010500D   2671
     126       0       0       2       0                               0D   2672
     110    3677       0       0       0                        01010000D   2673
     110       0       0       2       0                               0D   2674
     126    3679       0       0       0                        01010500D   2675
     126       0       0       2       0                               0D   2676
     124    3681       0       0       0                        00000000D   2677
     124       0       0       4       0                               0D   2678
     100    3685       0       0       0            2677        01010000D   2679
     100       0       0       2       0                               0D   2680
     126    3687       0       0       0                        01010500D   2681
     126       0       0       2       0                               0D   2682
     110    3689       0       0       0                        01010000D   2683
     110       0       0       2       0                               0D   2684
     126    3691       0       0       0                        01010500D   2685
     126       0       0       2       0                               0D   2686
     124    3693       0       0       0                        00000000D   2687
     124       0       0       4       0                               0D   2688
     100    3697       0       0       0            2687        01010000D   2689
     100       0       0       2       0                               0D   2690
     102    3699       0       0       0                        01010500D   2691
     102       0       0       1       0                               0D   2692
     102    3700       0       0       0                        01010000D   2693
     102       0       0       1       0                               0D   2694
     142    3701       0       0       0                        00010500D   2695
     142       0       0       1       0                               0D   2696
     144    3702       0       0       0                        00000000D   2697
     144       0   -2663       1       0                               0D   2698
     314    3703       0       0       0                        00000200D   2699
     314       0       5       1       0                               0D   2700
     110    3704       0       0       0                        01010000D   2701
     110       0       0       2       0                               0D   2702
     110    3706       0       0       0                        01010000D   2703
     110       0       0       2       0                               0D   2704
     120    3708       0       0       0                        01010000D   2705
     120       0       0       1       0                               0D   2706
     126    3709       0       0       0                        01010500D   2707
     126       0       0       2       0                               0D   2708
     124    3711       0       0       0                        00000000D   2709
     124       0       0       4       0                               0D   2710
     100    3715       0       0       0            2709        01010000D   2711
     100       0       0       2       0                               0D   2712
     126    3717       0       0       0                        01010500D   2713
     126       0       0       2       0                               0D   2714
     110    3719       0       0       0                        01010000D   2715
     110       0       0       1       0                               0D   2716
     126    3720       0       0       0                        01010500D   2717
     126       0       0       2       0                               0D   2718
     124    3722       0       0       0                        00000000D   2719
     124       0       0       4       0                               0D   2720
     100    3726       0       0       0            2719        01010000D   2721
     100       0       0       2       0                               0D   2722
     126    3728       0       0       0                        01010500D   2723
     126       0       0       2       0                               0D   2724
     110    3730       0       0       0                        01010000D   2725
     110       0       0       2       0                               0D   2726
     102    3732       0       0       0                        01010500D   2727
     102       0       0       1       0                               0D   2728
     102    3733       0       0       0                        01010000D   2729
     102       0       0       1       0                               0D   2730
     142    3734       0       0       0                        00010500D   2731
     142       0       0       1       0                               0D   2732
     144    3735       0       0       0                        00000000D   2733
     144       0   -2699       1       0                               0D   2734
     314    3736       0       0       0                        00000200D   2735
     314       0       5       1       0                               0D   2736
     110    3737       0       0       0                        01010000D   2737
     110       0       0       2       0                               0D   2738
     110    3739       0       0       0                        01010000D   2739
     110       0       0       2       0                               0D   2740
     120    3741       0       0       0                        01010000D   2741
     120       0       0       1       0                               0D   2742
     126    3742       0       0       0                        01010500D   2743
     126       0       0       2       0                               0D   2744
     124    3744       0       0       0                        00000000D   2745
     124       0       0       4       0                               0D   2746
     100    3748       0       0       0            2745        01010000D   2747
     100       0       0       2       0                               0D   2748
     126    3750       0       0       0                        01010500D   2749
     126       0       0       2       0                               0D   2750
     110    3752       0       0       0                        01010000D   2751
     110       0       0       2       0                               0D   2752
     126    3754       0       0       0                        01010500D   2753
     126       0       0       2       0                               0D   2754
     124    3756       0       0       0                        00000000D   2755
     124       0       0       4       0                               0D   2756
     100    3760       0       0       0            2755        01010000D   2757
     100       0       0       2       0                               0D   2758
     126    3762       0       0       0                        01010500D   2759
     126       0       0       2       0                               0D   2760
     110    3764       0       0       0                        01010000D   2761
     110       0       0       1       0                               0D   2762
     102    3765       0       0       0                        01010500D   2763
     102       0       0       1       0                               0D   2764
     102    3766       0       0       0                        01010000D   2765
     102       0       0       1       0                               0D   2766
     142    3767       0       0       0                        00010500D   2767
     142       0       0       1       0                               0D   2768
     144    3768       0       0       0                        00000000D   2769
     144       0   -2735       1       0                               0D   2770
     314    3769       0       0       0                        00000200D   2771
     314       0       5       1       0                               0D   2772
     110    3770       0       0       0                        01010000D   2773
     110       0       0       2       0                               0D   2774
     110    3772       0       0       0                        01010000D   2775
     110       0       0       2       0                               0D   2776
     120    3774       0       0       0                        01010000D   2777
     120       0       0       1       0                               0D   2778
     126    3775       0       0       0                        01010500D   2779
     126       0       0       2       0                               0D   2780
     124    3777       0       0       0                        00000000D   2781
     124       0       0       4       0                               0D   2782
     100    3781       0       0       0            2781        01010000D   2783
     100       0       0       2       0                               0D   2784
     126    3783       0       0       0                        01010500D   2785
     126       0       0       2       0                               0D   2786
     110    3785       0       0       0                        01010000D   2787
     110       0       0       2       0                               0D   2788
     126    3787       0       0       0                        01010500D   2789
     126       0       0       2       0                               0D   2790
     124    3789       0       0       0                        00000000D   2791
     124       0       0       5       0                               0D   2792
     100    3794       0       0       0            2791        01010000D   2793
     100       0       0       2       0                               0D   2794
     126    3796       0       0       0                        01010500D   2795
     126       0       0       2       0                               0D   2796
     110    3798       0       0       0                        01010000D   2797
     110       0       0       2       0                               0D   2798
     102    3800       0       0       0                        01010500D   2799
     102       0       0       1       0                               0D   2800
     102    3801       0       0       0                        01010000D   2801
     102       0       0       1       0                               0D   2802
     142    3802       0       0       0                        00010500D   2803
     142       0       0       1       0                               0D   2804
     144    3803       0       0       0                        00000000D   2805
     144       0   -2771       1       0                               0D   2806
     314    3804       0       0       0                        00000200D   2807
     314       0       5       1       0                               0D   2808
     110    3805       0       0       0                        01010000D   2809
     110       0       0       2       0                               0D   2810
     110    3807       0       0       0                        01010000D   2811
     110       0       0       2       0                               0D   2812
     120    3809       0       0       0                        01010000D   2813
     120       0       0       1       0                               0D   2814
     126    3810       0       0       0                        01010500D   2815
     126       0       0       2       0                               0D   2816
     124    3812       0       0       0                        00000000D   2817
     124       0       0       5       0                               0D   2818
     100    3817       0       0       0            2817        01010000D   2819
     100       0       0       2       0                               0D   2820
     126    3819       0       0       0                        01010500D   2821
     126       0       0       2       0                               0D   2822
     110    3821       0       0       0                        01010000D   2823
     110       0       0       2       0                               0D   2824
     126    3823       0       0       0                        01010500D   2825
     126       0       0       2       0                               0D   2826
     124    3825       0       0       0                        00000000D   2827
     124       0       0       4       0                               0D   2828
     100    3829       0       0       0            2827        01010000D   2829
     100       0       0       2       0                               0D   2830
     126    3831       0       0       0                        01010500D   2831
     126       0       0       2       0                               0D   2832
     110    3833       0       0       0                        01010000D   2833
     110       0       0       2       0                               0D   2834
     102    3835       0       0       0                        01010500D   2835
     102       0       0       1       0                               0D   2836
     102    3836       0       0       0                        01010000D   2837
     102       0       0       1       0                               0D   2838
     142    3837       0       0       0                        00010500D   2839
     142       0       0       1       0                               0D   2840
     144    3838       0       0       0                        00000000D   2841
     144       0   -2807       1       0                               0D   2842
     314    3839       0       0       0                        00000200D   2843
     314       0       5       1       0                               0D   2844
     110    3840       0       0       0                        01010000D   2845
     110       0       0       2       0                               0D   2846
     110    3842       0       0       0                        01010000D   2847
     110       0       0       2       0                               0D   2848
     120    3844       0       0       0                        01010000D   2849
     120       0       0       1       0                               0D   2850
     126    3845       0       0       0                        01010500D   2851
     126       0       0       2       0                               0D   2852
     124    3847       0       0       0                        00000000D   2853
     124       0       0       4       0                               0D   2854
     100    3851       0       0       0            2853        01010000D   2855
     100       0       0       2       0                               0D   2856
     126    3853       0       0       0                        01010500D   2857
     126       0       0       2       0                               0D   2858
     110    3855       0       0       0                        01010000D   2859
     110       0       0       2       0                               0D   2860
     126    3857       0       0       0                        01010500D   2861
     126       0       0       2       0                               0D   2862
     124    3859       0       0       0                        00000000D   2863
     124       0       0       4       0                               0D   2864
     100    3863       0       0       0            2863        01010000D   2865
     100       0       0       2       0                               0D   2866
     126    3865       0       0       0                        01010500D   2867
     126       0       0       2       0                               0D   2868
     110    3867       0       0       0                        01010000D   2869
     110       0       0       2       0                               0D   2870
     102    3869       0       0       0                        01010500D   2871
     102       0       0       1       0                               0D   2872
     102    3870       0       0       0                        01010000D   2873
     102       0       0       1       0                               0D   2874
     142    3871       0       0       0                        00010500D   2875
     142       0       0       1       0                               0D   2876
     144    3872       0       0       0                        00000000D   2877
     144       0   -2843       1       0                               0D   2878
     314    3873       0       0       0                        00000200D   2879
     314       0       5       1       0                               0D   2880
     110    3874       0       0       0                        01010000D   2881
     110       0       0       2       0                               0D   2882
     110    3876       0       0       0                        01010000D   2883
     110       0       0       2       0                               0D   2884
     120    3878       0       0       0                        01010000D   2885
     120       0       0       1       0                               0D   2886
     126    3879       0       0       0                        01010500D   2887
     126       0       0       2       0                               0D   2888
     124    3881       0       0       0                        00000000D   2889
     124       0       0       4       0                               0D   2890
     100    3885       0       0       0            2889        01010000D   2891
     100       0       0       2       0                               0D   2892
     126    3887       0       0       0                        01010500D   2893
     126       0       0       2       0                               0D   2894
     110    3889       0       0       0                        01010000D   2895
     110       0       0       2       0                               0D   2896
     126    3891       0       0       0                        01010500D   2897
     126       0       0       2       0                               0D   2898
     124    3893       0       0       0                        00000000D   2899
     124       0       0       4       0                               0D   2900
     100    3897       0       0       0            2899        01010000D   2901
     100       0       0       2       0                               0D   2902
     126    3899       0       0       0                        01010500D   2903
     126       0       0       2       0                               0D   2904
     110    3901       0       0       0                        01010000D   2905
     110       0       0       2       0                               0D   2906
     102    3903       0       0       0                        01010500D   2907
     102       0       0       1       0                               0D   2908
     102    3904       0       0       0                        01010000D   2909
     102       0       0       1       0                               0D   2910
     142    3905       0       0       0                        00010500D   2911
     142       0       0       1       0                               0D   2912
     144    3906       0       0       0                        00000000D   2913
     144       0   -2879       1       0                               0D   2914
     314    3907       0       0       0                        00000200D   2915
     314       0       5       1       0                               0D   2916
     110    3908       0       0       0                        01010000D   2917
     110       0       0       2       0                               0D   2918
     110    3910       0       0       0                        01010000D   2919
     110       0       0       2       0                               0D   2920
     120    3912       0       0       0                        01010000D   2921
     120       0       0       1       0                               0D   2922
     126    3913       0       0       0                        01010500D   2923
     126       0       0       2       0                               0D   2924
     124    3915       0       0       0                        00000000D   2925
     124       0       0       4       0                               0D   2926
     100    3919       0       0       0            2925        01010000D   2927
     100       0       0       2       0                               0D   2928
     126    3921       0       0       0                        01010500D   2929
     126       0       0       2       0                               0D   2930
     110    3923       0       0       0                        01010000D   2931
     110       0       0       2       0                               0D   2932
     126    3925       0       0       0                        01010500D   2933
     126       0       0       2       0                               0D   2934
     124    3927       0       0       0                        00000000D   2935
     124       0       0       4       0                               0D   2936
     100    3931       0       0       0            2935        01010000D   2937
     100       0       0       2       0                               0D   2938
     126    3933       0       0       0                        01010500D   2939
     126       0       0       2       0                               0D   2940
     110    3935       0       0       0                        01010000D   2941
     110       0       0       2       0                               0D   2942
     102    3937       0       0       0                        01010500D   2943
     102       0       0       1       0                               0D   2944
     102    3938       0       0       0                        01010000D   2945
     102       0       0       1       0                               0D   2946
     142    3939       0       0       0                        00010500D   2947
     142       0       0       1       0                               0D   2948
     144    3940       0       0       0                        00000000D   2949
     144       0   -2915       1       0                               0D   2950
     314    3941       0       0       0                        00000200D   2951
     314       0       5       1       0                               0D   2952
     110    3942       0       0       0                        01010000D   2953
     110       0       0       2       0                               0D   2954
     110    3944       0       0       0                        01010000D   2955
     110       0       0       2       0                               0D   2956
     120    3946       0       0       0                        01010000D   2957
     120       0       0       1       0                               0D   2958
     126    3947       0       0       0                        01010500D   2959
     126       0       0       2       0                               0D   2960
     124    3949       0       0       0                        00000000D   2961
     124       0       0       4       0                               0D   2962
     100    3953       0       0       0            2961        01010000D   2963
     100       0       0       2       0                               0D   2964
     126    3955       0       0       0                        01010500D   2965
     126       0       0       2       0                               0D   2966
     110    3957       0       0       0                        01010000D   2967
     110       0       0       2       0                               0D   2968
     126    3959       0       0       0                        01010500D   2969
     126       0       0       2       0                               0D   2970
     124    3961       0       0       0                        00000000D   2971
     124       0       0       4       0                               0D   2972
     100    3965       0       0       0            2971        01010000D   2973
     100       0       0       2       0                               0D   2974
     126    3967       0       0       0                        01010500D   2975
     126       0       0       2       0                               0D   2976
     110    3969       0       0       0                        01010000D   2977
     110       0       0       2       0                               0D   2978
     102    3971       0       0       0                        01010500D   2979
     102       0       0       1       0                               0D   2980
     102    3972       0       0       0                        01010000D   2981
     102       0       0       1       0                               0D   2982
     142    3973       0       0       0                        00010500D   2983
     142       0       0       1       0                               0D   2984
     144    3974       0       0       0                        00000000D   2985
     144       0   -2951       1       0                               0D   2986
     314    3975       0       0       0                        00000200D   2987
     314       0       5       1       0                               0D   2988
     110    3976       0       0       0                        01010000D   2989
     110       0       0       2       0                               0D   2990
     110    3978       0       0       0                        01010000D   2991
     110       0       0       2       0                               0D   2992
     120    3980       0       0       0                        01010000D   2993
     120       0       0       1       0                               0D   2994
     126    3981       0       0       0                        01010500D   2995
     126       0       0       2       0                               0D   2996
     124    3983       0       0       0                        00000000D   2997
     124       0       0       4       0                               0D   2998
     100    3987       0       0       0            2997        01010000D   2999
     100       0       0       2       0                               0D   3000
     126    3989       0       0       0                        01010500D   3001
     126       0       0       2       0                               0D   3002
     110    3991       0       0       0                        01010000D   3003
     110       0       0       2       0                               0D   3004
     126    3993       0       0       0                        01010500D   3005
     126       0       0       2       0                               0D   3006
     124    3995       0       0       0                        00000000D   3007
     124       0       0       4       0                               0D   3008
     100    3999       0       0       0            3007        01010000D   3009
     100       0       0       2       0                               0D   3010
     126    4001       0       0       0                        01010500D   3011
     126       0       0       2       0                               0D   3012
     110    4003       0       0       0                        01010000D   3013
     110       0       0       2       0                               0D   3014
     102    4005       0       0       0                        01010500D   3015
     102       0       0       1       0                               0D   3016
     102    4006       0       0       0                        01010000D   3017
     102       0       0       1       0                               0D   3018
     142    4007       0       0       0                        00010500D   3019
     142       0       0       1       0                               0D   3020
     144    4008       0       0       0                        00000000D   3021
     144       0   -2987       1       0                               0D   3022
     314    4009       0       0       0                        00000200D   3023
     314       0       5       1       0                               0D   3024
     128    4010       0       0       0                        01010000D   3025
     128       0       0       4       0                               0D   3026
     126    4014       0       0       0                        01010500D   3027
     126       0       0       2       0                               0D   3028
     110    4016       0       0       0                        01010000D   3029
     110       0       0       2       0                               0D   3030
     126    4018       0       0       0                        01010500D   3031
     126       0       0       2       0                               0D   3032
     110    4020       0       0       0                        01010000D   3033
     110       0       0       2       0                               0D   3034
     126    4022       0       0       0                        01010500D   3035
     126       0       0       2       0                               0D   3036
     110    4024       0       0       0                        01010000D   3037
     110       0       0       2       0                               0D   3038
     126    4026       0       0       0                        01010500D   3039
     126       0       0       2       0                               0D   3040
     110    4028       0       0       0                        01010000D   3041
     110       0       0       2       0                               0D   3042
     102    4030       0       0       0                        01010500D   3043
     102       0       0       1       0                               0D   3044
     102    4031       0       0       0                        01010000D   3045
     102       0       0       1       0                               0D   3046
     142    4032       0       0       0                        00010500D   3047
     142       0       0       1       0                               0D   3048
     144    4033       0       0       0                        00000000D   3049
     144       0   -3023       1       0                               0D   3050
     128    4034       0       0       0                        01010000D   3051
     128       0       0       4       0                               0D   3052
     126    4038       0       0       0                        01010500D   3053
     126       0       0       2       0                               0D   3054
     110    4040       0       0       0                        01010000D   3055
     110       0       0       2       0                               0D   3056
     126    4042       0       0       0                        01010500D   3057
     126       0       0       2       0                               0D   3058
     110    4044       0       0       0                        01010000D   3059
     110       0       0       2       0                               0D   3060
     126    4046       0       0       0                        01010500D   3061
     126       0       0       2       0                               0D   3062
     110    4048       0       0       0                        01010000D   3063
     110       0       0       2       0                               0D   3064
     102    4050       0       0       0                        01010500D   3065
     102       0       0       1       0                               0D   3066
     102    4051       0       0       0                        01010000D   3067
     102       0       0       1       0                               0D   3068
     142    4052       0       0       0                        00010500D   3069
     142       0       0       1       0                               0D   3070
     144    4053       0       0       0                        00000000D   3071
     144       0      -1       1       0                               0D   3072
     128    4054       0       0       0                        01010000D   3073
     128       0       0       4       0                               0D   3074
     126    4058       0       0       0                        01010500D   3075
     126       0       0       2       0                               0D   3076
     110    4060       0       0       0                        01010000D   3077
     110       0       0       1       0                               0D   3078
     126    4061       0       0       0                        01010500D   3079
     126       0       0       2       0                               0D   3080
     110    4063       0       0       0                        01010000D   3081
     110       0       0       2       0                               0D   3082
     126    4065       0       0       0                        01010500D   3083
     126       0       0       2       0                               0D   3084
     110    4067       0       0       0                        01010000D   3085
     110       0       0       1       0                               0D   3086
     102    4068       0       0       0                        01010500D   3087
     102       0       0       1       0                               0D   3088
     102    4069       0       0       0                        01010000D   3089
     102       0       0       1       0                               0D   3090
     142    4070       0       0       0                        00010500D   3091
     142       0       0       1       0                               0D   3092
     144    4071       0       0       0                        00000000D   3093
     144       0      -1       1       0                               0D   3094
     128    4072       0       0       0                        01010000D   3095
     128       0       0       4       0                               0D   3096
     126    4076       0       0       0                        01010500D   3097
     126       0       0       2       0                               0D   3098
     110    4078       0       0       0                        01010000D   3099
     110       0       0       2       0                               0D   3100
     126    4080       0       0       0                        01010500D   3101
     126       0       0       2       0                               0D   3102
     110    4082       0       0       0                        01010000D   3103
     110       0       0       2       0                               0D   3104
     126    4084       0       0       0                        01010500D   3105
     126       0       0       2       0                               0D   3106
     110    4086       0       0       0                        01010000D   3107
     110       0       0       2       0                               0D   3108
     102    4088       0       0       0                        01010500D   3109
     102       0       0       1       0                               0D   3110
     102    4089       0       0       0                        01010000D   3111
     102       0       0       1       0                               0D   3112
     142    4090       0       0       0                        00010500D   3113
     142       0       0       1       0                               0D   3114
     144    4091       0       0       0                        00000000D   3115
     144       0      -1       1       0                               0D   3116
     128    4092       0       0       0                        01010000D   3117
     128       0       0       4       0                               0D   3118
     126    4096       0       0       0                        01010500D   3119
     126       0       0       2       0                               0D   3120
     110    4098       0       0       0                        01010000D   3121
     110       0       0       1       0                               0D   3122
     126    4099       0       0       0                        01010500D   3123
     126       0       0       2       0                               0D   3124
     110    4101       0       0       0                        01010000D   3125
     110       0       0       1       0                               0D   3126
     126    4102       0       0       0                        01010500D   3127
     126       0       0       2       0                               0D   3128
     110    4104       0       0       0                        01010000D   3129
     110       0       0       2       0                               0D   3130
     102    4106       0       0       0                        01010500D   3131
     102       0       0       1       0                               0D   3132
     102    4107       0       0       0                        01010000D   3133
     102       0       0       1       0                               0D   3134
     142    4108       0       0       0                        00010500D   3135
     142       0       0       1       0                               0D   3136
     144    4109       0       0       0                        00000000D   3137
     144       0      -1       1       0                               0D   3138
     128    4110       0       0       0                        01010000D   3139
     128       0       0       3       0                               0D   3140
     126    4113       0       0       0                        01010500D   3141
     126       0       0       2       0                               0D   3142
     110    4115       0       0       0                        01010000D   3143
     110       0       0       1       0                               0D   3144
     126    4116       0       0       0                        01010500D   3145
     126       0       0      11       0                               0D   3146
     124    4127       0       0       0                        00000000D   3147
     124       0       0       4       0                               0D   3148
     100    4131       0       0       0            3147        01010000D   3149
     100       0       0       1       0                               0D   3150
     126    4132       0       0       0                        01010500D   3151
     126       0       0       2       0                               0D   3152
     110    4134       0       0       0                        01010000D   3153
     110       0       0       1       0                               0D   3154
     126    4135       0       0       0                        01010500D   3155
     126       0       0       2       0                               0D   3156
     110    4137       0       0       0                        01010000D   3157
     110       0       0       1       0                               0D   3158
     126    4138       0       0       0                        01010500D   3159
     126       0       0       2       0                               0D   3160
     110    4140       0       0       0                        01010000D   3161
     110       0       0       1       0                               0D   3162
     126    4141       0       0       0                        01010500D   3163
     126       0       0       2       0                               0D   3164
     110    4143       0       0       0                        01010000D   3165
     110       0       0       1       0                               0D   3166
     102    4144       0       0       0                        01010500D   3167
     102       0       0       1       0                               0D   3168
     102    4145       0       0       0                        01010000D   3169
     102       0       0       1       0                               0D   3170
     142    4146       0       0       0                        00010500D   3171
     142       0       0       1       0                               0D   3172
     144    4147       0       0       0                        00000000D   3173
     144       0      -1       1       0                               0D   3174
     128    4148       0       0       0                        01010000D   3175
     128       0       0       3       0                               0D   3176
     126    4151       0       0       0                        01010500D   3177
     126       0       0       2       0                               0D   3178
     110    4153       0       0       0                        01010000D   3179
     110       0       0       1       0                               0D   3180
     126    4154       0       0       0                        01010500D   3181
     126       0       0       2       0                               0D   3182
     110    4156       0       0       0                        01010000D   3183
     110       0       0       1       0                               0D   3184
     126    4157       0       0       0                        01010500D   3185
     126       0       0       2       0                               0D   3186
     110    4159       0       0       0                        01010000D   3187
     110       0       0       1       0                               0D   3188
     126    4160       0       0       0                        01010500D   3189
     126       0       0       2       0                               0D   3190
     110    4162       0       0       0                        01010000D   3191
     110       0       0       1       0                               0D   3192
     102    4163       0       0       0                        01010500D   3193
     102       0       0       1       0                               0D   3194
     102    4164       0       0       0                        01010000D   3195
     102       0       0       1       0                               0D   3196
     142    4165       0       0       0                        00010500D   3197
     142       0       0       1       0                               0D   3198
     144    4166       0       0       0                        00000000D   3199
     144       0      -1       1       0                               0D   3200
     110    4167       0       0       0                        01010000D   3201
     110       0       0       2       0                               0D   3202
     110    4169       0       0       0                        01010000D   3203
     110       0       0       1       0                               0D   3204
     120    4170       0       0       0                        01010000D   3205
     120       0       0       1       0                               0D   3206
     126    4171       0       0       0                        01010500D   3207
     126       0       0       2       0                               0D   3208
     110    4173       0       0       0                        01010000D   3209
     110       0       0       1       0                               0D   3210
     126    4174       0       0       0                        01010500D   3211
     126       0       0       2       0                               0D   3212
     100    4176       0       0       0                        01010000D   3213
     100       0       0       2       0                               0D   3214
     126    4178       0       0       0                        01010500D   3215
     126       0       0       2       0                               0D   3216
     110    4180       0       0       0                        01010000D   3217
     110       0       0       1       0                               0D   3218
     126    4181       0       0       0                        01010500D   3219
     126       0       0       2       0                               0D   3220
     124    4183       0       0       0                        00000000D   3221
     124       0       0       5       0                               0D   3222
     100    4188       0       0       0            3221        01010000D   3223
     100       0       0       2       0                               0D   3224
     102    4190       0       0       0                        01010500D   3225
     102       0       0       1       0                               0D   3226
     102    4191       0       0       0                        01010000D   3227
     102       0       0       1       0                               0D   3228
     142    4192       0       0       0                        00010500D   3229
     142       0       0       1       0                               0D   3230
     144    4193       0       0       0                        00000000D   3231
     144       0      -1       1       0                               0D   3232
     128    4194       0       0       0                        01010000D   3233
     128       0       0       3       0                               0D   3234
     126    4197       0       0       0                        01010500D   3235
     126       0       0      11       0                               0D   3236
     124    4208       0       0       0                        00000000D   3237
     124       0       0       5       0                               0D   3238
     100    4213       0       0       0            3237        01010000D   3239
     100       0       0       2       0                               0D   3240
     126    4215       0       0       0                        01010500D   3241
     126       0       0       2       0                               0D   3242
     110    4217       0       0       0                        01010000D   3243
     110       0       0       1       0                               0D   3244
     126    4218       0       0       0                        01010500D   3245
     126       0       0       2       0                               0D   3246
     110    4220       0       0       0                        01010000D   3247
     110       0       0       1       0                               0D   3248
     126    4221       0       0       0                        01010500D   3249
     126       0       0       2       0                               0D   3250
     110    4223       0       0       0                        01010000D   3251
     110       0       0       1       0                               0D   3252
     102    4224       0       0       0                        01010500D   3253
     102       0       0       1       0                               0D   3254
     102    4225       0       0       0                        01010000D   3255
     102       0       0       1       0                               0D   3256
     142    4226       0       0       0                        00010500D   3257
     142       0       0       1       0                               0D   3258
     144    4227       0       0       0                        00000000D   3259
     144       0      -1       1       0                               0D   3260
     128    4228       0       0       0                        01010000D   3261
     128       0       0      13       0                               0D   3262
     126    4241       0       0       0                        01010500D   3263
     126       0       0       2       0                               0D   3264
     126    4243       0       0       0                        01010000D   3265
     126       0       0       5       0                               0D   3266
     126    4248       0       0       0                        01010500D   3267
     126       0       0       2       0                               0D   3268
     110    4250       0       0       0                        01010000D   3269
     110       0       0       1       0                               0D   3270
     126    4251       0       0       0                        01010500D   3271
     126       0       0       2       0                               0D   3272
     126    4253       0       0       0                        01010000D   3273
     126       0       0      11       0                               0D   3274
     126    4264       0       0       0                        01010500D   3275
     126       0       0       2       0                               0D   3276
     110    4266       0       0       0                        01010000D   3277
     110       0       0       2       0                               0D   3278
     126    4268       0       0       0                        01010500D   3279
     126       0       0       2       0                               0D   3280
     126    4270       0       0       0                        01010000D   3281
     126       0       0       5       0                               0D   3282
     126    4275       0       0       0                        01010500D   3283
     126       0       0       2       0                               0D   3284
     110    4277       0       0       0                        01010000D   3285
     110       0       0       1       0                               0D   3286
     126    4278       0       0       0                        01010500D   3287
     126       0       0       2       0                               0D   3288
     126    4280       0       0       0                        01010000D   3289
     126       0       0       8       0                               0D   3290
     126    4288       0       0       0                        01010500D   3291
     126       0       0       2       0                               0D   3292
     110    4290       0       0       0                        01010000D   3293
     110       0       0       1       0                               0D   3294
     102    4291       0       0       0                        01010500D   3295
     102       0       0       1       0                               0D   3296
     102    4292       0       0       0                        01010000D   3297
     102       0       0       1       0                               0D   3298
     142    4293       0       0       0                        00010500D   3299
     142       0       0       1       0                               0D   3300
     144    4294       0       0       0                        00000000D   3301
     144       0      -1       1       0                               0D   3302
     128    4295       0       0       0                        01010000D   3303
     128       0       0       3       0                               0D   3304
     126    4298       0       0       0                        01010500D   3305
     126       0       0      11       0                               0D   3306
     124    4309       0       0       0                        00000000D   3307
     124       0       0       4       0                               0D   3308
     100    4313       0       0       0            3307        01010000D   3309
     100       0       0       1       0                               0D   3310
     126    4314       0       0       0                        01010500D   3311
     126       0       0       2       0                               0D   3312
     110    4316       0       0       0                        01010000D   3313
     110       0       0       1       0                               0D   3314
     126    4317       0       0       0                        01010500D   3315
     126       0       0       2       0                               0D   3316
     110    4319       0       0       0                        01010000D   3317
     110       0       0       1       0                               0D   3318
     126    4320       0       0       0                        01010500D   3319
     126       0       0       2       0                               0D   3320
     110    4322       0       0       0                        01010000D   3321
     110       0       0       1       0                               0D   3322
     102    4323       0       0       0                        01010500D   3323
     102       0       0       1       0                               0D   3324
     102    4324       0       0       0                        01010000D   3325
     102       0       0       1       0                               0D   3326
     142    4325       0       0       0                        00010500D   3327
     142       0       0       1       0                               0D   3328
     144    4326       0       0       0                        00000000D   3329
     144       0      -1       1       0                               0D   3330
     128    4327       0       0       0                        01010000D   3331
     128       0       0       3       0                               0D   3332
     126    4330       0       0       0                        01010500D   3333
     126       0       0       2       0                               0D   3334
     110    4332       0       0       0                        01010000D   3335
     110       0       0       1       0                               0D   3336
     126    4333       0       0       0                        01010500D   3337
     126       0       0       2       0                               0D   3338
     110    4335       0       0       0                        01010000D   3339
     110       0       0       1       0                               0D   3340
     126    4336       0       0       0                        01010500D   3341
     126       0       0       2       0                               0D   3342
     110    4338       0       0       0                        01010000D   3343
     110       0       0       1       0                               0D   3344
     126    4339       0       0       0                        01010500D   3345
     126       0       0       2       0                               0D   3346
     110    4341       0       0       0                        01010000D   3347
     110       0       0       1       0                               0D   3348
     102    4342       0       0       0                        01010500D   3349
     102       0       0       1       0                               0D   3350
     102    4343       0       0       0                        01010000D   3351
     102       0       0       1       0                               0D   3352
     142    4344       0       0       0                        00010500D   3353
     142       0       0       1       0                               0D   3354
     144    4345       0       0       0                        00000000D   3355
     144       0      -1       1       0                               0D   3356
     110    4346       0       0       0                        01010000D   3357
     110       0       0       1       0                               0D   3358
     110    4347       0       0       0                        01010000D   3359
     110       0       0       1       0                               0D   3360
     120    4348       0       0       0                        01010000D   3361
     120       0       0       1       0                               0D   3362
     126    4349       0       0       0                        01010500D   3363
     126       0       0       2       0                               0D   3364
     110    4351       0       0       0                        01010000D   3365
     110       0       0       1       0                               0D   3366
     126    4352       0       0       0                        01010500D   3367
     126       0       0       2       0                               0D   3368
     124    4354       0       0       0                        00000000D   3369
     124       0       0       4       0                               0D   3370
     100    4358       0       0       0            3369        01010000D   3371
     100       0       0       1       0                               0D   3372
     126    4359       0       0       0                        01010500D   3373
     126       0       0       2       0                               0D   3374
     110    4361       0       0       0                        01010000D   3375
     110       0       0       1       0                               0D   3376
     126    4362       0       0       0                        01010500D   3377
     126       0       0       2       0                               0D   3378
     124    4364       0       0       0                        00000000D   3379
     124       0       0       4       0                               0D   3380
     100    4368       0       0       0            3379        01010000D   3381
     100       0       0       1       0                               0D   3382
     102    4369       0       0       0                        01010500D   3383
     102       0       0       1       0                               0D   3384
     102    4370       0       0       0                        01010000D   3385
     102       0       0       1       0                               0D   3386
     142    4371       0       0       0                        00010500D   3387
     142       0       0       1       0                               0D   3388
     144    4372       0       0       0                        00000000D   3389
     144       0      -1       1       0                               0D   3390
     128    4373       0       0       0                        01010000D   3391
     128       0       0       3       0                               0D   3392
     126    4376       0       0       0                        01010500D   3393
     126       0       0       2       0                               0D   3394
     110    4378       0       0       0                        01010000D   3395
     110       0       0       1       0                               0D   3396
     126    4379       0       0       0                        01010500D   3397
     126       0       0      54       0                               0D   3398
     126    4433       0       0       0                        01010000D   3399
     126       0       0       8       0                               0D   3400
     126    4441       0       0       0                        01010500D   3401
     126       0       0       2       0                               0D   3402
     110    4443       0       0       0                        01010000D   3403
     110       0       0       1       0                               0D   3404
     126    4444       0       0       0                        01010500D   3405
     126       0       0       2       0                               0D   3406
     110    4446       0       0       0                        01010000D   3407
     110       0       0       1       0                               0D   3408
     126    4447       0       0       0                        01010500D   3409
     126       0       0       2       0                               0D   3410
     110    4449       0       0       0                        01010000D   3411
     110       0       0       1       0                               0D   3412
     126    4450       0       0       0                        01010500D   3413
     126       0       0       2       0                               0D   3414
     110    4452       0       0       0                        01010000D   3415
     110       0       0       2       0                               0D   3416
     126    4454       0       0       0                        01010500D   3417
     126       0       0       2       0                               0D   3418
     110    4456       0       0       0                        01010000D   3419
     110       0       0       1       0                               0D   3420
     102    4457       0       0       0                        01010500D   3421
     102       0       0       1       0                               0D   3422
     102    4458       0       0       0                        01010000D   3423
     102       0       0       1       0                               0D   3424
     142    4459       0       0       0                        00010500D   3425
     142       0       0       1       0                               0D   3426
     126    4460       0       0       0                        01010500D   3427
     126       0       0       2       0                               0D   3428
     110    4462       0       0       0                        01010000D   3429
     110       0       0       1       0                               0D   3430
     126    4463       0       0       0                        01010500D   3431
     126       0       0      12       0                               0D   3432
     124    4475       0       0       0                        00000000D   3433
     124       0       0       4       0                               0D   3434
     100    4479       0       0       0            3433        01010000D   3435
     100       0       0       1       0                               0D   3436
     126    4480       0       0       0                        01010500D   3437
     126       0       0       2       0                               0D   3438
     110    4482       0       0       0                        01010000D   3439
     110       0       0       1       0                               0D   3440
     126    4483       0       0       0                        01010500D   3441
     126       0       0      12       0                               0D   3442
     124    4495       0       0       0                        00000000D   3443
     124       0       0       4       0                               0D   3444
     100    4499       0       0       0            3443        01010000D   3445
     100       0       0       1       0                               0D   3446
     102    4500       0       0       0                        01010500D   3447
     102       0       0       1       0                               0D   3448
     102    4501       0       0       0                        01010000D   3449
     102       0       0       1       0                               0D   3450
     142    4502       0       0       0                        00010500D   3451
     142       0       0       1       0                               0D   3452
     144    4503       0       0       0                        00000000D   3453
     144       0      -1       1       0                               0D   3454
     128    4504       0       0       0                        01010000D   3455
     128       0       0       3       0                               0D   3456
     126    4507       0       0       0                        01010500D   3457
     126       0       0       2       0                               0D   3458
     110    4509       0       0       0                        01010000D   3459
     110       0       0       1       0                               0D   3460
     126    4510       0       0       0                        01010500D   3461
     126       0       0       2       0                               0D   3462
     110    4512       0       0       0                        01010000D   3463
     110       0       0       1       0                               0D   3464
     126    4513       0       0       0                        01010500D   3465
     126       0       0       2       0                               0D   3466
     110    4515       0       0       0                        01010000D   3467
     110       0       0       1       0                               0D   3468
     126    4516       0       0       0                        01010500D   3469
     126       0       0       2       0                               0D   3470
     110    4518       0       0       0                        01010000D   3471
     110       0       0       1       0                               0D   3472
     126    4519       0       0       0                        01010500D   3473
     126       0       0       2       0                               0D   3474
     110    4521       0       0       0                        01010000D   3475
     110       0       0       1       0                               0D   3476
     126    4522       0       0       0                        01010500D   3477
     126       0       0       2       0                               0D   3478
     110    4524       0       0       0                        01010000D   3479
     110       0       0       1       0                               0D   3480
     126    4525       0       0       0                        01010500D   3481
     126       0       0      11       0                               0D   3482
     124    4536       0       0       0                        00000000D   3483
     124       0       0       5       0                               0D   3484
     100    4541       0       0       0            3483        01010000D   3485
     100       0       0       2       0                               0D   3486
     126    4543       0       0       0                        01010500D   3487
     126       0       0       2       0                               0D   3488
     110    4545       0       0       0                        01010000D   3489
     110       0       0       1       0                               0D   3490
     126    4546       0       0       0                        01010500D   3491
     126       0       0       2       0                               0D   3492
     110    4548       0       0       0                        01010000D   3493
     110       0       0       1       0                               0D   3494
     126    4549       0       0       0                        01010500D   3495
     126       0       0       2       0                               0D   3496
     110    4551       0       0       0                        01010000D   3497
     110       0       0       1       0                               0D   3498
     126    4552       0       0       0                        01010500D   3499
     126       0       0       2       0                               0D   3500
     110    4554       0       0       0                        01010000D   3501
     110       0       0       1       0                               0D   3502
     102    4555       0       0       0                        01010500D   3503
     102       0       0       1       0                               0D   3504
     102    4556       0       0       0                        01010000D   3505
     102       0       0       1       0                               0D   3506
     142    4557       0       0       0                        00010500D   3507
     142       0       0       1       0                               0D   3508
     144    4558       0       0       0                        00000000D   3509
     144       0      -1       1       0                               0D   3510
     314    4559       0       0       0                        00000200D   3511
     314       0       5       1       0                               0D   3512
     128    4560       0       0       0                        01010000D   3513
     128       0       0       4       0                               0D   3514
     126    4564       0       0       0                        01010500D   3515
     126       0       0       2       0                               0D   3516
     110    4566       0       0       0                        01010000D   3517
     110       0       0       1       0                               0D   3518
     126    4567       0       0       0                        01010500D   3519
     126       0       0       2       0                               0D   3520
     110    4569       0       0       0                        01010000D   3521
     110       0       0       1       0                               0D   3522
     126    4570       0       0       0                        01010500D   3523
     126       0       0       2       0                               0D   3524
     110    4572       0       0       0                        01010000D   3525
     110       0       0       2       0                               0D   3526
     126    4574       0       0       0                        01010500D   3527
     126       0       0       2       0                               0D   3528
     110    4576       0       0       0                        01010000D   3529
     110       0       0       1       0                               0D   3530
     102    4577       0       0       0                        01010500D   3531
     102       0       0       1       0                               0D   3532
     102    4578       0       0       0                        01010000D   3533
     102       0       0       1       0                               0D   3534
     142    4579       0       0       0                        00010500D   3535
     142       0       0       1       0                               0D   3536
     144    4580       0       0       0                        00000000D   3537
     144       0   -3511       1       0                               0D   3538
     314    4581       0       0       0                        00000200D   3539
     314       0       5       1       0                               0D   3540
     128    4582       0       0       0                        01010000D   3541
     128       0       0       4       0                               0D   3542
     126    4586       0       0       0                        01010500D   3543
     126       0       0       4       0                               0D   3544
     124    4590       0       0       0                        00000000D   3545
     124       0       0       4       0                               0D   3546
     100    4594       0       0       0            3545        01010000D   3547
     100       0       0       2       0                               0D   3548
     126    4596       0       0       0                        01010500D   3549
     126       0       0       4       0                               0D   3550
     124    4600       0       0       0                        00000000D   3551
     124       0       0       4       0                               0D   3552
     100    4604       0       0       0            3551        01010000D   3553
     100       0       0       2       0                               0D   3554
     126    4606       0       0       0                        01010500D   3555
     126       0       0       3       0                               0D   3556
     124    4609       0       0       0                        00000000D   3557
     124       0       0       4       0                               0D   3558
     100    4613       0       0       0            3557        01010000D   3559
     100       0       0       2       0                               0D   3560
     126    4615       0       0       0                        01010500D   3561
     126       0       0       7       0                               0D   3562
     124    4622       0       0       0                        00000000D   3563
     124       0       0       4       0                               0D   3564
     100    4626       0       0       0            3563        01010000D   3565
     100       0       0       2       0                               0D   3566
     126    4628       0       0       0                        01010500D   3567
     126       0       0       7       0                               0D   3568
     124    4635       0       0       0                        00000000D   3569
     124       0       0       4       0                               0D   3570
     100    4639       0       0       0            3569        01010000D   3571
     100       0       0       2       0                               0D   3572
     126    4641       0       0       0                        01010500D   3573
     126       0       0       4       0                               0D   3574
     124    4645       0       0       0                        00000000D   3575
     124       0       0       4       0                               0D   3576
     100    4649       0       0       0            3575        01010000D   3577
     100       0       0       2       0                               0D   3578
     126    4651       0       0       0                        01010500D   3579
     126       0       0       4       0                               0D   3580
     124    4655       0       0       0                        00000000D   3581
     124       0       0       5       0                               0D   3582
     100    4660       0       0       0            3581        01010000D   3583
     100       0       0       2       0                               0D   3584
     126    4662       0       0       0                        01010500D   3585
     126       0       0       7       0                               0D   3586
     124    4669       0       0       0                        00000000D   3587
     124       0       0       4       0                               0D   3588
     100    4673       0       0       0            3587        01010000D   3589
     100       0       0       2       0                               0D   3590
     126    4675       0       0       0                        01010500D   3591
     126       0       0       7       0                               0D   3592
     124    4682       0       0       0                        00000000D   3593
     124       0       0       4       0                               0D   3594
     100    4686       0       0       0            3593        01010000D   3595
     100       0       0       2       0                               0D   3596
     126    4688       0       0       0                        01010500D   3597
     126       0       0       4       0                               0D   3598
     124    4692       0       0       0                        00000000D   3599
     124       0       0       4       0                               0D   3600
     100    4696       0       0       0            3599        01010000D   3601
     100       0       0       2       0                               0D   3602
     126    4698       0       0       0                        01010500D   3603
     126       0       0       4       0                               0D   3604
     124    4702       0       0       0                        00000000D   3605
     124       0       0       4       0                               0D   3606
     100    4706       0       0       0            3605        01010000D   3607
     100       0       0       2       0                               0D   3608
     126    4708       0       0       0                        01010500D   3609
     126       0       0       4       0                               0D   3610
     124    4712       0       0       0                        00000000D   3611
     124       0       0       4       0                               0D   3612
     100    4716       0       0       0            3611        01010000D   3613
     100       0       0       2       0                               0D   3614
     126    4718       0       0       0                        01010500D   3615
     126       0       0       3       0                               0D   3616
     124    4721       0       0       0                        00000000D   3617
     124       0       0       4       0                               0D   3618
     100    4725       0       0       0            3617        01010000D   3619
     100       0       0       2       0                               0D   3620
     126    4727       0       0       0                        01010500D   3621
     126       0       0       2       0                               0D   3622
     110    4729       0       0       0                        01010000D   3623
     110       0       0       2       0                               0D   3624
     126    4731       0       0       0                        01010500D   3625
     126       0       0       2       0                               0D   3626
     110    4733       0       0       0                        01010000D   3627
     110       0       0       1       0                               0D   3628
     126    4734       0       0       0                        01010500D   3629
     126       0       0       2       0                               0D   3630
     110    4736       0       0       0                        01010000D   3631
     110       0       0       1       0                               0D   3632
     126    4737       0       0       0                        01010500D   3633
     126       0       0       7       0                               0D   3634
     124    4744       0       0       0                        00000000D   3635
     124       0       0       4       0                               0D   3636
     100    4748       0       0       0            3635        01010000D   3637
     100       0       0       2       0                               0D   3638
     102    4750       0       0       0                        01010500D   3639
     102       0       0       2       0                               0D   3640
     102    4752       0       0       0                        01010000D   3641
     102       0       0       2       0                               0D   3642
     142    4754       0       0       0                        00010500D   3643
     142       0       0       1       0                               0D   3644
     144    4755       0       0       0                        00000000D   3645
     144       0   -3539       1       0                               0D   3646
     314    4756       0       0       0                        00000200D   3647
     314       0       5       1       0                               0D   3648
     110    4757       0       0       0                        01010000D   3649
     110       0       0       2       0                               0D   3650
     110    4759       0       0       0                        01010000D   3651
     110       0       0       2       0                               0D   3652
     120    4761       0       0       0                        01010000D   3653
     120       0       0       1       0                               0D   3654
     126    4762       0       0       0                        01010500D   3655
     126       0       0       2       0                               0D   3656
     110    4764       0       0       0                        01010000D   3657
     110       0       0       2       0                               0D   3658
     126    4766       0       0       0                        01010500D   3659
     126       0       0       2       0                               0D   3660
     124    4768       0       0       0                        00000000D   3661
     124       0       0       4       0                               0D   3662
     100    4772       0       0       0            3661        01010000D   3663
     100       0       0       2       0                               0D   3664
     126    4774       0       0       0                        01010500D   3665
     126       0       0       2       0                               0D   3666
     110    4776       0       0       0                        01010000D   3667
     110       0       0       2       0                               0D   3668
     126    4778       0       0       0                        01010500D   3669
     126       0       0       2       0                               0D   3670
     124    4780       0       0       0                        00000000D   3671
     124       0       0       4       0                               0D   3672
     100    4784       0       0       0            3671        01010000D   3673
     100       0       0       2       0                               0D   3674
     102    4786       0       0       0                        01010500D   3675
     102       0       0       1       0                               0D   3676
     102    4787       0       0       0                        01010000D   3677
     102       0       0       1       0                               0D   3678
     142    4788       0       0       0                        00010500D   3679
     142       0       0       1       0                               0D   3680
     144    4789       0       0       0                        00000000D   3681
     144       0   -3647       1       0                               0D   3682
     314    4790       0       0       0                        00000200D   3683
     314       0       5       1       0                               0D   3684
     128    4791       0       0       0                        01010000D   3685
     128       0       0       4       0                               0D   3686
     126    4795       0       0       0                        01010500D   3687
     126       0       0       7       0                               0D   3688
     124    4802       0       0       0                        00000000D   3689
     124       0       0       4       0                               0D   3690
     100    4806       0       0       0            3689        01010000D   3691
     100       0       0       2       0                               0D   3692
     126    4808       0       0       0                        01010500D   3693
     126       0       0       4       0                               0D   3694
     124    4812       0       0       0                        00000000D   3695
     124       0       0       4       0                               0D   3696
     100    4816       0       0       0            3695        01010000D   3697
     100       0       0       2       0                               0D   3698
     126    4818       0       0       0                        01010500D   3699
     126       0       0       4       0                               0D   3700
     124    4822       0       0       0                        00000000D   3701
     124       0       0       4       0                               0D   3702
     100    4826       0       0       0            3701        01010000D   3703
     100       0       0       2       0                               0D   3704
     126    4828       0       0       0                        01010500D   3705
     126       0       0       3       0                               0D   3706
     124    4831       0       0       0                        00000000D   3707
     124       0       0       4       0                               0D   3708
     100    4835       0       0       0            3707        01010000D   3709
     100       0       0       2       0                               0D   3710
     126    4837       0       0       0                        01010500D   3711
     126       0       0       7       0                               0D   3712
     124    4844       0       0       0                        00000000D   3713
     124       0       0       4       0                               0D   3714
     100    4848       0       0       0            3713        01010000D   3715
     100       0       0       2       0                               0D   3716
     126    4850       0       0       0                        01010500D   3717
     126       0       0       7       0                               0D   3718
     124    4857       0       0       0                        00000000D   3719
     124       0       0       4       0                               0D   3720
     100    4861       0       0       0            3719        01010000D   3721
     100       0       0       2       0                               0D   3722
     126    4863       0       0       0                        01010500D   3723
     126       0       0       4       0                               0D   3724
     124    4867       0       0       0                        00000000D   3725
     124       0       0       4       0                               0D   3726
     100    4871       0       0       0            3725        01010000D   3727
     100       0       0       2       0                               0D   3728
     126    4873       0       0       0                        01010500D   3729
     126       0       0       4       0                               0D   3730
     124    4877       0       0       0                        00000000D   3731
     124       0       0       5       0                               0D   3732
     100    4882       0       0       0            3731        01010000D   3733
     100       0       0       2       0                               0D   3734
     126    4884       0       0       0                        01010500D   3735
     126       0       0       7       0                               0D   3736
     124    4891       0       0       0                        00000000D   3737
     124       0       0       4       0                               0D   3738
     100    4895       0       0       0            3737        01010000D   3739
     100       0       0       2       0                               0D   3740
     126    4897       0       0       0                        01010500D   3741
     126       0       0       7       0                               0D   3742
     124    4904       0       0       0                        00000000D   3743
     124       0       0       4       0                               0D   3744
     100    4908       0       0       0            3743        01010000D   3745
     100       0       0       2       0                               0D   3746
     126    4910       0       0       0                        01010500D   3747
     126       0       0       4       0                               0D   3748
     124    4914       0       0       0                        00000000D   3749
     124       0       0       4       0                               0D   3750
     100    4918       0       0       0            3749        01010000D   3751
     100       0       0       2       0                               0D   3752
     126    4920       0       0       0                        01010500D   3753
     126       0       0       4       0                               0D   3754
     124    4924       0       0       0                        00000000D   3755
     124       0       0       4       0                               0D   3756
     100    4928       0       0       0            3755        01010000D   3757
     100       0       0       2       0                               0D   3758
     126    4930       0       0       0                        01010500D   3759
     126       0       0       4       0                               0D   3760
     124    4934       0       0       0                        00000000D   3761
     124       0       0       4       0                               0D   3762
     100    4938       0       0       0            3761        01010000D   3763
     100       0       0       2       0                               0D   3764
     126    4940       0       0       0                        01010500D   3765
     126       0       0       3       0                               0D   3766
     124    4943       0       0       0                        00000000D   3767
     124       0       0       4       0                               0D   3768
     100    4947       0       0       0            3767        01010000D   3769
     100       0       0       2       0                               0D   3770
     126    4949       0       0       0                        01010500D   3771
     126       0       0       2       0                               0D   3772
     110    4951       0       0       0                        01010000D   3773
     110       0       0       2       0                               0D   3774
     126    4953       0       0       0                        01010500D   3775
     126       0       0       2       0                               0D   3776
     110    4955       0       0       0                        01010000D   3777
     110       0       0       1       0                               0D   3778
     126    4956       0       0       0                        01010500D   3779
     126       0       0       2       0                               0D   3780
     110    4958       0       0       0                        01010000D   3781
     110       0       0       1       0                               0D   3782
     102    4959       0       0       0                        01010500D   3783
     102       0       0       2       0                               0D   3784
     102    4961       0       0       0                        01010000D   3785
     102       0       0       2       0                               0D   3786
     142    4963       0       0       0                        00010500D   3787
     142       0       0       1       0                               0D   3788
     144    4964       0       0       0                        00000000D   3789
     144       0   -3683       1       0                               0D   3790
     128    4965       0       0       0                        01010000D   3791
     128       0       0       4       0                               0D   3792
     126    4969       0       0       0                        01010500D   3793
     126       0       0       2       0                               0D   3794
     110    4971       0       0       0                        01010000D   3795
     110       0       0       1       0                               0D   3796
     126    4972       0       0       0                        01010500D   3797
     126       0       0       2       0                               0D   3798
     110    4974       0       0       0                        01010000D   3799
     110       0       0       2       0                               0D   3800
     126    4976       0       0       0                        01010500D   3801
     126       0       0       2       0                               0D   3802
     110    4978       0       0       0                        01010000D   3803
     110       0       0       2       0                               0D   3804
     126    4980       0       0       0                        01010500D   3805
     126       0       0       2       0                               0D   3806
     110    4982       0       0       0                        01010000D   3807
     110       0       0       1       0                               0D   3808
     102    4983       0       0       0                        01010500D   3809
     102       0       0       1       0                               0D   3810
     102    4984       0       0       0                        01010000D   3811
     102       0       0       1       0                               0D   3812
     142    4985       0       0       0                        00010500D   3813
     142       0       0       1       0                               0D   3814
     144    4986       0       0       0                        00000000D   3815
     144       0      -1       1       0                               0D   3816
     314    4987       0       0       0                        00000200D   3817
     314       0       0       1       0                               0D   3818
     110    4988       0       0       0                        01010000D   3819
     110       0       0       1       0                               0D   3820
     110    4989       0       0       0                        01010000D   3821
     110       0       0       2       0                               0D   3822
     120    4991       0       0       0                        01010000D   3823
     120       0       0       1       0                               0D   3824
     126    4992       0       0       0                        01010500D   3825
     126       0       0       2       0                               0D   3826
     124    4994       0       0       0                        00000000D   3827
     124       0       0       4       0                               0D   3828
     100    4998       0       0       0            3827        01010000D   3829
     100       0       0       1       0                               0D   3830
     126    4999       0       0       0                        01010500D   3831
     126       0       0       2       0                               0D   3832
     110    5001       0       0       0                        01010000D   3833
     110       0       0       1       0                               0D   3834
     126    5002       0       0       0                        01010500D   3835
     126       0       0      12       0                               0D   3836
     126    5014       0       0       0                        01010000D   3837
     126       0       0       7       0                               0D   3838
     126    5021       0       0       0                        01010500D   3839
     126       0       0      11       0                               0D   3840
     126    5032       0       0       0                        01010000D   3841
     126       0       0       5       0                               0D   3842
     126    5037       0       0       0                        01010500D   3843
     126       0       0      11       0                               0D   3844
     126    5048       0       0       0                        01010000D   3845
     126       0       0       8       0                               0D   3846
     126    5056       0       0       0                        01010500D   3847
     126       0       0       2       0                               0D   3848
     110    5058       0       0       0                        01010000D   3849
     110       0       0       1       0                               0D   3850
     102    5059       0       0       0                        01010500D   3851
     102       0       0       1       0                               0D   3852
     102    5060       0       0       0                        01010000D   3853
     102       0       0       1       0                               0D   3854
     142    5061       0       0       0                        00010500D   3855
     142       0       0       1       0                               0D   3856
     144    5062       0       0       0                        00000000D   3857
     144       0   -3817       1       0                               0D   3858
     314    5063       0       0       0                        00000200D   3859
     314       0       0       1       0                               0D   3860
     110    5064       0       0       0                        01010000D   3861
     110       0       0       1       0                               0D   3862
     110    5065       0       0       0                        01010000D   3863
     110       0       0       2       0                               0D   3864
     120    5067       0       0       0                        01010000D   3865
     120       0       0       1       0                               0D   3866
     126    5068       0       0       0                        01010500D   3867
     126       0       0       2       0                               0D   3868
     124    5070       0       0       0                        00000000D   3869
     124       0       0       4       0                               0D   3870
     100    5074       0       0       0            3869        01010000D   3871
     100       0       0       1       0                               0D   3872
     126    5075       0       0       0                        01010500D   3873
     126       0       0       2       0                               0D   3874
     110    5077       0       0       0                        01010000D   3875
     110       0       0       1       0                               0D   3876
     126    5078       0       0       0                        01010500D   3877
     126       0       0      12       0                               0D   3878
     126    5090       0       0       0                        01010000D   3879
     126       0       0       8       0                               0D   3880
     126    5098       0       0       0                        01010500D   3881
     126       0       0      11       0                               0D   3882
     126    5109       0       0       0                        01010000D   3883
     126       0       0       6       0                               0D   3884
     126    5115       0       0       0                        01010500D   3885
     126       0       0      11       0                               0D   3886
     126    5126       0       0       0                        01010000D   3887
     126       0       0       7       0                               0D   3888
     126    5133       0       0       0                        01010500D   3889
     126       0       0       2       0                               0D   3890
     110    5135       0       0       0                        01010000D   3891
     110       0       0       1       0                               0D   3892
     102    5136       0       0       0                        01010500D   3893
     102       0       0       1       0                               0D   3894
     102    5137       0       0       0                        01010000D   3895
     102       0       0       1       0                               0D   3896
     142    5138       0       0       0                        00010500D   3897
     142       0       0       1       0                               0D   3898
     144    5139       0       0       0                        00000000D   3899
     144       0   -3859       1       0                               0D   3900
     314    5140       0       0       0                        00000200D   3901
     314       0       0       1       0                               0D   3902
     110    5141       0       0       0                        01010000D   3903
     110       0       0       1       0                               0D   3904
     110    5142       0       0       0                        01010000D   3905
     110       0       0       2       0                               0D   3906
     120    5144       0       0       0                        01010000D   3907
     120       0       0       1       0                               0D   3908
     126    5145       0       0       0                        01010500D   3909
     126       0       0       2       0                               0D   3910
     124    5147       0       0       0                        00000000D   3911
     124       0       0       4       0                               0D   3912
     100    5151       0       0       0            3911        01010000D   3913
     100       0       0       2       0                               0D   3914
     126    5153       0       0       0                        01010500D   3915
     126       0       0       2       0                               0D   3916
     110    5155       0       0       0                        01010000D   3917
     110       0       0       2       0                               0D   3918
     126    5157       0       0       0                        01010500D   3919
     126       0       0       2       0                               0D   3920
     124    5159       0       0       0                        00000000D   3921
     124       0       0       4       0                               0D   3922
     100    5163       0       0       0            3921        01010000D   3923
     100       0       0       1       0                               0D   3924
     126    5164       0       0       0                        01010500D   3925
     126       0       0       2       0                               0D   3926
     110    5166       0       0       0                        01010000D   3927
     110       0       0       2       0                               0D   3928
     102    5168       0       0       0                        01010500D   3929
     102       0       0       1       0                               0D   3930
     102    5169       0       0       0                        01010000D   3931
     102       0       0       1       0                               0D   3932
     142    5170       0       0       0                        00010500D   3933
     142       0       0       1       0                               0D   3934
     144    5171       0       0       0                        00000000D   3935
     144       0   -3901       1       0                               0D   3936
     314    5172       0       0       0                        00000200D   3937
     314       0       0       1       0                               0D   3938
     128    5173       0       0       0                        01010000D   3939
     128       0       0      16       0                               0D   3940
     126    5189       0       0       0                        01010500D   3941
     126       0       0       2       0                               0D   3942
     124    5191       0       0       0                        00000000D   3943
     124       0       0       4       0                               0D   3944
     100    5195       0       0       0            3943        01010000D   3945
     100       0       0       2       0                               0D   3946
     126    5197       0       0       0                        01010500D   3947
     126       0       0       2       0                               0D   3948
     124    5199       0       0       0                        00000000D   3949
     124       0       0       4       0                               0D   3950
     100    5203       0       0       0            3949        01010000D   3951
     100       0       0       2       0                               0D   3952
     126    5205       0       0       0                        01010500D   3953
     126       0       0       2       0                               0D   3954
     124    5207       0       0       0                        00000000D   3955
     124       0       0       4       0                               0D   3956
     100    5211       0       0       0            3955        01010000D   3957
     100       0       0       1       0                               0D   3958
     126    5212       0       0       0                        01010500D   3959
     126       0       0       2       0                               0D   3960
     124    5214       0       0       0                        00000000D   3961
     124       0       0       4       0                               0D   3962
     100    5218       0       0       0            3961        01010000D   3963
     100       0       0       2       0                               0D   3964
     102    5220       0       0       0                        01010500D   3965
     102       0       0       1       0                               0D   3966
     102    5221       0       0       0                        01010000D   3967
     102       0       0       1       0                               0D   3968
     142    5222       0       0       0                        00010500D   3969
     142       0       0       1       0                               0D   3970
     144    5223       0       0       0                        00000000D   3971
     144       0   -3937       1       0                               0D   3972
     314    5224       0       0       0                        00000200D   3973
     314       0       0       1       0                               0D   3974
     128    5225       0       0       0                        01010000D   3975
     128       0       0       4       0                               0D   3976
     126    5229       0       0       0                        01010500D   3977
     126       0       0      22       0                               0D   3978
     124    5251       0       0       0                        00000000D   3979
     124       0       0       4       0                               0D   3980
     100    5255       0       0       0            3979        01010000D   3981
     100       0       0       1       0                               0D   3982
     126    5256       0       0       0                        01010500D   3983
     126       0       0      22       0                               0D   3984
     124    5278       0       0       0                        00000000D   3985
     124       0       0       4       0                               0D   3986
     100    5282       0       0       0            3985        01010000D   3987
     100       0       0       1       0                               0D   3988
     102    5283       0       0       0                        01010500D   3989
     102       0       0       1       0                               0D   3990
     102    5284       0       0       0                        01010000D   3991
     102       0       0       1       0                               0D   3992
     142    5285       0       0       0                        00010500D   3993
     142       0       0       1       0                               0D   3994
     144    5286       0       0       0                        00000000D   3995
     144       0   -3973       1       0                               0D   3996
     314    5287       0       0       0                        00000200D   3997
     314       0       0       1       0                               0D   3998
     128    5288       0       0       0                        01010000D   3999
     128       0       0      17       0                               0D   4000
     126    5305       0       0       0                        01010500D   4001
     126       0       0       2       0                               0D   4002
     124    5307       0       0       0                        00000000D   4003
     124       0       0       4       0                               0D   4004
     100    5311       0       0       0            4003        01010000D   4005
     100       0       0       2       0                               0D   4006
     126    5313       0       0       0                        01010500D   4007
     126       0       0       2       0                               0D   4008
     124    5315       0       0       0                        00000000D   4009
     124       0       0       4       0                               0D   4010
     100    5319       0       0       0            4009        01010000D   4011
     100       0       0       2       0                               0D   4012
     126    5321       0       0       0                        01010500D   4013
     126       0       0       2       0                               0D   4014
     124    5323       0       0       0                        00000000D   4015
     124       0       0       4       0                               0D   4016
     100    5327       0       0       0            4015        01010000D   4017
     100       0       0       2       0                               0D   4018
     126    5329       0       0       0                        01010500D   4019
     126       0       0       2       0                               0D   4020
     124    5331       0       0       0                        00000000D   4021
     124       0       0       4       0                               0D   4022
     100    5335       0       0       0            4021        01010000D   4023
     100       0       0       1       0                               0D   4024
     102    5336       0       0       0                        01010500D   4025
     102       0       0       1       0                               0D   4026
     102    5337       0       0       0                        01010000D   4027
     102       0       0       1       0                               0D   4028
     142    5338       0       0       0                        00010500D   4029
     142       0       0       1       0                               0D   4030
     144    5339       0       0       0                        00000000D   4031
     144       0   -3997       1       0                               0D   4032
     314    5340       0       0       0                        00000200D   4033
     314       0       0       1       0                               0D   4034
     110    5341       0       0       0                        01010000D   4035
     110       0       0       1       0                               0D   4036
     110    5342       0       0       0                        01010000D   4037
     110       0       0       2       0                               0D   4038
     120    5344       0       0       0                        01010000D   4039
     120       0       0       1       0                               0D   4040
     126    5345       0       0       0                        01010500D   4041
     126       0       0       2       0                               0D   4042
     110    5347       0       0       0                        01010000D   4043
     110       0       0       2       0                               0D   4044
     126    5349       0       0       0                        01010500D   4045
     126       0       0       2       0                               0D   4046
     124    5351       0       0       0                        00000000D   4047
     124       0       0       4       0                               0D   4048
     100    5355       0       0       0            4047        01010000D   4049
     100       0       0       2       0                               0D   4050
     126    5357       0       0       0                        01010500D   4051
     126       0       0       2       0                               0D   4052
     110    5359       0       0       0                        01010000D   4053
     110       0       0       2       0                               0D   4054
     126    5361       0       0       0                        01010500D   4055
     126       0       0       2       0                               0D   4056
     124    5363       0       0       0                        00000000D   4057
     124       0       0       3       0                               0D   4058
     100    5366       0       0       0            4057        01010000D   4059
     100       0       0       1       0                               0D   4060
     102    5367       0       0       0                        01010500D   4061
     102       0       0       1       0                               0D   4062
     102    5368       0       0       0                        01010000D   4063
     102       0       0       1       0                               0D   4064
     142    5369       0       0       0                        00010500D   4065
     142       0       0       1       0                               0D   4066
     144    5370       0       0       0                        00000000D   4067
     144       0   -4033       1       0                               0D   4068
     314    5371       0       0       0                        00000200D   4069
     314       0       0       1       0                               0D   4070
     128    5372       0       0       0                        01010000D   4071
     128       0       0       4       0                               0D   4072
     126    5376       0       0       0                        01010500D   4073
     126       0       0      11       0                               0D   4074
     126    5387       0       0       0                        01010000D   4075
     126       0       0       7       0                               0D   4076
     126    5394       0       0       0                        01010500D   4077
     126       0       0       2       0                               0D   4078
     110    5396       0       0       0                        01010000D   4079
     110       0       0       1       0                               0D   4080
     126    5397       0       0       0                        01010500D   4081
     126       0       0      11       0                               0D   4082
     126    5408       0       0       0                        01010000D   4083
     126       0       0       7       0                               0D   4084
     126    5415       0       0       0                        01010500D   4085
     126       0       0       2       0                               0D   4086
     110    5417       0       0       0                        01010000D   4087
     110       0       0       1       0                               0D   4088
     102    5418       0       0       0                        01010500D   4089
     102       0       0       1       0                               0D   4090
     102    5419       0       0       0                        01010000D   4091
     102       0       0       1       0                               0D   4092
     142    5420       0       0       0                        00010500D   4093
     142       0       0       1       0                               0D   4094
     144    5421       0       0       0                        00000000D   4095
     144       0   -4069       1       0                               0D   4096
     314    5422       0       0       0                        00000200D   4097
     314       0       0       1       0                               0D   4098
     128    5423       0       0       0                        01010000D   4099
     128       0       0       4       0                               0D   4100
     126    5427       0       0       0                        01010500D   4101
     126       0       0      11       0                               0D   4102
     126    5438       0       0       0                        01010000D   4103
     126       0       0       7       0                               0D   4104
     126    5445       0       0       0                        01010500D   4105
     126       0       0       2       0                               0D   4106
     110    5447       0       0       0                        01010000D   4107
     110       0       0       1       0                               0D   4108
     126    5448       0       0       0                        01010500D   4109
     126       0       0      11       0                               0D   4110
     126    5459       0       0       0                        01010000D   4111
     126       0       0       7       0                               0D   4112
     126    5466       0       0       0                        01010500D   4113
     126       0       0       2       0                               0D   4114
     110    5468       0       0       0                        01010000D   4115
     110       0       0       1       0                               0D   4116
     102    5469       0       0       0                        01010500D   4117
     102       0       0       1       0                               0D   4118
     102    5470       0       0       0                        01010000D   4119
     102       0       0       1       0                               0D   4120
     142    5471       0       0       0                        00010500D   4121
     142       0       0       1       0                               0D   4122
     144    5472       0       0       0                        00000000D   4123
     144       0   -4097       1       0                               0D   4124
     314    5473       0       0       0                        00000200D   4125
     314       0       0       1       0                               0D   4126
     128    5474       0       0       0                        01010000D   4127
     128       0       0       4       0                               0D   4128
     126    5478       0       0       0                        01010500D   4129
     126       0       0      11       0                               0D   4130
     126    5489       0       0       0                        01010000D   4131
     126       0       0       5       0                               0D   4132
     126    5494       0       0       0                        01010500D   4133
     126       0       0       2       0                               0D   4134
     110    5496       0       0       0                        01010000D   4135
     110       0       0       1       0                               0D   4136
     126    5497       0       0       0                        01010500D   4137
     126       0       0      11       0                               0D   4138
     126    5508       0       0       0                        01010000D   4139
     126       0       0       6       0                               0D   4140
     126    5514       0       0       0                        01010500D   4141
     126       0       0       2       0                               0D   4142
     110    5516       0       0       0                        01010000D   4143
     110       0       0       1       0                               0D   4144
     102    5517       0       0       0                        01010500D   4145
     102       0       0       1       0                               0D   4146
     102    5518       0       0       0                        01010000D   4147
     102       0       0       1       0                               0D   4148
     142    5519       0       0       0                        00010500D   4149
     142       0       0       1       0                               0D   4150
     144    5520       0       0       0                        00000000D   4151
     144       0   -4125       1       0                               0D   4152
     314    5521       0       0       0                        00000200D   4153
     314       0       0       1       0                               0D   4154
     128    5522       0       0       0                        01010000D   4155
     128       0       0       4       0                               0D   4156
     126    5526       0       0       0                        01010500D   4157
     126       0       0      11       0                               0D   4158
     126    5537       0       0       0                        01010000D   4159
     126       0       0       8       0                               0D   4160
     126    5545       0       0       0                        01010500D   4161
     126       0       0       2       0                               0D   4162
     110    5547       0       0       0                        01010000D   4163
     110       0       0       2       0                               0D   4164
     126    5549       0       0       0                        01010500D   4165
     126       0       0      11       0                               0D   4166
     126    5560       0       0       0                        01010000D   4167
     126       0       0       8       0                               0D   4168
     126    5568       0       0       0                        01010500D   4169
     126       0       0       2       0                               0D   4170
     110    5570       0       0       0                        01010000D   4171
     110       0       0       1       0                               0D   4172
     102    5571       0       0       0                        01010500D   4173
     102       0       0       1       0                               0D   4174
     102    5572       0       0       0                        01010000D   4175
     102       0       0       1       0                               0D   4176
     142    5573       0       0       0                        00010500D   4177
     142       0       0       1       0                               0D   4178
     144    5574       0       0       0                        00000000D   4179
     144       0   -4153       1       0                               0D   4180
     314    5575       0       0       0                        00000200D   4181
     314       0       0       1       0                               0D   4182
     128    5576       0       0       0                        01010000D   4183
     128       0       0       4       0                               0D   4184
     126    5580       0       0       0                        01010500D   4185
     126       0       0      11       0                               0D   4186
     126    5591       0       0       0                        01010000D   4187
     126       0       0       7       0                               0D   4188
     126    5598       0       0       0                        01010500D   4189
     126       0       0       2       0                               0D   4190
     110    5600       0       0       0                        01010000D   4191
     110       0       0       2       0                               0D   4192
     126    5602       0       0       0                        01010500D   4193
     126       0       0      11       0                               0D   4194
     126    5613       0       0       0                        01010000D   4195
     126       0       0       7       0                               0D   4196
     126    5620       0       0       0                        01010500D   4197
     126       0       0       2       0                               0D   4198
     110    5622       0       0       0                        01010000D   4199
     110       0       0       2       0                               0D   4200
     102    5624       0       0       0                        01010500D   4201
     102       0       0       1       0                               0D   4202
     102    5625       0       0       0                        01010000D   4203
     102       0       0       1       0                               0D   4204
     142    5626       0       0       0                        00010500D   4205
     142       0       0       1       0                               0D   4206
     144    5627       0       0       0                        00000000D   4207
     144       0   -4181       1       0                               0D   4208
     314    5628       0       0       0                        00000200D   4209
     314       0       0       1       0                               0D   4210
     110    5629       0       0       0                        01010000D   4211
     110       0       0       1       0                               0D   4212
     110    5630       0       0       0                        01010000D   4213
     110       0       0       2       0                               0D   4214
     120    5632       0       0       0                        01010000D   4215
     120       0       0       1       0                               0D   4216
     126    5633       0       0       0                        01010500D   4217
     126       0       0       2       0                               0D   4218
     110    5635       0       0       0                        01010000D   4219
     110       0       0       1       0                               0D   4220
     126    5636       0       0       0                        01010500D   4221
     126       0       0       2       0                               0D   4222
     124    5638       0       0       0                        00000000D   4223
     124       0       0       4       0                               0D   4224
     100    5642       0       0       0            4223        01010000D   4225
     100       0       0       1       0                               0D   4226
     126    5643       0       0       0                        01010500D   4227
     126       0       0       2       0                               0D   4228
     110    5645       0       0       0                        01010000D   4229
     110       0       0       1       0                               0D   4230
     126    5646       0       0       0                        01010500D   4231
     126       0       0      12       0                               0D   4232
     126    5658       0       0       0                        01010000D   4233
     126       0       0       7       0                               0D   4234
     126    5665       0       0       0                        01010500D   4235
     126       0       0      11       0                               0D   4236
     126    5676       0       0       0                        01010000D   4237
     126       0       0       6       0                               0D   4238
     126    5682       0       0       0                        01010500D   4239
     126       0       0      12       0                               0D   4240
     126    5694       0       0       0                        01010000D   4241
     126       0       0       7       0                               0D   4242
     102    5701       0       0       0                        01010500D   4243
     102       0       0       1       0                               0D   4244
     102    5702       0       0       0                        01010000D   4245
     102       0       0       1       0                               0D   4246
     142    5703       0       0       0                        00010500D   4247
     142       0       0       1       0                               0D   4248
     144    5704       0       0       0                        00000000D   4249
     144       0   -4209       1       0                               0D   4250
     314    5705       0       0       0                        00000200D   4251
     314       0       0       1       0                               0D   4252
     128    5706       0       0       0                        01010000D   4253
     128       0       0       4       0                               0D   4254
     126    5710       0       0       0                        01010500D   4255
     126       0       0      11       0                               0D   4256
     126    5721       0       0       0                        01010000D   4257
     126       0       0       6       0                               0D   4258
     126    5727       0       0       0                        01010500D   4259
     126       0       0       2       0                               0D   4260
     110    5729       0       0       0                        01010000D   4261
     110       0       0       1       0                               0D   4262
     126    5730       0       0       0                        01010500D   4263
     126       0       0      11       0                               0D   4264
     126    5741       0       0       0                        01010000D   4265
     126       0       0       6       0                               0D   4266
     126    5747       0       0       0                        01010500D   4267
     126       0       0       2       0                               0D   4268
     110    5749       0       0       0                        01010000D   4269
     110       0       0       2       0                               0D   4270
     102    5751       0       0       0                        01010500D   4271
     102       0       0       1       0                               0D   4272
     102    5752       0       0       0                        01010000D   4273
     102       0       0       1       0                               0D   4274
     142    5753       0       0       0                        00010500D   4275
     142       0       0       1       0                               0D   4276
     144    5754       0       0       0                        00000000D   4277
     144       0   -4251       1       0                               0D   4278
     314    5755       0       0       0                        00000200D   4279
     314       0       0       1       0                               0D   4280
     110    5756       0       0       0                        01010000D   4281
     110       0       0       1       0                               0D   4282
     110    5757       0       0       0                        01010000D   4283
     110       0       0       2       0                               0D   4284
     120    5759       0       0       0                        01010000D   4285
     120       0       0       1       0                               0D   4286
     126    5760       0       0       0                        01010500D   4287
     126       0       0       2       0                               0D   4288
     110    5762       0       0       0                        01010000D   4289
     110       0       0       1       0                               0D   4290
     126    5763       0       0       0                        01010500D   4291
     126       0       0       2       0                               0D   4292
     124    5765       0       0       0                        00000000D   4293
     124       0       0       4       0                               0D   4294
     100    5769       0       0       0            4293        01010000D   4295
     100       0       0       1       0                               0D   4296
     126    5770       0       0       0                        01010500D   4297
     126       0       0       2       0                               0D   4298
     110    5772       0       0       0                        01010000D   4299
     110       0       0       1       0                               0D   4300
     126    5773       0       0       0                        01010500D   4301
     126       0       0      12       0                               0D   4302
     126    5785       0       0       0                        01010000D   4303
     126       0       0       7       0                               0D   4304
     126    5792       0       0       0                        01010500D   4305
     126       0       0      11       0                               0D   4306
     126    5803       0       0       0                        01010000D   4307
     126       0       0       6       0                               0D   4308
     126    5809       0       0       0                        01010500D   4309
     126       0       0      12       0                               0D   4310
     126    5821       0       0       0                        01010000D   4311
     126       0       0       7       0                               0D   4312
     102    5828       0       0       0                        01010500D   4313
     102       0       0       1       0                               0D   4314
     102    5829       0       0       0                        01010000D   4315
     102       0       0       1       0                               0D   4316
     142    5830       0       0       0                        00010500D   4317
     142       0       0       1       0                               0D   4318
     144    5831       0       0       0                        00000000D   4319
     144       0   -4279       1       0                               0D   4320
     314    5832       0       0       0                        00000200D   4321
     314       0       8       1       0                               0D   4322
     128    5833       0       0       0                        01010000D   4323
     128       0       0       4       0                               0D   4324
     126    5837       0       0       0                        01010500D   4325
     126       0       0       2       0                               0D   4326
     110    5839       0       0       0                        01010000D   4327
     110       0       0       2       0                               0D   4328
     126    5841       0       0       0                        01010500D   4329
     126       0       0       2       0                               0D   4330
     110    5843       0       0       0                        01010000D   4331
     110       0       0       2       0                               0D   4332
     126    5845       0       0       0                        01010500D   4333
     126       0       0       2       0                               0D   4334
     110    5847       0       0       0                        01010000D   4335
     110       0       0       2       0                               0D   4336
     126    5849       0       0       0                        01010500D   4337
     126       0       0       2       0                               0D   4338
     110    5851       0       0       0                        01010000D   4339
     110       0       0       2       0                               0D   4340
     102    5853       0       0       0                        01010500D   4341
     102       0       0       1       0                               0D   4342
     102    5854       0       0       0                        01010000D   4343
     102       0       0       1       0                               0D   4344
     142    5855       0       0       0                        00010500D   4345
     142       0       0       1       0                               0D   4346
     144    5856       0       0       0                        00000000D   4347
     144       0   -4321       1       0                               0D   4348
     314    5857       0       0       0                        00000200D   4349
     314       0       8       1       0                               0D   4350
     128    5858       0       0       0                        01010000D   4351
     128       0       0       4       0                               0D   4352
     126    5862       0       0       0                        01010500D   4353
     126       0       0       2       0                               0D   4354
     110    5864       0       0       0                        01010000D   4355
     110       0       0       2       0                               0D   4356
     126    5866       0       0       0                        01010500D   4357
     126       0       0       2       0                               0D   4358
     110    5868       0       0       0                        01010000D   4359
     110       0       0       2       0                               0D   4360
     126    5870       0       0       0                        01010500D   4361
     126       0       0       2       0                               0D   4362
     110    5872       0       0       0                        01010000D   4363
     110       0       0       2       0                               0D   4364
     126    5874       0       0       0                        01010500D   4365
     126       0       0       2       0                               0D   4366
     110    5876       0       0       0                        01010000D   4367
     110       0       0       2       0                               0D   4368
     102    5878       0       0       0                        01010500D   4369
     102       0       0       1       0                               0D   4370
     102    5879       0       0       0                        01010000D   4371
     102       0       0       1       0                               0D   4372
     142    5880       0       0       0                        00010500D   4373
     142       0       0       1       0                               0D   4374
     144    5881       0       0       0                        00000000D   4375
     144       0   -4349       1       0                               0D   4376
     314    5882       0       0       0                        00000200D   4377
     314       0       8       1       0                               0D   4378
     128    5883       0       0       0                        01010000D   4379
     128       0       0       4       0                               0D   4380
     126    5887       0       0       0                        01010500D   4381
     126       0       0       2       0                               0D   4382
     110    5889       0       0       0                        01010000D   4383
     110       0       0       2       0                               0D   4384
     126    5891       0       0       0                        01010500D   4385
     126       0       0       2       0                               0D   4386
     110    5893       0       0       0                        01010000D   4387
     110       0       0       2       0                               0D   4388
     126    5895       0       0       0                        01010500D   4389
     126       0       0       2       0                               0D   4390
     110    5897       0       0       0                        01010000D   4391
     110       0       0       2       0                               0D   4392
     126    5899       0       0       0                        01010500D   4393
     126       0       0       2       0                               0D   4394
     110    5901       0       0       0                        01010000D   4395
     110       0       0       2       0                               0D   4396
     102    5903       0       0       0                        01010500D   4397
     102       0       0       1       0                               0D   4398
     102    5904       0       0       0                        01010000D   4399
     102       0       0       1       0                               0D   4400
     142    5905       0       0       0                        00010500D   4401
     142       0       0       1       0                               0D   4402
     144    5906       0       0       0                        00000000D   4403
     144       0   -4377       1       0                               0D   4404
     314    5907       0       0       0                        00000200D   4405
     314       0       8       1       0                               0D   4406
     128    5908       0       0       0                        01010000D   4407
     128       0       0       4       0                               0D   4408
     126    5912       0       0       0                        01010500D   4409
     126       0       0       2       0                               0D   4410
     110    5914       0       0       0                        01010000D   4411
     110       0       0       2       0                               0D   4412
     126    5916       0       0       0                        01010500D   4413
     126       0       0       2       0                               0D   4414
     110    5918       0       0       0                        01010000D   4415
     110       0       0       2       0                               0D   4416
     126    5920       0       0       0                        01010500D   4417
     126       0       0       2       0                               0D   4418
     110    5922       0       0       0                        01010000D   4419
     110       0       0       2       0                               0D   4420
     126    5924       0       0       0                        01010500D   4421
     126       0       0       2       0                               0D   4422
     110    5926       0       0       0                        01010000D   4423
     110       0       0       2       0                               0D   4424
     102    5928       0       0       0                        01010500D   4425
     102       0       0       1       0                               0D   4426
     102    5929       0       0       0                        01010000D   4427
     102       0       0       1       0                               0D   4428
     142    5930       0       0       0                        00010500D   4429
     142       0       0       1       0                               0D   4430
     144    5931       0       0       0                        00000000D   4431
     144       0   -4405       1       0                               0D   4432
314,79.2156862745098,81.9607843137255,93.3333333333333,;               1P      1
314,75.2941176470588,75.2941176470588,75.2941176470588,;               3P      2
110,13.1,23.5,40.1,13.1,23.5,1040.1;                                   5P      3
110,13.1,26.75,0.,13.1,26.75,31.1;                                     7P      4
120,5,7,0.,6.28318530717959;                                           9P      5
126,1,1,1,0,1,0,0.,0.,1.,1.,1.,1.,0.,6.283185307,0.,1.,               11P      6
6.283185307,0.,0.,1.,0.,0.,1.;                                        11P      7
110,13.1,26.75,0.,13.1,26.75,31.1;                                    13P      8
126,1,1,1,0,1,0,0.,0.,1.,1.,1.,1.,1.,6.283185307,0.,1.,               15P      9
3.141592654,0.,0.,1.,0.,0.,1.;                                        15P     10
124,1.41496223752446E-014,1.,-6.98296267768627E-015,-10.4,1.,         17P     11
-1.41496223752446E-014,0.,10.4000000000004,                           17P     12
-9.88062849496878E-029,-6.98296267768627E-015,-1.,                    17P     13
62.2000000000002;                                                     17P     14
100,31.1,13.1,23.5,16.35,23.5,9.85,23.5;                              19P     15
126,1,1,1,0,1,0,0.,0.,1.,1.,1.,1.,1.,3.141592654,0.,0.,               21P     16
3.141592654,0.,0.,1.,0.,0.,1.;                                        21P     17
110,13.1,20.25,31.1,13.1,20.25,0.;                                    23P     18
126,1,1,1,0,1,0,0.,0.,1.,1.,1.,1.,0.,3.141592654,0.,0.,               25P     19
6.283185307,0.,0.,1.,0.,0.,1.;                                        25P     20
100,0.,13.1,23.5,13.1,20.25,13.1,26.75;                               27P     21
102,4,11,15,21,25;                                                    29P     22
102,4,13,19,23,27;                                                    31P     23
142,1,9,29,31,1;                                                      33P     24
144,9,1,0,33;                                                         35P     25
314,75.2941176470588,75.2941176470588,75.2941176470588,;              37P     26
110,-13.1,23.5,40.1,-13.1,23.5,1040.1;                                39P     27
110,-13.1,26.75,0.,-13.1,26.75,31.1;                                  41P     28
120,39,41,0.,6.28318530717959;                                        43P     29
126,1,1,1,0,1,0,0.,0.,1.,1.,1.,1.,0.,6.283185307,0.,1.,               45P     30
6.283185307,0.,0.,1.,0.,0.,1.;                                        45P     31
110,-13.1,26.75,0.,-13.1,26.75,31.1;                                  47P     32
126,1,1,1,0,1,0,0.,0.,1.,1.,1.,1.,1.,6.283185307,0.,1.,               49P     33
3.141592654,0.,0.,1.,0.,0.,1.;                                        49P     34
124,1.41496223752446E-014,1.,-6.98296267768627E-015,                  51P     35
-36.5999999999996,1.,-1.41496223752446E-014,0.,                       51P     36
36.6000000000004,-9.88062849496878E-029,-6.98296267768627E-015,       51P     37
-1.,62.2000000000002;                                                 51P     38
100,31.1,-13.1,23.5,-9.85,23.5,-16.35,23.5;                           53P     39
126,1,1,1,0,1,0,0.,0.,1.,1.,1.,1.,1.,3.141592654,0.,0.,               55P     40
3.141592654,0.,0.,1.,0.,0.,1.;                                        55P     41
110,-13.1,20.25,31.1,-13.1,20.25,0.;                                  57P     42
126,1,1,1,0,1,0,0.,0.,1.,1.,1.,1.,0.,3.141592654,0.,0.,               59P     43
6.283185307,0.,0.,1.,0.,0.,1.;                                        59P     44
100,0.,-13.1,23.5,-13.1,20.25,-13.1,26.75;                            61P     45
102,4,45,49,55,59;                                                    63P     46
102,4,47,53,57,61;                                                    65P     47
142,1,43,63,65,1;                                                     67P     48
144,43,1,0,67;                                                        69P     49
314,75.2941176470588,75.2941176470588,75.2941176470588,;              71P     50
110,21.2,-11.,40.1,21.2,-11.,1040.1;                                  73P     51
110,21.2,-7.75,0.,21.2,-7.75,31.1;                                    75P     52
120,73,75,0.,6.28318530717959;                                        77P     53
126,1,1,1,0,1,0,0.,0.,1.,1.,1.,1.,0.,6.283185307,0.,1.,               79P     54
6.283185307,0.,0.,1.,0.,0.,1.;                                        79P     55
110,21.2,-7.75,0.,21.2,-7.75,31.1;                                    81P     56
126,1,1,1,0,1,0,0.,0.,1.,1.,1.,1.,1.,6.283185307,0.,1.,               83P     57
3.141592654,0.,0.,1.,0.,0.,1.;                                        83P     58
124,1.32614439555445E-014,1.,-6.98296267768627E-015,                  85P     59
32.1999999999999,1.,-1.32614439555445E-014,0.,                        85P     60
-32.2000000000001,-9.26041681937954E-029,                             85P     61
-6.98296267768627E-015,-1.,62.2;                                      85P     62
100,31.1,21.2,-11.,24.45,-11.,17.95,-11.;                             87P     63
126,1,1,1,0,1,0,0.,0.,1.,1.,1.,1.,1.,3.141592654,0.,0.,               89P     64
3.141592654,0.,0.,1.,0.,0.,1.;                                        89P     65
110,21.2,-14.25,31.1,21.2,-14.25,0.;                                  91P     66
126,1,1,1,0,1,0,0.,0.,1.,1.,1.,1.,0.,3.141592654,0.,0.,               93P     67
6.283185307,0.,0.,1.,0.,0.,1.;                                        93P     68
100,0.,21.2,-11.,21.2,-14.25,21.2,-7.75;                              95P     69
102,4,79,83,89,93;                                                    97P     70
102,4,81,87,91,95;                                                    99P     71
142,1,77,97,99,1;                                                    101P     72
144,77,1,0,101;                                                      103P     73
314,75.2941176470588,75.2941176470588,75.2941176470588,;             105P     74
110,-21.2,-11.,40.1,-21.2,-11.,1040.1;                               107P     75
110,-21.2,-7.75,0.,-21.2,-7.75,31.1;                                 109P     76
120,107,109,0.,6.28318530717959;                                     111P     77
126,1,1,1,0,1,0,0.,0.,1.,1.,1.,1.,0.,6.283185307,0.,1.,              113P     78
6.283185307,0.,0.,1.,0.,0.,1.;                                       113P     79
110,-21.2,-7.75,0.,-21.2,-7.75,31.1;                                 115P     80
126,1,1,1,0,1,0,0.,0.,1.,1.,1.,1.,1.,6.283185307,0.,1.,              117P     81
3.141592654,0.,0.,1.,0.,0.,1.;                                       117P     82
124,1.32614439555445E-014,1.,-6.98296267768627E-015,                 119P     83
-10.1999999999995,1.,-1.32614439555445E-014,0.,                      119P     84
10.1999999999999,-9.26041681937954E-029,-6.98296267768627E-015,      119P     85
-1.,62.1999999999999;                                                119P     86
100,31.1,-21.2,-11.,-17.95,-11.,-24.45,-11.;                         121P     87
126,1,1,1,0,1,0,0.,0.,1.,1.,1.,1.,1.,3.141592654,0.,0.,              123P     88
3.141592654,0.,0.,1.,0.,0.,1.;                                       123P     89
110,-21.2,-14.25,31.1,-21.2,-14.25,0.;                               125P     90
126,1,1,1,0,1,0,0.,0.,1.,1.,1.,1.,0.,3.141592654,0.,0.,              127P     91
6.283185307,0.,0.,1.,0.,0.,1.;                                       127P     92
100,0.,-21.2,-11.,-21.2,-14.25,-21.2,-7.75;                          129P     93
102,4,113,117,123,127;                                               131P     94
102,4,115,121,125,129;                                               133P     95
142,1,111,131,133,1;                                                 135P     96
144,111,1,0,135;                                                     137P     97
314,75.2941176470588,75.2941176470588,75.2941176470588,;             139P     98
110,13.1,23.5,40.1,13.1,23.5,1040.1;                                 141P     99
110,13.1,28.575,31.1,13.1,28.575,40.1;                               143P    100
120,141,143,0.,6.28318530717959;                                     145P    101
126,1,1,1,0,1,0,0.,0.,1.,1.,1.,1.,0.,6.283185307,0.,1.,              147P    102
6.283185307,0.,0.,1.,0.,0.,1.;                                       147P    103
110,13.1,28.575,31.1,13.1,28.575,40.1;                               149P    104
126,1,1,1,0,1,0,0.,0.,1.,1.,1.,1.,1.,6.283185307,0.,1.,              151P    105
3.141592654,0.,0.,1.,0.,0.,1.;                                       151P    106
124,1.39450788229245E-014,1.,-6.98296267768627E-015,                 153P    107
-10.3999999999999,1.,-1.39450788229245E-014,                         153P    108
2.38689838203985E-030,10.4000000000004,-9.49910665758353E-029,       153P    109
-6.98296267768627E-015,-1.,80.2000000000001;                         153P    110
100,40.1,13.1,23.5,18.175,23.5,8.025,23.5;                           155P    111
126,1,1,1,0,1,0,0.,0.,1.,1.,1.,1.,1.,3.141592654,0.,0.,              157P    112
3.141592654,0.,0.,1.,0.,0.,1.;                                       157P    113
110,13.1,18.425,40.1,13.1,18.425,31.1;                               159P    114
126,1,1,1,0,1,0,0.,0.,1.,1.,1.,1.,0.,3.141592654,0.,0.,              161P    115
6.283185307,0.,0.,1.,0.,0.,1.;                                       161P    116
100,31.1,13.1,23.5,13.1,18.425,13.1,28.575;                          163P    117
102,4,147,151,157,161;                                               165P    118
102,4,149,155,159,163;                                               167P    119
142,1,145,165,167,1;                                                 169P    120
144,145,1,0,169;                                                     171P    121
314,75.2941176470588,75.2941176470588,75.2941176470588,;             173P    122
110,-13.1,23.5,40.1,-13.1,23.5,1040.1;                               175P    123
110,-13.1,28.575,31.1,-13.1,28.575,40.1;                             177P    124
120,175,177,0.,6.28318530717959;                                     179P    125
126,1,1,1,0,1,0,0.,0.,1.,1.,1.,1.,0.,6.283185307,0.,1.,              181P    126
6.283185307,0.,0.,1.,0.,0.,1.;                                       181P    127
110,-13.1,28.575,31.1,-13.1,28.575,40.1;                             183P    128
126,1,1,1,0,1,0,0.,0.,1.,1.,1.,1.,1.,6.283185307,0.,1.,              185P    129
3.141592654,0.,0.,1.,0.,0.,1.;                                       185P    130
124,1.39450788229245E-014,1.,-6.98296267768627E-015,                 187P    131
-36.5999999999995,1.,-1.39450788229245E-014,                         187P    132
2.38689838203985E-030,36.6000000000003,-9.49910665758353E-029,       187P    133
-6.98296267768627E-015,-1.,80.2000000000002;                         187P    134
100,40.1,-13.1,23.5,-8.025,23.5,-18.175,23.5;                        189P    135
126,1,1,1,0,1,0,0.,0.,1.,1.,1.,1.,1.,3.141592654,0.,0.,              191P    136
3.141592654,0.,0.,1.,0.,0.,1.;                                       191P    137
110,-13.1,18.425,40.1,-13.1,18.425,31.1;                             193P    138
126,1,1,1,0,1,0,0.,0.,1.,1.,1.,1.,0.,3.141592654,0.,0.,              195P    139
6.283185307,0.,0.,1.,0.,0.,1.;                                       195P    140
100,31.1,-13.1,23.5,-13.1,18.425,-13.1,28.575;                       197P    141
102,4,181,185,191,195;                                               199P    142
102,4,183,189,193,197;                                               201P    143
142,1,179,199,201,1;                                                 203P    144
144,179,1,0,203;                                                     205P    145
314,75.2941176470588,75.2941176470588,75.2941176470588,;             207P    146
110,21.2,-11.,40.1,21.2,-11.,1040.1;                                 209P    147
110,21.2,-5.925,31.1,21.2,-5.925,40.1;                               211P    148
120,209,211,0.,6.28318530717959;                                     213P    149
126,1,1,1,0,1,0,0.,0.,1.,1.,1.,1.,0.,6.283185307,0.,1.,              215P    150
6.283185307,0.,0.,1.,0.,0.,1.;                                       215P    151
110,21.2,-5.925,31.1,21.2,-5.925,40.1;                               217P    152
126,1,1,1,0,1,0,0.,0.,1.,1.,1.,1.,1.,6.283185307,0.,1.,              219P    153
3.141592654,0.,0.,1.,0.,0.,1.;                                       219P    154
124,1.41496223752446E-014,1.,-6.98296267768627E-015,32.2,1.,         221P    155
-1.41496223752446E-014,0.,-32.2000000000001,                         221P    156
-9.88062849496878E-029,-6.98296267768627E-015,-1.,                   221P    157
80.1999999999999;                                                    221P    158
100,40.1,21.2,-11.,26.275,-11.,16.125,-11.;                          223P    159
126,1,1,1,0,1,0,0.,0.,1.,1.,1.,1.,1.,3.141592654,0.,0.,              225P    160
3.141592654,0.,0.,1.,0.,0.,1.;                                       225P    161
110,21.2,-16.075,40.1,21.2,-16.075,31.1;                             227P    162
126,1,1,1,0,1,0,0.,0.,1.,1.,1.,1.,0.,3.141592654,0.,0.,              229P    163
6.283185307,0.,0.,1.,0.,0.,1.;                                       229P    164
100,31.1,21.2,-11.,21.2,-16.075,21.2,-5.925;                         231P    165
102,4,215,219,225,229;                                               233P    166
102,4,217,223,227,231;                                               235P    167
142,1,213,233,235,1;                                                 237P    168
144,213,1,0,237;                                                     239P    169
314,75.2941176470588,75.2941176470588,75.2941176470588,;             241P    170
128,3,3,3,3,0,0,0,0,0,0.,0.,0.,0.,1.,1.,1.,1.,0.,0.,0.,0.,1.,        243P    171
1.,1.,1.,1.,0.755320871117972,0.755320871117972,1.,                  243P    172
0.333333333333333,0.251773623705991,0.251773623705991,               243P    173
0.333333333333333,0.333333333333333,0.251773623705991,               243P    174
0.251773623705991,0.333333333333333,1.,0.755320871117972,            243P    175
0.755320871117972,1.,18.009991669,0.,42.299666833,17.873559155,      243P    176
0.,40.93989247,18.83989247,0.,39.973559155,20.199666833,0.,          243P    177
40.109991669,18.009991669,-36.019983339,42.299666833,                243P    178
17.873559155,-35.747118309,40.93989247,18.83989247,                  243P    179
-37.679784939,39.973559155,20.199666833,-40.399333667,               243P    180
40.109991669,-18.009991669,-36.019983339,42.299666833,               243P    181
-17.873559155,-35.747118309,40.93989247,-18.83989247,                243P    182
-37.679784939,39.973559155,-20.199666833,-40.399333667,              243P    183
40.109991669,-18.009991669,0.,42.299666833,-17.873559155,0.,         243P    184
40.93989247,-18.83989247,0.,39.973559155,-20.199666833,0.,           243P    185
40.109991669,0.,1.,0.,1.;                                            243P    186
126,16,2,1,0,1,0,0.,0.,0.,0.125,0.125,0.25,0.25,0.375,0.375,         245P    187
0.5,0.5,0.625,0.625,0.75,0.75,0.875,0.875,1.,1.,1.,1.,1.,1.,1.,      245P    188
1.,1.,1.,1.,1.,1.,1.,1.,1.,1.,1.,1.,1.,0.936858543,0.142376327,      245P    189
0.,0.854548848,0.147491997,0.,0.786189456,0.154137626,0.,            245P    190
0.722715304,0.16030833,0.,0.675920764,0.167305616,0.,                245P    191
0.628752995,0.174358712,0.,0.603921875,0.181466338,0.,               245P    192
0.577917266,0.188909862,0.,0.577891005,0.196120157,0.,               245P    193
0.577864684,0.20334704,0.,0.603928397,0.210432699,0.,                245P    194
0.628682142,0.217162232,0.,0.675771444,0.223540092,0.,               245P    195
0.722296554,0.229841538,0.,0.786341312,0.235230816,0.,               245P    196
0.853813831,0.240908536,0.,0.936858543,0.245209743,0.,0.,1.,0.,      245P    197
0.,1.;                                                               245P    198
126,5,3,1,0,1,0,0.,0.,0.,0.,0.5,0.5,1.,1.,1.,1.,1.,1.,1.,1.,1.,      247P    199
1.,18.927160453,-6.462398718,40.1,17.969192579,-6.942235339,         247P    200
40.1,17.186874535,-7.715597225,40.493215212,16.204443321,            247P    201
-9.608277667,40.493532784,16.021291061,-10.689229225,40.1,           247P    202
16.181367613,-11.754290373,40.1,0.,1.,0.338298433,-0.675394531,      247P    203
-0.655283448;                                                        247P    204
126,1,1,1,0,1,0,0.,0.,1.,1.,1.,1.,0.936858543,0.245209743,0.,        249P    205
0.936858543,0.754790257,0.,0.,1.,0.,0.,1.;                           249P    206
124,0.809068380660885,-0.587714518635343,                            251P    207
-4.10398854876422E-015,1.63541472363594E-013,                        251P    208
-0.587714518635343,-0.809068380660885,5.64969430585156E-015,         251P    209
-2.29718512935676E-013,-6.64081473879987E-015,                       251P    210
-2.15901536884242E-015,-1.,80.2;                                     251P    211
100,40.1,0.,0.,20.,0.,-6.183665783,19.020049355;                     253P    212
126,16,2,1,0,1,0,0.,0.,0.,0.125,0.125,0.25,0.25,0.375,0.375,         255P    213
0.5,0.5,0.625,0.625,0.75,0.75,0.875,0.875,1.,1.,1.,1.,1.,1.,1.,      255P    214
1.,1.,1.,1.,1.,1.,1.,1.,1.,1.,1.,1.,1.,0.936858543,0.754790257,      255P    215
0.,0.853814969,0.759091405,0.,0.786343148,0.764769029,0.,            255P    216
0.722245702,0.770162706,0.,0.675698339,0.776469811,0.,               255P    217
0.628522468,0.782862078,0.,0.6037837,0.789606694,0.,0.57779752,      255P    218
0.796691396,0.,0.577891316,0.803917313,0.,0.577984713,               255P    219
0.811112474,0.,0.603943803,0.818539938,0.,0.628789114,               255P    220
0.825648724,0.,0.675976022,0.832702646,0.,0.722697035,               255P    221
0.83968692,0.,0.786039383,0.845847781,0.,0.854457471,                255P    222
0.852502324,0.,0.936858543,0.857623673,0.,0.,1.,0.,0.,1.;            255P    223
126,7,3,1,0,1,0,0.,0.,0.,0.,0.25,0.25,0.5,0.5,1.,1.,1.,1.,1.,        257P    224
1.,1.,1.,1.,1.,1.,1.,-16.181367613,-11.754290373,40.1,               257P    225
-16.100820368,-11.218373398,40.1,-16.107359143,-10.686264173,        257P    226
40.20426718,-16.280514353,-9.64645575,40.40312538,                   257P    227
-16.450996403,-9.132818326,40.493656055,-17.187830282,               257P    228
-7.714694925,40.492807786,-17.967644018,-6.943010998,40.1,           257P    229
-18.927160453,-6.462398718,40.1,0.,1.,-0.764485958,0.114900705,      257P    230
-0.634317781;                                                        257P    231
126,1,1,1,0,1,0,0.,0.,1.,1.,1.,1.,0.936858543,0.857623673,0.,        259P    232
0.936858543,1.,0.,0.,1.,0.,0.,1.;                                    259P    233
124,-0.946358022641753,-0.323119935908622,                           261P    234
8.55138046359912E-031,-1.04842131950751E-014,                        261P    235
-0.323119935908622,0.946358022641753,6.98296267768627E-015,          261P    236
-2.81757314759167E-013,-2.25633445286629E-015,                       261P    237
6.60838275183633E-015,-1.,80.2;                                      261P    238
100,40.1,0.,0.,20.,0.,18.927160453,6.462398718;                      263P    239
126,1,1,1,0,1,0,0.,0.,1.,1.,1.,1.,0.936858543,1.,0.,                 265P    240
0.063141457,1.,0.,0.,1.,0.,0.,1.;                                    265P    241
124,1.41496183307121E-014,1.,-1.22460635382238E-016,                 267P    242
-19.9999999999997,-6.12323399573694E-017,                            267P    243
-1.22460635382237E-016,-1.,42.1,-1.,1.41496183307121E-014,           267P    244
6.12323399573677E-017,22.1;                                          267P    245
100,42.1,-20.,0.,-18.,0.,-20.,2.;                                    269P    246
126,1,1,1,0,1,0,0.,0.,1.,1.,1.,1.,0.063141457,1.,0.,                 271P    247
0.063141457,0.,0.,0.,1.,0.,0.,1.;                                    271P    248
100,42.1,0.,0.,-18.,0.,18.,0.;                                       273P    249
126,1,1,1,0,1,0,0.,0.,1.,1.,1.,1.,0.063141457,0.,0.,                 275P    250
0.936858543,0.,0.,0.,1.,0.,0.,1.;                                    275P    251
124,-1.,6.98295863315377E-015,4.0445324975949E-021,40.,              277P    252
-4.04453244840557E-021,7.04419501764363E-015,-1.,42.1,               277P    253
-6.98295863315377E-015,-1.,-7.04419501764363E-015,                   277P    254
42.1000000000004;                                                    277P    255
100,42.1,20.,0.,22.,0.,20.,2.;                                       279P    256
126,1,1,1,0,1,0,0.,0.,1.,1.,1.,1.,0.936858543,0.,0.,                 281P    257
0.936858543,0.142376327,0.,0.,1.,0.,0.,1.;                           281P    258
124,1.,-1.4432899320127E-014,-2.25633445286629E-015,                 283P    259
9.04790115599381E-014,-1.47659662275146E-014,-1.,                    283P    260
-6.60838275183633E-015,2.64996148348637E-013,                        283P    261
-2.25633445286619E-015,6.60838275183637E-015,-1.,80.2;               283P    262
100,40.1,0.,0.,20.,0.,18.927160453,6.462398718;                      285P    263
102,8,245,249,255,259,265,271,275,281;                               287P    264
102,8,247,253,257,263,269,273,279,285;                               289P    265
142,1,243,287,289,1;                                                 291P    266
144,243,1,0,291;                                                     293P    267
314,75.2941176470588,75.2941176470588,75.2941176470588,;             295P    268
110,0.,0.,54.1,0.,0.,-945.9;                                         297P    269
110,-18.,0.,53.1,-18.,0.,42.1;                                       299P    270
120,297,299,0.,6.28318530717959;                                     301P    271
126,1,1,1,0,1,0,0.,0.,1.,1.,1.,1.,0.,0.,0.,0.,3.141592654,0.,        303P    272
0.,1.,0.,0.,1.;                                                      303P    273
124,-1.,-6.98297076675126E-015,2.82428194793944E-035,                305P    274
-7.2127700534427E-015,-6.98297076675126E-015,1.,                     305P    275
-6.98296267768627E-015,3.70795318185141E-013,                        305P    276
4.87617960007788E-029,-6.98296267768627E-015,-1.,106.2;              305P    277
100,53.1,0.,0.,18.,0.,-18.,0.;                                       307P    278
126,1,1,1,0,1,0,0.,0.,1.,1.,1.,1.,0.,3.141592654,0.,1.,              309P    279
3.141592654,0.,0.,1.,0.,0.,1.;                                       309P    280
110,18.,0.,53.1,18.,0.,42.1;                                         311P    281
126,1,1,1,0,1,0,0.,0.,1.,1.,1.,1.,1.,3.141592654,0.,1.,0.,0.,        313P    282
0.,1.,0.,0.,1.;                                                      313P    283
100,42.1,0.,0.,18.,0.,-18.,0.;                                       315P    284
126,1,1,1,0,1,0,0.,0.,1.,1.,1.,1.,1.,0.,0.,0.,0.,0.,0.,1.,0.,        317P    285
0.,1.;                                                               317P    286
110,-18.,0.,42.1,-18.,0.,53.1;                                       319P    287
102,4,303,309,313,317;                                               321P    288
102,4,307,311,315,319;                                               323P    289
142,1,301,321,323,1;                                                 325P    290
144,301,1,0,325;                                                     327P    291
314,75.2941176470588,75.2941176470588,75.2941176470588,;             329P    292
110,0.,0.,1054.1,0.,0.,54.1;                                         331P    293
110,-16.267949192,0.,54.1,-18.,0.,53.1;                              333P    294
120,331,333,0.,6.28318530717959;                                     335P    295
126,1,1,1,0,1,0,0.,0.,1.,1.,1.,1.,0.,0.,0.,0.,3.141592654,0.,        337P    296
0.,1.,0.,0.,1.;                                                      337P    297
124,-1.,-6.9829711973732E-015,2.97463279336187E-035,                 339P    298
-6.93889390390723E-015,-6.9829711973732E-015,1.,                     339P    299
-6.98296267768627E-015,3.77778280862827E-013,                        339P    300
4.87617975042873E-029,-6.98296267768627E-015,-1.,108.2;              339P    301
100,54.1,0.,0.,16.267949192,0.,-16.267949192,0.;                     341P    302
126,1,1,1,0,1,0,0.,0.,1.,1.,1.,1.,0.,3.141592654,0.,1.,              343P    303
3.141592654,0.,0.,1.,0.,0.,1.;                                       343P    304
110,16.267949192,0.,54.1,18.,0.,53.1;                                345P    305
126,1,1,1,0,1,0,0.,0.,1.,1.,1.,1.,1.,3.141592654,0.,1.,0.,0.,        347P    306
0.,1.,0.,0.,1.;                                                      347P    307
100,53.1,0.,0.,18.,0.,-18.,0.;                                       349P    308
126,1,1,1,0,1,0,0.,0.,1.,1.,1.,1.,1.,0.,0.,0.,0.,0.,0.,1.,0.,        351P    309
0.,1.;                                                               351P    310
110,-18.,0.,53.1,-16.267949192,0.,54.1;                              353P    311
102,4,337,343,347,351;                                               355P    312
102,4,341,345,349,353;                                               357P    313
142,1,335,355,357,1;                                                 359P    314
144,335,1,0,359;                                                     361P    315
314,75.2941176470588,75.2941176470588,75.2941176470588,;             363P    316
110,0.,0.,-951.310324626,0.,0.,48.689675374;                         365P    317
110,0.,14.,48.689675374,0.,15.15,54.1;                               367P    318
120,365,367,0.,6.28318530717959;                                     369P    319
126,1,1,1,0,1,0,0.,0.,1.,1.,1.,1.,0.,6.283185307,0.,1.,              371P    320
6.283185307,0.,0.,1.,0.,0.,1.;                                       371P    321
110,0.,14.,48.689675374,0.,15.15,54.1;                               373P    322
126,1,1,1,0,1,0,0.,0.,1.,1.,1.,1.,1.,6.283185307,0.,1.,              375P    323
3.141592654,0.,0.,1.,0.,0.,1.;                                       375P    324
124,1.46394730058386E-014,1.,-6.98296267768627E-015,                 377P    325
3.77778280862827E-013,1.,-1.46394730058386E-014,                     377P    326
1.7103043355393E-030,-9.25274645526777E-029,                         377P    327
-1.00516589285227E-028,-6.98296267768627E-015,-1.,108.2;             377P    328
100,54.1,0.,0.,15.15,0.,-15.15,0.;                                   379P    329
126,1,1,1,0,1,0,0.,0.,1.,1.,1.,1.,1.,3.141592654,0.,0.,              381P    330
3.141592654,0.,0.,1.,0.,0.,1.;                                       381P    331
110,0.,-15.15,54.1,0.,-14.,48.689675374;                             383P    332
126,1,1,1,0,1,0,0.,0.,1.,1.,1.,1.,0.,3.141592654,0.,0.,              385P    333
6.283185307,0.,0.,1.,0.,0.,1.;                                       385P    334
100,48.689675374,0.,0.,0.,-14.,0.,14.;                               387P    335
102,4,371,375,381,385;                                               389P    336
102,4,373,379,383,387;                                               391P    337
142,1,369,389,391,1;                                                 393P    338
144,369,1,0,393;                                                     395P    339
314,75.2941176470588,75.2941176470588,75.2941176470588,;             397P    340
110,0.,0.,0.,0.,0.,1000.;                                            399P    341
110,0.,14.,46.6,0.,14.,48.689675374;                                 401P    342
120,399,401,0.,6.28318530717959;                                     403P    343
126,1,1,1,0,1,0,0.,0.,1.,1.,1.,1.,0.,6.283185307,0.,1.,              405P    344
6.283185307,0.,0.,1.,0.,0.,1.;                                       405P    345
110,0.,14.,46.6,0.,14.,48.689675374;                                 407P    346
126,1,1,1,0,1,0,0.,0.,1.,1.,1.,1.,1.,6.283185307,0.,1.,              409P    347
3.141592654,0.,0.,1.,0.,0.,1.;                                       409P    348
124,1.46394730058386E-014,1.,-6.98296267768627E-015,                 411P    349
3.39998185925998E-013,1.,-1.46394730058386E-014,                     411P    350
1.7103043355393E-030,-8.32741628883242E-029,                         411P    351
-1.00516589285227E-028,-6.98296267768627E-015,-1.,                   411P    352
97.3793507481992;                                                    411P    353
100,48.689675374,0.,0.,14.,0.,-14.,0.;                               413P    354
126,1,1,1,0,1,0,0.,0.,1.,1.,1.,1.,1.,3.141592654,0.,0.,              415P    355
3.141592654,0.,0.,1.,0.,0.,1.;                                       415P    356
110,0.,-14.,48.689675374,0.,-14.,46.6;                               417P    357
126,1,1,1,0,1,0,0.,0.,1.,1.,1.,1.,0.,3.141592654,0.,0.,              419P    358
6.283185307,0.,0.,1.,0.,0.,1.;                                       419P    359
100,46.6,0.,0.,0.,-14.,0.,14.;                                       421P    360
102,4,405,409,415,419;                                               423P    361
102,4,407,413,417,421;                                               425P    362
142,1,403,423,425,1;                                                 427P    363
144,403,1,0,427;                                                     429P    364
314,75.2941176470588,75.2941176470588,75.2941176470588,;             431P    365
110,0.,0.,0.,0.,0.,1000.;                                            433P    366
110,0.,10.,35.949443667,0.,10.,46.6;                                 435P    367
120,433,435,0.,6.28318530717959;                                     437P    368
126,1,1,1,0,1,0,0.,0.,1.,1.,1.,1.,0.,6.283185307,0.,1.,              439P    369
6.283185307,0.,0.,1.,0.,0.,1.;                                       439P    370
110,0.,10.,35.949443667,0.,10.,46.6;                                 441P    371
126,1,1,1,0,1,0,0.,0.,1.,1.,1.,1.,1.,6.283185307,0.,1.,              443P    372
3.141592654,0.,0.,1.,0.,0.,1.;                                       443P    373
124,1.46394730058386E-014,1.,-6.98296267768627E-015,                 445P    374
3.2540606078018E-013,1.,-1.46394730058386E-014,                      445P    375
1.7103043355393E-030,-7.97001820361314E-029,                         445P    376
-1.00516589285227E-028,-6.98296267768627E-015,-1.,93.2;              445P    377
100,46.6,0.,0.,10.,0.,-10.,0.;                                       447P    378
126,1,1,1,0,1,0,0.,0.,1.,1.,1.,1.,1.,3.141592654,0.,0.,              449P    379
3.141592654,0.,0.,1.,0.,0.,1.;                                       449P    380
110,0.,-10.,46.6,0.,-10.,35.949443667;                               451P    381
126,1,1,1,0,1,0,0.,0.,1.,1.,1.,1.,0.,3.141592654,0.,0.,              453P    382
6.283185307,0.,0.,1.,0.,0.,1.;                                       453P    383
100,35.949443667,0.,0.,0.,-10.,0.,10.;                               455P    384
102,4,439,443,449,453;                                               457P    385
102,4,441,447,451,455;                                               459P    386
142,1,437,457,459,1;                                                 461P    387
144,437,1,0,461;                                                     463P    388
314,75.2941176470588,75.2941176470588,75.2941176470588,;             465P    389
110,-21.2,-11.,40.1,-21.2,-11.,1040.1;                               467P    390
110,-21.2,-5.925,31.1,-21.2,-5.925,40.565903385;                     469P    391
120,467,469,0.,6.28318530717959;                                     471P    392
126,1,1,1,0,1,0,0.,0.,1.,1.,1.,1.,0.,6.283185307,0.,                 473P    393
0.950780885,6.283185307,0.,0.,1.,0.,0.,1.;                           473P    394
110,-21.2,-5.925,31.1,-21.2,-5.925,40.1;                             475P    395
126,1,1,1,0,1,0,0.,0.,1.,1.,1.,1.,0.950780885,6.283185307,0.,        477P    396
0.950780885,5.818825874,0.,0.,1.,0.,0.,1.;                           477P    397
124,9.43689570931383E-016,1.,6.24352717186663E-015,                  479P    398
-10.2000000000002,1.,-8.88178419700125E-016,                         479P    399
-3.12732093206348E-015,10.2000000000001,-3.12732093206347E-015,      479P    400
6.24352717186664E-015,-1.,80.2;                                      479P    401
100,40.1,-21.2,-11.,-16.125,-11.,-16.662398718,-8.727160453;         481P    402
126,32,2,1,0,1,0,0.,0.,0.,0.0625,0.0625,0.125,0.125,0.1875,          483P    403
0.1875,0.25,0.25,0.3125,0.3125,0.375,0.375,0.4375,0.4375,0.5,        483P    404
0.5,0.5625,0.5625,0.625,0.625,0.6875,0.6875,0.75,0.75,0.8125,        483P    405
0.8125,0.875,0.875,0.9375,0.9375,1.,1.,1.,1.,1.,1.,1.,1.,1.,1.,      483P    406
1.,1.,1.,1.,1.,1.,1.,1.,1.,1.,1.,1.,1.,1.,1.,1.,1.,1.,1.,1.,1.,      483P    407
1.,1.,1.,1.,1.,0.950780885,5.818825874,0.,0.950780885,               483P    408
5.781311528,0.,0.952683538,5.739707692,0.,0.954364852,               483P    409
5.702943725,0.,0.957651315,5.660657238,0.,0.960323546,               483P    410
5.626273996,0.,0.964527146,5.582545519,0.,0.966599754,               483P    411
5.56098496,0.,0.972252262,5.505102944,0.,0.977214943,                483P    412
5.456040725,0.,0.979858111,5.427550296,0.,0.983844384,               483P    413
5.384582675,0.,0.986373802,5.349101298,0.,0.989314293,               483P    414
5.307853598,0.,0.990776231,5.270239338,0.,0.992326722,               483P    415
5.230346727,0.,0.992337753,5.191580566,0.,0.99234883,                483P    416
5.15265587,0.,0.990808345,5.112624504,0.,0.98935456,                 483P    417
5.074846164,0.,0.986409099,5.033427922,0.,0.98389136,                483P    418
4.998024181,0.,0.979926916,4.955225403,0.,0.977269885,               483P    419
4.926541005,0.,0.972299833,4.877400858,0.,0.966571023,               483P    420
4.820758677,0.,0.964501342,4.799219477,0.,0.9602949,4.75544298,      483P    421
0.,0.957622671,4.72100741,0.,0.95436857,4.679073578,0.,              483P    422
0.952694929,4.642574529,0.,0.950780885,4.600832749,0.,               483P    423
0.950780885,4.56320761,0.,0.,1.,0.,0.,1.;                            483P    424
126,7,3,1,0,1,0,0.,0.,0.,0.,0.5,0.5,0.75,0.75,1.,1.,1.,1.,1.,        485P    425
1.,1.,1.,1.,1.,1.,1.,-18.927160453,-6.462398718,40.1,                485P    426
-17.967644018,-6.943010998,40.1,-17.187830282,-7.714694925,          485P    427
40.492807786,-16.450996403,-9.132818326,40.493656055,                485P    428
-16.280514353,-9.64645575,40.40312538,-16.107359143,                 485P    429
-10.686264173,40.20426718,-16.100820368,-11.218373398,40.1,          485P    430
-16.181367613,-11.754290373,40.1,0.,1.,0.338309212,0.675416053,      485P    431
0.6552557;                                                           485P    432
126,1,1,1,0,1,0,0.,0.,1.,1.,1.,1.,0.950780885,4.56320761,0.,         487P    433
0.950780885,3.141592654,0.,0.,1.,0.,0.,1.;                           487P    434
124,0.988893081139067,-0.14862864486795,-6.98296267768627E-015,      489P    435
-1.87038177339896,-0.14862864486795,-0.988893081139067,0.,           489P    436
-25.0287511637303,-6.90540347781628E-015,1.03786827994798E-015,      489P    437
-1.,80.1999999999999;                                                489P    438
100,40.1,-21.2,-11.,-16.125,-11.,-20.445709627,-5.981367613;         491P    439
126,1,1,1,0,1,0,0.,0.,1.,1.,1.,1.,0.950780885,3.141592654,0.,        493P    440
0.,3.141592654,0.,0.,1.,0.,0.,1.;                                    493P    441
110,-21.2,-16.075,40.1,-21.2,-16.075,31.1;                           495P    442
126,1,1,1,0,1,0,0.,0.,1.,1.,1.,1.,0.,3.141592654,0.,0.,              497P    443
6.283185307,0.,0.,1.,0.,0.,1.;                                       497P    444
100,31.1,-21.2,-11.,-21.2,-16.075,-21.2,-5.925;                      499P    445
102,6,473,477,483,487,493,497;                                       501P    446
102,6,475,481,485,491,495,499;                                       503P    447
142,1,471,501,503,1;                                                 505P    448
144,471,1,0,505;                                                     507P    449
314,75.2941176470588,75.2941176470588,75.2941176470588,;             509P    450
110,0.,0.,1000.,0.,0.,0.;                                            511P    451
110,0.,-16.5,0.2,0.,-16.7,0.;                                        513P    452
120,511,513,0.,6.28318530717959;                                     515P    453
126,1,1,1,0,1,0,0.,0.,1.,1.,1.,1.,0.,6.283185307,0.,1.,              517P    454
6.283185307,0.,0.,1.,0.,0.,1.;                                       517P    455
110,0.,-16.5,0.2,0.,-16.7,0.;                                        519P    456
126,1,1,1,0,1,0,0.,0.,1.,1.,1.,1.,1.,6.283185307,0.,1.,              521P    457
3.141592654,0.,0.,1.,0.,0.,1.;                                       521P    458
100,0.,0.,0.,0.,-16.7,0.,16.7;                                       523P    459
126,1,1,1,0,1,0,0.,0.,1.,1.,1.,1.,1.,3.141592654,0.,0.,              525P    460
3.141592654,0.,0.,1.,0.,0.,1.;                                       525P    461
110,0.,16.7,0.,0.,16.5,0.2;                                          527P    462
126,1,1,1,0,1,0,0.,0.,1.,1.,1.,1.,0.,3.141592654,0.,0.,              529P    463
6.283185307,0.,0.,1.,0.,0.,1.;                                       529P    464
124,1.46394730058386E-014,1.,-6.98296267768627E-015,                 531P    465
1.39659253553725E-015,1.,-1.46394730058386E-014,                     531P    466
1.7103043355393E-030,-3.42060867107857E-031,                         531P    467
-1.00516589285227E-028,-6.98296267768627E-015,-1.,0.4;               531P    468
100,0.2,0.,0.,16.5,0.,-16.5,0.;                                      533P    469
102,4,517,521,525,529;                                               535P    470
102,4,519,523,527,533;                                               537P    471
142,1,515,535,537,1;                                                 539P    472
144,515,1,0,539;                                                     541P    473
314,75.2941176470588,75.2941176470588,75.2941176470588,;             543P    474
110,0.,0.,0.,0.,0.,1000.;                                            545P    475
110,0.,16.5,0.2,0.,16.5,34.949443667;                                547P    476
120,545,547,0.,6.28318530717959;                                     549P    477
126,1,1,1,0,1,0,0.,0.,1.,1.,1.,1.,0.,6.283185307,0.,                 551P    478
0.266191312,6.283185307,0.,0.,1.,0.,0.,1.;                           551P    479
110,0.,16.5,0.2,0.,16.5,9.45;                                        553P    480
126,32,2,1,0,1,0,0.,0.,0.,0.0625,0.0625,0.125,0.125,0.1875,          555P    481
0.1875,0.25,0.25,0.3125,0.3125,0.375,0.375,0.4375,0.4375,0.5,        555P    482
0.5,0.5625,0.5625,0.625,0.625,0.6875,0.6875,0.75,0.75,0.8125,        555P    483
0.8125,0.875,0.875,0.9375,0.9375,1.,1.,1.,1.,1.,1.,1.,1.,1.,1.,      555P    484
1.,1.,1.,1.,1.,1.,1.,1.,1.,1.,1.,1.,1.,1.,1.,1.,1.,1.,1.,1.,1.,      555P    485
1.,1.,1.,1.,1.,0.266191312,6.283185307,0.,0.266191312,               555P    486
6.221433266,0.,0.27210495,6.16033482,0.,0.277846704,                 555P    487
6.101012248,0.,0.289020749,6.043715769,0.,0.300032451,               555P    488
5.987251732,0.,0.315946577,5.934601322,0.,0.331566323,               555P    489
5.882924841,0.,0.351196592,5.837234144,0.,0.371069701,               555P    490
5.790978222,0.,0.393949112,5.753405791,0.,0.41763848,                555P    491
5.714503254,0.,0.443229032,5.687097734,0.,0.470054199,               555P    492
5.658370035,0.,0.497809683,5.643564753,0.,0.526525146,               555P    493
5.628247402,0.,0.555495206,5.628271509,0.,0.584577802,               555P    494
5.628295709,0.,0.613400936,5.643779664,0.,0.641125131,               555P    495
5.658673263,0.,0.667914679,5.687456608,0.,0.693306372,               555P    496
5.714738063,0.,0.716821522,5.753342548,0.,0.739689948,               555P    497
5.790885318,0.,0.759556847,5.837104504,0.,0.779218451,               555P    498
5.882846083,0.,0.794859553,5.934591328,0.,0.810780069,               555P    499
5.987260959,0.,0.821794467,6.043746875,0.,0.833068531,               555P    500
6.101564453,0.,0.838810427,6.161437388,0.,0.844617839,               555P    501
6.221993468,0.,0.844617839,6.283185307,0.,0.,1.,0.,0.,1.;            555P    502
126,17,3,1,0,1,0,0.,0.,0.,0.,0.125,0.125,0.25,0.25,0.375,0.375,      557P    503
0.5,0.5,0.625,0.625,0.75,0.75,0.875,0.875,1.,1.,1.,1.,1.,1.,1.,      557P    504
1.,1.,1.,1.,1.,1.,1.,1.,1.,1.,1.,1.,1.,1.,1.,0.,16.5,9.45,           557P    505
1.368043227,16.5,9.45,2.698349475,16.325861602,9.729524152,          557P    506
5.12883259,15.7324481,10.757096337,6.207188809,15.321133039,         557P    507
11.491716603,8.026246292,14.451494074,13.316055762,8.755236469,      557P    508
13.999024589,14.394724847,9.771263669,13.3097431,16.809199687,       557P    509
10.050422196,13.085832567,18.154299479,10.049576817,                 557P    510
13.086481807,20.851999264,9.768987647,13.311553418,                  557P    511
22.200437085,8.747710896,14.003861187,24.618889936,8.023501029,      557P    512
14.452662227,25.686203157,6.213793685,15.31811941,27.502152605,      557P    513
5.125031598,15.733416066,28.244587596,2.701153254,16.325137093,      557P    514
29.26921349,1.356745223,16.5,29.55,0.,16.5,29.55,0.,1.,0.,           557P    515
0.848767372,0.52876644;                                              557P    516
126,1,1,1,0,1,0,0.,0.,1.,1.,1.,1.,0.844617839,6.283185307,0.,        559P    517
1.,6.283185307,0.,0.,1.,0.,0.,1.;                                    559P    518
110,0.,16.5,29.55,0.,16.5,34.949443667;                              561P    519
126,1,1,1,0,1,0,0.,0.,1.,1.,1.,1.,1.,6.283185307,0.,1.,              563P    520
3.141592654,0.,0.,1.,0.,0.,1.;                                       563P    521
124,1.46394730058386E-014,1.,-6.98296267768627E-015,                 565P    522
2.44050660735783E-013,1.,-1.46394730058386E-014,                     565P    523
1.7103043355393E-030,-5.97741850291459E-029,                         565P    524
-1.00516589285227E-028,-6.98296267768627E-015,-1.,                   565P    525
69.8988873349233;                                                    565P    526
100,34.949443667,0.,0.,16.5,0.,-16.5,0.;                             567P    527
126,1,1,1,0,1,0,0.,0.,1.,1.,1.,1.,1.,3.141592654,0.,0.,              569P    528
3.141592654,0.,0.,1.,0.,0.,1.;                                       569P    529
110,0.,-16.5,34.949443667,0.,-16.5,0.2;                              571P    530
126,1,1,1,0,1,0,0.,0.,1.,1.,1.,1.,0.,3.141592654,0.,0.,              573P    531
6.283185307,0.,0.,1.,0.,0.,1.;                                       573P    532
100,0.2,0.,0.,0.,-16.5,0.,16.5;                                      575P    533
102,6,551,555,559,563,569,573;                                       577P    534
102,6,553,557,561,567,571,575;                                       579P    535
142,1,549,577,579,1;                                                 581P    536
144,549,1,0,581;                                                     583P    537
314,75.2941176470588,75.2941176470588,75.2941176470588,;             585P    538
110,0.,0.,0.,0.,0.,1000.;                                            587P    539
110,0.,16.5,0.2,0.,16.5,34.949443667;                                589P    540
120,587,589,0.,6.28318530717959;                                     591P    541
126,1,1,1,0,1,0,0.,0.,1.,1.,1.,1.,1.,3.141592654,0.,1.,0.,0.,        593P    542
0.,1.,0.,0.,1.;                                                      593P    543
124,-3.06153610721843E-016,-1.,6.98296267768627E-015,                595P    544
-2.44050660735783E-013,-1.,3.06153610721843E-016,                    595P    545
-8.55138046359912E-031,2.98865989791588E-029,                        595P    546
-1.2827211909496E-030,-6.98296267768627E-015,-1.,                    595P    547
69.8988873349233;                                                    595P    548
100,34.949443667,0.,0.,16.5,0.,-16.5,0.;                             597P    549
126,1,1,1,0,1,0,0.,0.,1.,1.,1.,1.,1.,0.,0.,0.844617839,0.,0.,        599P    550
0.,1.,0.,0.,1.;                                                      599P    551
110,0.,16.5,34.949443667,0.,16.5,29.55;                              601P    552
126,32,2,1,0,1,0,0.,0.,0.,0.0625,0.0625,0.125,0.125,0.1875,          603P    553
0.1875,0.25,0.25,0.3125,0.3125,0.375,0.375,0.4375,0.4375,0.5,        603P    554
0.5,0.5625,0.5625,0.625,0.625,0.6875,0.6875,0.75,0.75,0.8125,        603P    555
0.8125,0.875,0.875,0.9375,0.9375,1.,1.,1.,1.,1.,1.,1.,1.,1.,1.,      603P    556
1.,1.,1.,1.,1.,1.,1.,1.,1.,1.,1.,1.,1.,1.,1.,1.,1.,1.,1.,1.,1.,      603P    557
1.,1.,1.,1.,1.,0.844617839,0.,0.,0.844617839,0.061413053,0.,         603P    558
0.838768593,0.122183344,0.,0.833026179,0.181843718,0.,               603P    559
0.82179028,0.239459906,0.,0.81082703,0.295677983,0.,                 603P    560
0.795002571,0.348120425,0.,0.779338662,0.400030803,0.,               603P    561
0.759629183,0.445912466,0.,0.739803621,0.492064358,0.,               603P    562
0.716983659,0.529576407,0.,0.693291715,0.568521841,0.,               603P    563
0.667694073,0.595965469,0.,0.640824719,0.624772519,0.,               603P    564
0.613020574,0.639609293,0.,0.584288834,0.654941047,0.,               603P    565
0.555302152,0.654913788,0.,0.526247243,0.654886465,0.,               603P    566
0.497451138,0.639428693,0.,0.469692026,0.62452758,0.,                603P    567
0.442869773,0.595702159,0.,0.417526477,0.568466149,0.,               603P    568
0.394052131,0.529948624,0.,0.371166276,0.492396714,0.,               603P    569
0.351284249,0.446155114,0.,0.331583754,0.400335719,0.,               603P    570
0.315918468,0.348490975,0.,0.300042062,0.295947521,0.,               603P    571
0.28904741,0.239606201,0.,0.277766074,0.181795795,0.,                603P    572
0.272015987,0.121927798,0.,0.266191312,0.061283222,0.,               603P    573
0.266191312,0.,0.,0.,1.,0.,0.,1.;                                    603P    574
126,19,3,1,0,1,0,0.,0.,0.,0.,0.125,0.125,0.25,0.25,0.375,0.375,      605P    575
0.5,0.5,0.625,0.625,0.75,0.75,0.875,0.875,0.9375,0.9375,1.,1.,       605P    576
1.,1.,1.,1.,1.,1.,1.,1.,1.,1.,1.,1.,1.,1.,1.,1.,1.,1.,1.,1.,1.,      605P    577
1.,0.,16.5,29.55,-1.359585337,16.5,29.55,-2.689033622,               605P    578
16.328123613,29.274390379,-5.137839654,15.73026148,28.23911968,      605P    579
-6.208137123,15.320636497,27.507184449,-8.024145856,                 605P    580
14.452541385,25.686198559,-8.753955658,13.99980285,                  605P    581
24.606875375,-9.769209824,13.3112268,22.197119791,-10.05048159,      605P    582
13.085786953,20.858086749,-10.049517149,13.086527631,                605P    583
18.134794929,-9.764537815,13.314589506,16.788715294,                 605P    584
-8.751435769,14.001316525,14.390241153,-8.021535845,                 605P    585
14.453519646,13.312107304,-6.217971127,15.31620392,                  605P    586
11.501757169,-5.128721422,15.732299432,10.757388038,                 605P    587
-3.309311671,16.176780071,9.987661008,-2.661976289,                  605P    588
16.297225122,9.78591603,-1.351679024,16.457783213,9.518892399,       605P    589
-0.685453496,16.5,9.45,0.,16.5,9.45,0.,1.,0.,0.848523172,            605P    590
-0.529158224;                                                        605P    591
126,1,1,1,0,1,0,0.,0.,1.,1.,1.,1.,0.266191312,0.,0.,0.,0.,0.,        607P    592
0.,1.,0.,0.,1.;                                                      607P    593
110,0.,16.5,9.45,0.,16.5,0.2;                                        609P    594
126,1,1,1,0,1,0,0.,0.,1.,1.,1.,1.,0.,0.,0.,0.,3.141592654,0.,        611P    595
0.,1.,0.,0.,1.;                                                      611P    596
100,0.2,0.,0.,0.,16.5,0.,-16.5;                                      613P    597
126,1,1,1,0,1,0,0.,0.,1.,1.,1.,1.,0.,3.141592654,0.,1.,              615P    598
3.141592654,0.,0.,1.,0.,0.,1.;                                       615P    599
110,0.,-16.5,0.2,0.,-16.5,34.949443667;                              617P    600
102,6,593,599,603,607,611,615;                                       619P    601
102,6,597,601,605,609,613,617;                                       621P    602
142,1,591,619,621,1;                                                 623P    603
144,591,1,0,623;                                                     625P    604
314,75.2941176470588,75.2941176470588,75.2941176470588,;             627P    605
110,0.,0.,1000.,0.,0.,0.;                                            629P    606
110,0.,-16.5,0.2,0.,-16.7,0.;                                        631P    607
120,629,631,0.,6.28318530717959;                                     633P    608
126,1,1,1,0,1,0,0.,0.,1.,1.,1.,1.,1.,3.141592654,0.,1.,0.,0.,        635P    609
0.,1.,0.,0.,1.;                                                      635P    610
100,0.,0.,0.,0.,16.7,0.,-16.7;                                       637P    611
126,1,1,1,0,1,0,0.,0.,1.,1.,1.,1.,1.,0.,0.,0.,0.,0.,0.,1.,0.,        639P    612
0.,1.;                                                               639P    613
110,0.,-16.7,0.,0.,-16.5,0.2;                                        641P    614
126,1,1,1,0,1,0,0.,0.,1.,1.,1.,1.,0.,0.,0.,0.,3.141592654,0.,        643P    615
0.,1.,0.,0.,1.;                                                      643P    616
124,-3.06153610721843E-016,-1.,6.98296267768627E-015,                645P    617
-1.39659253553725E-015,-1.,3.06153610721843E-016,                    645P    618
-8.55138046359912E-031,1.71027609271982E-031,                        645P    619
-1.2827211909496E-030,-6.98296267768627E-015,-1.,0.4;                645P    620
100,0.2,0.,0.,16.5,0.,-16.5,0.;                                      647P    621
126,1,1,1,0,1,0,0.,0.,1.,1.,1.,1.,0.,3.141592654,0.,1.,              649P    622
3.141592654,0.,0.,1.,0.,0.,1.;                                       649P    623
110,0.,16.5,0.2,0.,16.7,0.;                                          651P    624
102,4,635,639,643,649;                                               653P    625
102,4,637,641,647,651;                                               655P    626
142,1,633,653,655,1;                                                 657P    627
144,633,1,0,657;                                                     659P    628
314,75.2941176470588,75.2941176470588,75.2941176470588,;             661P    629
110,-21.2,-11.,40.1,-21.2,-11.,1040.1;                               663P    630
110,-21.2,-5.925,31.1,-21.2,-5.925,40.1;                             665P    631
120,663,665,0.,6.28318530717959;                                     667P    632
126,1,1,1,0,1,0,0.,0.,1.,1.,1.,1.,1.,3.141592654,0.,1.,0.,0.,        669P    633
0.,1.,0.,0.,1.;                                                      669P    634
124,1.60812264967664E-016,-1.,6.98296267768627E-015,                 671P    635
-32.2000000000003,-1.,-1.60812264967664E-016,0.,-32.2,               671P    636
1.12294604438339E-030,-6.98296267768627E-015,-1.,                    671P    637
80.1999999999999;                                                    671P    638
100,40.1,-21.2,-11.,-16.125,-11.,-26.275,-11.;                       673P    639
126,1,1,1,0,1,0,0.,0.,1.,1.,1.,1.,1.,0.,0.,0.,0.,0.,0.,1.,0.,        675P    640
0.,1.;                                                               675P    641
110,-21.2,-5.925,40.1,-21.2,-5.925,31.1;                             677P    642
126,1,1,1,0,1,0,0.,0.,1.,1.,1.,1.,0.,0.,0.,0.,3.141592654,0.,        679P    643
0.,1.,0.,0.,1.;                                                      679P    644
100,31.1,-21.2,-11.,-21.2,-5.925,-21.2,-16.075;                      681P    645
126,1,1,1,0,1,0,0.,0.,1.,1.,1.,1.,0.,3.141592654,0.,1.,              683P    646
3.141592654,0.,0.,1.,0.,0.,1.;                                       683P    647
110,-21.2,-16.075,31.1,-21.2,-16.075,40.1;                           685P    648
102,4,669,675,679,683;                                               687P    649
102,4,673,677,681,685;                                               689P    650
142,1,667,687,689,1;                                                 691P    651
144,667,1,0,691;                                                     693P    652
314,75.2941176470588,75.2941176470588,75.2941176470588,;             695P    653
110,0.,0.,0.,0.,0.,1000.;                                            697P    654
110,0.,10.,35.949443667,0.,10.,46.6;                                 699P    655
120,697,699,0.,6.28318530717959;                                     701P    656
126,1,1,1,0,1,0,0.,0.,1.,1.,1.,1.,1.,3.141592654,0.,1.,0.,0.,        703P    657
0.,1.,0.,0.,1.;                                                      703P    658
124,-3.06153610721843E-016,-1.,6.98296267768627E-015,                705P    659
-3.2540606078018E-013,-1.,3.06153610721843E-016,                     705P    660
-8.55138046359912E-031,3.98494329603718E-029,                        705P    661
-1.2827211909496E-030,-6.98296267768627E-015,-1.,93.2;               705P    662
100,46.6,0.,0.,10.,0.,-10.,0.;                                       707P    663
126,1,1,1,0,1,0,0.,0.,1.,1.,1.,1.,1.,0.,0.,0.,0.,0.,0.,1.,0.,        709P    664
0.,1.;                                                               709P    665
110,0.,10.,46.6,0.,10.,35.949443667;                                 711P    666
126,1,1,1,0,1,0,0.,0.,1.,1.,1.,1.,0.,0.,0.,0.,3.141592654,0.,        713P    667
0.,1.,0.,0.,1.;                                                      713P    668
100,35.949443667,0.,0.,0.,10.,0.,-10.;                               715P    669
126,1,1,1,0,1,0,0.,0.,1.,1.,1.,1.,0.,3.141592654,0.,1.,              717P    670
3.141592654,0.,0.,1.,0.,0.,1.;                                       717P    671
110,0.,-10.,35.949443667,0.,-10.,46.6;                               719P    672
102,4,703,709,713,717;                                               721P    673
102,4,707,711,715,719;                                               723P    674
142,1,701,721,723,1;                                                 725P    675
144,701,1,0,725;                                                     727P    676
314,75.2941176470588,75.2941176470588,75.2941176470588,;             729P    677
128,1,1,1,1,0,0,1,0,0,0.,0.,1.,1.,0.,0.,1.,1.,1.,1.,1.,1.,           731P    678
14.168,-14.168,46.6,14.168,14.168,46.6,-14.168,-14.168,46.6,         731P    679
-14.168,14.168,46.6,0.,1.,0.,1.;                                     731P    680
126,64,2,1,0,1,0,0.,0.,0.,0.03125,0.03125,0.0625,0.0625,             733P    681
0.09375,0.09375,0.125,0.125,0.15625,0.15625,0.1875,0.1875,           733P    682
0.21875,0.21875,0.25,0.25,0.28125,0.28125,0.3125,0.3125,             733P    683
0.34375,0.34375,0.375,0.375,0.40625,0.40625,0.4375,0.4375,           733P    684
0.46875,0.46875,0.5,0.5,0.53125,0.53125,0.5625,0.5625,0.59375,       733P    685
0.59375,0.625,0.625,0.65625,0.65625,0.6875,0.6875,0.71875,           733P    686
0.71875,0.75,0.75,0.78125,0.78125,0.8125,0.8125,0.84375,             733P    687
0.84375,0.875,0.875,0.90625,0.90625,0.9375,0.9375,0.96875,           733P    688
0.96875,1.,1.,1.,1.,1.,1.,1.,1.,1.,1.,1.,1.,1.,1.,1.,1.,1.,1.,       733P    689
1.,1.,1.,1.,1.,1.,1.,1.,1.,1.,1.,1.,1.,1.,1.,1.,1.,1.,1.,1.,1.,      733P    690
1.,1.,1.,1.,1.,1.,1.,1.,1.,1.,1.,1.,1.,1.,1.,1.,1.,1.,1.,1.,1.,      733P    691
1.,1.,1.,1.,1.,1.,1.,1.,0.994071146,0.5,0.,0.994071146,              733P    692
0.524272159,0.,0.991692059,0.548427441,0.,0.989312971,               733P    693
0.572582723,0.,0.984577708,0.596388499,0.,0.979842444,               733P    694
0.620194275,0.,0.972796609,0.643421283,0.,0.965750773,               733P    695
0.666648291,0.,0.95646222,0.689072842,0.,0.947173667,                733P    696
0.711497393,0.,0.93573185,0.732903526,0.,0.924290033,                733P    697
0.754309659,0.,0.910805144,0.774491222,0.,0.897320255,               733P    698
0.794672784,0.,0.881922161,0.813435417,0.,0.866524066,               733P    699
0.83219805,0.,0.849361058,0.849361058,0.,0.83219805,                 733P    700
0.866524066,0.,0.813435417,0.881922161,0.,0.794672784,               733P    701
0.897320255,0.,0.774491222,0.910805144,0.,0.754309659,               733P    702
0.924290033,0.,0.732903526,0.93573185,0.,0.711497393,                733P    703
0.947173667,0.,0.689072842,0.95646222,0.,0.666648291,                733P    704
0.965750773,0.,0.643421283,0.972796609,0.,0.620194275,               733P    705
0.979842444,0.,0.596388499,0.984577708,0.,0.572582723,               733P    706
0.989312971,0.,0.548427441,0.991692059,0.,0.524272159,               733P    707
0.994071146,0.,0.5,0.994071146,0.,0.475727841,0.994071146,0.,        733P    708
0.451572559,0.991692059,0.,0.427417277,0.989312971,0.,               733P    709
0.403611501,0.984577708,0.,0.379805725,0.979842444,0.,               733P    710
0.356578717,0.972796609,0.,0.333351709,0.965750773,0.,               733P    711
0.310927158,0.95646222,0.,0.288502607,0.947173667,0.,                733P    712
0.267096474,0.93573185,0.,0.245690341,0.924290033,0.,                733P    713
0.225508778,0.910805144,0.,0.205327216,0.897320255,0.,               733P    714
0.186564583,0.881922161,0.,0.16780195,0.866524066,0.,                733P    715
0.150638942,0.849361058,0.,0.133475934,0.83219805,0.,                733P    716
0.118077839,0.813435417,0.,0.102679745,0.794672784,0.,               733P    717
0.089194856,0.774491222,0.,0.075709967,0.754309659,0.,               733P    718
0.06426815,0.732903526,0.,0.052826333,0.711497393,0.,                733P    719
0.04353778,0.689072842,0.,0.034249227,0.666648291,0.,                733P    720
0.027203391,0.643421283,0.,0.020157556,0.620194275,0.,               733P    721
0.015422292,0.596388499,0.,0.010687029,0.572582723,0.,               733P    722
0.008307941,0.548427441,0.,0.005928854,0.524272159,0.,               733P    723
0.005928854,0.5,0.,0.,1.,0.,0.,-1.;                                  733P    724
100,46.6,0.,0.,0.,14.,0.,-14.;                                       735P    725
126,64,2,1,0,1,0,0.,0.,0.,0.03125,0.03125,0.0625,0.0625,             737P    726
0.09375,0.09375,0.125,0.125,0.15625,0.15625,0.1875,0.1875,           737P    727
0.21875,0.21875,0.25,0.25,0.28125,0.28125,0.3125,0.3125,             737P    728
0.34375,0.34375,0.375,0.375,0.40625,0.40625,0.4375,0.4375,           737P    729
0.46875,0.46875,0.5,0.5,0.53125,0.53125,0.5625,0.5625,0.59375,       737P    730
0.59375,0.625,0.625,0.65625,0.65625,0.6875,0.6875,0.71875,           737P    731
0.71875,0.75,0.75,0.78125,0.78125,0.8125,0.8125,0.84375,             737P    732
0.84375,0.875,0.875,0.90625,0.90625,0.9375,0.9375,0.96875,           737P    733
0.96875,1.,1.,1.,1.,1.,1.,1.,1.,1.,1.,1.,1.,1.,1.,1.,1.,1.,1.,       737P    734
1.,1.,1.,1.,1.,1.,1.,1.,1.,1.,1.,1.,1.,1.,1.,1.,1.,1.,1.,1.,1.,      737P    735
1.,1.,1.,1.,1.,1.,1.,1.,1.,1.,1.,1.,1.,1.,1.,1.,1.,1.,1.,1.,1.,      737P    736
1.,1.,1.,1.,1.,1.,1.,1.,0.005928854,0.5,0.,0.005928854,              737P    737
0.475727841,0.,0.008307941,0.451572559,0.,0.010687029,               737P    738
0.427417277,0.,0.015422292,0.403611501,0.,0.020157556,               737P    739
0.379805725,0.,0.027203391,0.356578717,0.,0.034249227,               737P    740
0.333351709,0.,0.04353778,0.310927158,0.,0.052826333,                737P    741
0.288502607,0.,0.06426815,0.267096474,0.,0.075709967,                737P    742
0.245690341,0.,0.089194856,0.225508778,0.,0.102679745,               737P    743
0.205327216,0.,0.118077839,0.186564583,0.,0.133475934,               737P    744
0.16780195,0.,0.150638942,0.150638942,0.,0.16780195,                 737P    745
0.133475934,0.,0.186564583,0.118077839,0.,0.205327216,               737P    746
0.102679745,0.,0.225508778,0.089194856,0.,0.245690341,               737P    747
0.075709967,0.,0.267096474,0.06426815,0.,0.288502607,                737P    748
0.052826333,0.,0.310927158,0.04353778,0.,0.333351709,                737P    749
0.034249227,0.,0.356578717,0.027203391,0.,0.379805725,               737P    750
0.020157556,0.,0.403611501,0.015422292,0.,0.427417277,               737P    751
0.010687029,0.,0.451572559,0.008307941,0.,0.475727841,               737P    752
0.005928854,0.,0.5,0.005928854,0.,0.524272159,0.005928854,0.,        737P    753
0.548427441,0.008307941,0.,0.572582723,0.010687029,0.,               737P    754
0.596388499,0.015422292,0.,0.620194275,0.020157556,0.,               737P    755
0.643421283,0.027203391,0.,0.666648291,0.034249227,0.,               737P    756
0.689072842,0.04353778,0.,0.711497393,0.052826333,0.,                737P    757
0.732903526,0.06426815,0.,0.754309659,0.075709967,0.,                737P    758
0.774491222,0.089194856,0.,0.794672784,0.102679745,0.,               737P    759
0.813435417,0.118077839,0.,0.83219805,0.133475934,0.,                737P    760
0.849361058,0.150638942,0.,0.866524066,0.16780195,0.,                737P    761
0.881922161,0.186564583,0.,0.897320255,0.205327216,0.,               737P    762
0.910805144,0.225508778,0.,0.924290033,0.245690341,0.,               737P    763
0.93573185,0.267096474,0.,0.947173667,0.288502607,0.,                737P    764
0.95646222,0.310927158,0.,0.965750773,0.333351709,0.,                737P    765
0.972796609,0.356578717,0.,0.979842444,0.379805725,0.,               737P    766
0.984577708,0.403611501,0.,0.989312971,0.427417277,0.,               737P    767
0.991692059,0.451572559,0.,0.994071146,0.475727841,0.,               737P    768
0.994071146,0.5,0.,0.,1.,0.,0.,-1.;                                  737P    769
100,46.6,0.,0.,0.,-14.,0.,14.;                                       739P    770
102,2,733,737;                                                       741P    771
102,2,735,739;                                                       743P    772
142,1,731,741,743,1;                                                 745P    773
126,32,2,1,0,1,0,0.,0.,0.,0.0625,0.0625,0.125,0.125,0.1875,          747P    774
0.1875,0.25,0.25,0.3125,0.3125,0.375,0.375,0.4375,0.4375,0.5,        747P    775
0.5,0.5625,0.5625,0.625,0.625,0.6875,0.6875,0.75,0.75,0.8125,        747P    776
0.8125,0.875,0.875,0.9375,0.9375,1.,1.,1.,1.,1.,1.,1.,1.,1.,1.,      747P    777
1.,1.,1.,1.,1.,1.,1.,1.,1.,1.,1.,1.,1.,1.,1.,1.,1.,1.,1.,1.,1.,      747P    778
1.,1.,1.,1.,1.,0.147092038,0.5,0.,0.147092038,0.5347584,0.,          747P    779
0.153873066,0.568848928,0.,0.160654093,0.602939455,0.,               747P    780
0.173955557,0.63505203,0.,0.187257021,0.667164605,0.,                747P    781
0.206567754,0.696065158,0.,0.225878487,0.724965712,0.,               747P    782
0.250456387,0.749543613,0.,0.275034288,0.774121513,0.,               747P    783
0.303934842,0.793432246,0.,0.332835395,0.812742979,0.,               747P    784
0.36494797,0.826044443,0.,0.397060545,0.839345907,0.,                747P    785
0.431151072,0.846126934,0.,0.4652416,0.852907962,0.,0.5,             747P    786
0.852907962,0.,0.5347584,0.852907962,0.,0.568848928,                 747P    787
0.846126934,0.,0.602939455,0.839345907,0.,0.63505203,                747P    788
0.826044443,0.,0.667164605,0.812742979,0.,0.696065158,               747P    789
0.793432246,0.,0.724965712,0.774121513,0.,0.749543613,               747P    790
0.749543613,0.,0.774121513,0.724965712,0.,0.793432246,               747P    791
0.696065158,0.,0.812742979,0.667164605,0.,0.826044443,               747P    792
0.63505203,0.,0.839345907,0.602939455,0.,0.846126934,                747P    793
0.568848928,0.,0.852907962,0.5347584,0.,0.852907962,0.5,0.,0.,       747P    794
1.,0.,0.,1.;                                                         747P    795
124,-3.06153610721843E-016,-1.,6.98296267768627E-015,                749P    796
-3.2540606078018E-013,-1.,3.06153610721843E-016,                     749P    797
-8.55138046359912E-031,3.98494329603718E-029,                        749P    798
-1.2827211909496E-030,-6.98296267768627E-015,-1.,93.2;               749P    799
100,46.6,0.,0.,10.,0.,-10.,0.;                                       751P    800
126,32,2,1,0,1,0,0.,0.,0.,0.0625,0.0625,0.125,0.125,0.1875,          753P    801
0.1875,0.25,0.25,0.3125,0.3125,0.375,0.375,0.4375,0.4375,0.5,        753P    802
0.5,0.5625,0.5625,0.625,0.625,0.6875,0.6875,0.75,0.75,0.8125,        753P    803
0.8125,0.875,0.875,0.9375,0.9375,1.,1.,1.,1.,1.,1.,1.,1.,1.,1.,      753P    804
1.,1.,1.,1.,1.,1.,1.,1.,1.,1.,1.,1.,1.,1.,1.,1.,1.,1.,1.,1.,1.,      753P    805
1.,1.,1.,1.,1.,0.852907962,0.5,0.,0.852907962,0.4652416,0.,          753P    806
0.846126934,0.431151072,0.,0.839345907,0.397060545,0.,               753P    807
0.826044443,0.36494797,0.,0.812742979,0.332835395,0.,                753P    808
0.793432246,0.303934842,0.,0.774121513,0.275034288,0.,               753P    809
0.749543613,0.250456387,0.,0.724965712,0.225878487,0.,               753P    810
0.696065158,0.206567754,0.,0.667164605,0.187257021,0.,               753P    811
0.63505203,0.173955557,0.,0.602939455,0.160654093,0.,                753P    812
0.568848928,0.153873066,0.,0.5347584,0.147092038,0.,0.5,             753P    813
0.147092038,0.,0.4652416,0.147092038,0.,0.431151072,                 753P    814
0.153873066,0.,0.397060545,0.160654093,0.,0.36494797,                753P    815
0.173955557,0.,0.332835395,0.187257021,0.,0.303934842,               753P    816
0.206567754,0.,0.275034288,0.225878487,0.,0.250456387,               753P    817
0.250456387,0.,0.225878487,0.275034288,0.,0.206567754,               753P    818
0.303934842,0.,0.187257021,0.332835395,0.,0.173955557,               753P    819
0.36494797,0.,0.160654093,0.397060545,0.,0.153873066,                753P    820
0.431151072,0.,0.147092038,0.4652416,0.,0.147092038,0.5,0.,0.,       753P    821
1.,0.,0.,1.;                                                         753P    822
124,1.46394730058386E-014,1.,-6.98296267768627E-015,                 755P    823
3.2540606078018E-013,1.,-1.46394730058386E-014,                      755P    824
1.7103043355393E-030,-7.97001820361314E-029,                         755P    825
-1.00516589285227E-028,-6.98296267768627E-015,-1.,93.2;              755P    826
100,46.6,0.,0.,10.,0.,-10.,0.;                                       757P    827
102,2,747,753;                                                       759P    828
102,2,751,757;                                                       761P    829
142,1,731,759,761,1;                                                 763P    830
144,731,1,1,745,763;                                                 765P    831
314,75.2941176470588,75.2941176470588,75.2941176470588,;             767P    832
110,0.,0.,0.,0.,0.,1000.;                                            769P    833
110,0.,14.,46.6,0.,14.,48.689675374;                                 771P    834
120,769,771,0.,6.28318530717959;                                     773P    835
126,1,1,1,0,1,0,0.,0.,1.,1.,1.,1.,1.,3.141592654,0.,1.,0.,0.,        775P    836
0.,1.,0.,0.,1.;                                                      775P    837
124,-3.06153610721843E-016,-1.,6.98296267768627E-015,                777P    838
-3.39998185925998E-013,-1.,3.06153610721843E-016,                    777P    839
-8.55138046359912E-031,4.16363938773057E-029,                        777P    840
-1.2827211909496E-030,-6.98296267768627E-015,-1.,                    777P    841
97.3793507481992;                                                    777P    842
100,48.689675374,0.,0.,14.,0.,-14.,0.;                               779P    843
126,1,1,1,0,1,0,0.,0.,1.,1.,1.,1.,1.,0.,0.,0.,0.,0.,0.,1.,0.,        781P    844
0.,1.;                                                               781P    845
110,0.,14.,48.689675374,0.,14.,46.6;                                 783P    846
126,1,1,1,0,1,0,0.,0.,1.,1.,1.,1.,0.,0.,0.,0.,3.141592654,0.,        785P    847
0.,1.,0.,0.,1.;                                                      785P    848
100,46.6,0.,0.,0.,14.,0.,-14.;                                       787P    849
126,1,1,1,0,1,0,0.,0.,1.,1.,1.,1.,0.,3.141592654,0.,1.,              789P    850
3.141592654,0.,0.,1.,0.,0.,1.;                                       789P    851
110,0.,-14.,46.6,0.,-14.,48.689675374;                               791P    852
102,4,775,781,785,789;                                               793P    853
102,4,779,783,787,791;                                               795P    854
142,1,773,793,795,1;                                                 797P    855
144,773,1,0,797;                                                     799P    856
314,75.2941176470588,75.2941176470588,75.2941176470588,;             801P    857
110,0.,0.,-951.310324626,0.,0.,48.689675374;                         803P    858
110,0.,14.,48.689675374,0.,15.15,54.1;                               805P    859
120,803,805,0.,6.28318530717959;                                     807P    860
126,1,1,1,0,1,0,0.,0.,1.,1.,1.,1.,1.,3.141592654,0.,1.,0.,0.,        809P    861
0.,1.,0.,0.,1.;                                                      809P    862
124,-3.06153610721843E-016,-1.,6.98296267768627E-015,                811P    863
-3.77778280862827E-013,-1.,3.06153610721843E-016,                    811P    864
-8.55138046359912E-031,4.62629683080711E-029,                        811P    865
-1.2827211909496E-030,-6.98296267768627E-015,-1.,108.2;              811P    866
100,54.1,0.,0.,15.15,0.,-15.15,0.;                                   813P    867
126,1,1,1,0,1,0,0.,0.,1.,1.,1.,1.,1.,0.,0.,0.,0.,0.,0.,1.,0.,        815P    868
0.,1.;                                                               815P    869
110,0.,15.15,54.1,0.,14.,48.689675374;                               817P    870
126,1,1,1,0,1,0,0.,0.,1.,1.,1.,1.,0.,0.,0.,0.,3.141592654,0.,        819P    871
0.,1.,0.,0.,1.;                                                      819P    872
100,48.689675374,0.,0.,0.,14.,0.,-14.;                               821P    873
126,1,1,1,0,1,0,0.,0.,1.,1.,1.,1.,0.,3.141592654,0.,1.,              823P    874
3.141592654,0.,0.,1.,0.,0.,1.;                                       823P    875
110,0.,-14.,48.689675374,0.,-15.15,54.1;                             825P    876
102,4,809,815,819,823;                                               827P    877
102,4,813,817,821,825;                                               829P    878
142,1,807,827,829,1;                                                 831P    879
144,807,1,0,831;                                                     833P    880
314,75.2941176470588,75.2941176470588,75.2941176470588,;             835P    881
128,1,1,1,1,0,0,1,0,0,0.,0.,1.,1.,0.,0.,1.,1.,1.,1.,1.,1.,           837P    882
16.463164583,-16.463164583,54.1,16.463164583,16.463164583,54.1,      837P    883
-16.463164583,-16.463164583,54.1,-16.463164583,16.463164583,         837P    884
54.1,0.,1.,0.,1.;                                                    837P    885
126,64,2,1,0,1,0,0.,0.,0.,0.03125,0.03125,0.0625,0.0625,             839P    886
0.09375,0.09375,0.125,0.125,0.15625,0.15625,0.1875,0.1875,           839P    887
0.21875,0.21875,0.25,0.25,0.28125,0.28125,0.3125,0.3125,             839P    888
0.34375,0.34375,0.375,0.375,0.40625,0.40625,0.4375,0.4375,           839P    889
0.46875,0.46875,0.5,0.5,0.53125,0.53125,0.5625,0.5625,0.59375,       839P    890
0.59375,0.625,0.625,0.65625,0.65625,0.6875,0.6875,0.71875,           839P    891
0.71875,0.75,0.75,0.78125,0.78125,0.8125,0.8125,0.84375,             839P    892
0.84375,0.875,0.875,0.90625,0.90625,0.9375,0.9375,0.96875,           839P    893
0.96875,1.,1.,1.,1.,1.,1.,1.,1.,1.,1.,1.,1.,1.,1.,1.,1.,1.,1.,       839P    894
1.,1.,1.,1.,1.,1.,1.,1.,1.,1.,1.,1.,1.,1.,1.,1.,1.,1.,1.,1.,1.,      839P    895
1.,1.,1.,1.,1.,1.,1.,1.,1.,1.,1.,1.,1.,1.,1.,1.,1.,1.,1.,1.,1.,      839P    896
1.,1.,1.,1.,1.,1.,1.,1.,0.5,0.005928854,0.,0.524272159,              839P    897
0.005928854,0.,0.548427441,0.008307941,0.,0.572582723,               839P    898
0.010687029,0.,0.596388499,0.015422292,0.,0.620194275,               839P    899
0.020157556,0.,0.643421283,0.027203391,0.,0.666648291,               839P    900
0.034249227,0.,0.689072842,0.04353778,0.,0.711497393,                839P    901
0.052826333,0.,0.732903526,0.06426815,0.,0.754309659,                839P    902
0.075709967,0.,0.774491222,0.089194856,0.,0.794672784,               839P    903
0.102679745,0.,0.813435417,0.118077839,0.,0.83219805,                839P    904
0.133475934,0.,0.849361058,0.150638942,0.,0.866524066,               839P    905
0.16780195,0.,0.881922161,0.186564583,0.,0.897320255,                839P    906
0.205327216,0.,0.910805144,0.225508778,0.,0.924290033,               839P    907
0.245690341,0.,0.93573185,0.267096474,0.,0.947173667,                839P    908
0.288502607,0.,0.95646222,0.310927158,0.,0.965750773,                839P    909
0.333351709,0.,0.972796609,0.356578717,0.,0.979842444,               839P    910
0.379805725,0.,0.984577708,0.403611501,0.,0.989312971,               839P    911
0.427417277,0.,0.991692059,0.451572559,0.,0.994071146,               839P    912
0.475727841,0.,0.994071146,0.5,0.,0.994071146,0.524272159,0.,        839P    913
0.991692059,0.548427441,0.,0.989312971,0.572582723,0.,               839P    914
0.984577708,0.596388499,0.,0.979842444,0.620194275,0.,               839P    915
0.972796609,0.643421283,0.,0.965750773,0.666648291,0.,               839P    916
0.95646222,0.689072842,0.,0.947173667,0.711497393,0.,                839P    917
0.93573185,0.732903526,0.,0.924290033,0.754309659,0.,                839P    918
0.910805144,0.774491222,0.,0.897320255,0.794672784,0.,               839P    919
0.881922161,0.813435417,0.,0.866524066,0.83219805,0.,                839P    920
0.849361058,0.849361058,0.,0.83219805,0.866524066,0.,                839P    921
0.813435417,0.881922161,0.,0.794672784,0.897320255,0.,               839P    922
0.774491222,0.910805144,0.,0.754309659,0.924290033,0.,               839P    923
0.732903526,0.93573185,0.,0.711497393,0.947173667,0.,                839P    924
0.689072842,0.95646222,0.,0.666648291,0.965750773,0.,                839P    925
0.643421283,0.972796609,0.,0.620194275,0.979842444,0.,               839P    926
0.596388499,0.984577708,0.,0.572582723,0.989312971,0.,               839P    927
0.548427441,0.991692059,0.,0.524272159,0.994071146,0.,0.5,           839P    928
0.994071146,0.,0.,1.,0.,0.,-1.;                                      839P    929
100,54.1,0.,0.,16.267949192,0.,-16.267949192,0.;                     841P    930
126,64,2,1,0,1,0,0.,0.,0.,0.03125,0.03125,0.0625,0.0625,             843P    931
0.09375,0.09375,0.125,0.125,0.15625,0.15625,0.1875,0.1875,           843P    932
0.21875,0.21875,0.25,0.25,0.28125,0.28125,0.3125,0.3125,             843P    933
0.34375,0.34375,0.375,0.375,0.40625,0.40625,0.4375,0.4375,           843P    934
0.46875,0.46875,0.5,0.5,0.53125,0.53125,0.5625,0.5625,0.59375,       843P    935
0.59375,0.625,0.625,0.65625,0.65625,0.6875,0.6875,0.71875,           843P    936
0.71875,0.75,0.75,0.78125,0.78125,0.8125,0.8125,0.84375,             843P    937
0.84375,0.875,0.875,0.90625,0.90625,0.9375,0.9375,0.96875,           843P    938
0.96875,1.,1.,1.,1.,1.,1.,1.,1.,1.,1.,1.,1.,1.,1.,1.,1.,1.,1.,       843P    939
1.,1.,1.,1.,1.,1.,1.,1.,1.,1.,1.,1.,1.,1.,1.,1.,1.,1.,1.,1.,1.,      843P    940
1.,1.,1.,1.,1.,1.,1.,1.,1.,1.,1.,1.,1.,1.,1.,1.,1.,1.,1.,1.,1.,      843P    941
1.,1.,1.,1.,1.,1.,1.,1.,0.5,0.994071146,0.,0.475727841,              843P    942
0.994071146,0.,0.451572559,0.991692059,0.,0.427417277,               843P    943
0.989312971,0.,0.403611501,0.984577708,0.,0.379805725,               843P    944
0.979842444,0.,0.356578717,0.972796609,0.,0.333351709,               843P    945
0.965750773,0.,0.310927158,0.95646222,0.,0.288502607,                843P    946
0.947173667,0.,0.267096474,0.93573185,0.,0.245690341,                843P    947
0.924290033,0.,0.225508778,0.910805144,0.,0.205327216,               843P    948
0.897320255,0.,0.186564583,0.881922161,0.,0.16780195,                843P    949
0.866524066,0.,0.150638942,0.849361058,0.,0.133475934,               843P    950
0.83219805,0.,0.118077839,0.813435417,0.,0.102679745,                843P    951
0.794672784,0.,0.089194856,0.774491222,0.,0.075709967,               843P    952
0.754309659,0.,0.06426815,0.732903526,0.,0.052826333,                843P    953
0.711497393,0.,0.04353778,0.689072842,0.,0.034249227,                843P    954
0.666648291,0.,0.027203391,0.643421283,0.,0.020157556,               843P    955
0.620194275,0.,0.015422292,0.596388499,0.,0.010687029,               843P    956
0.572582723,0.,0.008307941,0.548427441,0.,0.005928854,               843P    957
0.524272159,0.,0.005928854,0.5,0.,0.005928854,0.475727841,0.,        843P    958
0.008307941,0.451572559,0.,0.010687029,0.427417277,0.,               843P    959
0.015422292,0.403611501,0.,0.020157556,0.379805725,0.,               843P    960
0.027203391,0.356578717,0.,0.034249227,0.333351709,0.,               843P    961
0.04353778,0.310927158,0.,0.052826333,0.288502607,0.,                843P    962
0.06426815,0.267096474,0.,0.075709967,0.245690341,0.,                843P    963
0.089194856,0.225508778,0.,0.102679745,0.205327216,0.,               843P    964
0.118077839,0.186564583,0.,0.133475934,0.16780195,0.,                843P    965
0.150638942,0.150638942,0.,0.16780195,0.133475934,0.,                843P    966
0.186564583,0.118077839,0.,0.205327216,0.102679745,0.,               843P    967
0.225508778,0.089194856,0.,0.245690341,0.075709967,0.,               843P    968
0.267096474,0.06426815,0.,0.288502607,0.052826333,0.,                843P    969
0.310927158,0.04353778,0.,0.333351709,0.034249227,0.,                843P    970
0.356578717,0.027203391,0.,0.379805725,0.020157556,0.,               843P    971
0.403611501,0.015422292,0.,0.427417277,0.010687029,0.,               843P    972
0.451572559,0.008307941,0.,0.475727841,0.005928854,0.,0.5,           843P    973
0.005928854,0.,0.,1.,0.,0.,-1.;                                      843P    974
100,54.1,0.,0.,-16.267949192,0.,16.267949192,0.;                     845P    975
102,2,839,843;                                                       847P    976
102,2,841,845;                                                       849P    977
142,1,837,847,849,1;                                                 851P    978
126,64,2,1,0,1,0,0.,0.,0.,0.03125,0.03125,0.0625,0.0625,             853P    979
0.09375,0.09375,0.125,0.125,0.15625,0.15625,0.1875,0.1875,           853P    980
0.21875,0.21875,0.25,0.25,0.28125,0.28125,0.3125,0.3125,             853P    981
0.34375,0.34375,0.375,0.375,0.40625,0.40625,0.4375,0.4375,           853P    982
0.46875,0.46875,0.5,0.5,0.53125,0.53125,0.5625,0.5625,0.59375,       853P    983
0.59375,0.625,0.625,0.65625,0.65625,0.6875,0.6875,0.71875,           853P    984
0.71875,0.75,0.75,0.78125,0.78125,0.8125,0.8125,0.84375,             853P    985
0.84375,0.875,0.875,0.90625,0.90625,0.9375,0.9375,0.96875,           853P    986
0.96875,1.,1.,1.,1.,1.,1.,1.,1.,1.,1.,1.,1.,1.,1.,1.,1.,1.,1.,       853P    987
1.,1.,1.,1.,1.,1.,1.,1.,1.,1.,1.,1.,1.,1.,1.,1.,1.,1.,1.,1.,1.,      853P    988
1.,1.,1.,1.,1.,1.,1.,1.,1.,1.,1.,1.,1.,1.,1.,1.,1.,1.,1.,1.,1.,      853P    989
1.,1.,1.,1.,1.,1.,1.,1.,0.0398819,0.5,0.,0.0398819,0.522604153,      853P    990
0.,0.042097495,0.54509946,0.,0.044313089,0.567594768,0.,             853P    991
0.048722941,0.589764588,0.,0.053132792,0.611934408,0.,               853P    992
0.059694431,0.633565234,0.,0.066256071,0.65519606,0.,                853P    993
0.074906305,0.676079574,0.,0.08355654,0.696963088,0.,                853P    994
0.094212064,0.716898171,0.,0.104867588,0.736833254,0.,               853P    995
0.117425782,0.75562792,0.,0.129983977,0.774422586,0.,                853P    996
0.144323899,0.791895832,0.,0.158663822,0.809369079,0.,               853P    997
0.174647372,0.825352628,0.,0.190630921,0.841336178,0.,               853P    998
0.208104168,0.855676101,0.,0.225577414,0.870016023,0.,               853P    999
0.24437208,0.882574218,0.,0.263166746,0.895132412,0.,                853P   1000
0.283101829,0.905787936,0.,0.303036912,0.91644346,0.,                853P   1001
0.323920426,0.925093695,0.,0.34480394,0.933743929,0.,                853P   1002
0.366434766,0.940305569,0.,0.388065592,0.946867208,0.,               853P   1003
0.410235412,0.951277059,0.,0.432405232,0.955686911,0.,               853P   1004
0.45490054,0.957902505,0.,0.477395847,0.9601181,0.,0.5,              853P   1005
0.9601181,0.,0.522604153,0.9601181,0.,0.54509946,0.957902505,        853P   1006
0.,0.567594768,0.955686911,0.,0.589764588,0.951277059,0.,            853P   1007
0.611934408,0.946867208,0.,0.633565234,0.940305569,0.,               853P   1008
0.65519606,0.933743929,0.,0.676079574,0.925093695,0.,                853P   1009
0.696963088,0.91644346,0.,0.716898171,0.905787936,0.,                853P   1010
0.736833254,0.895132412,0.,0.75562792,0.882574218,0.,                853P   1011
0.774422586,0.870016023,0.,0.791895832,0.855676101,0.,               853P   1012
0.809369079,0.841336178,0.,0.825352628,0.825352628,0.,               853P   1013
0.841336178,0.809369079,0.,0.855676101,0.791895832,0.,               853P   1014
0.870016023,0.774422586,0.,0.882574218,0.75562792,0.,                853P   1015
0.895132412,0.736833254,0.,0.905787936,0.716898171,0.,               853P   1016
0.91644346,0.696963088,0.,0.925093695,0.676079574,0.,                853P   1017
0.933743929,0.65519606,0.,0.940305569,0.633565234,0.,                853P   1018
0.946867208,0.611934408,0.,0.951277059,0.589764588,0.,               853P   1019
0.955686911,0.567594768,0.,0.957902505,0.54509946,0.,0.9601181,      853P   1020
0.522604153,0.,0.9601181,0.5,0.,0.,1.,0.,0.,1.;                      853P   1021
124,-3.06153610721843E-016,-1.,6.98296267768627E-015,                855P   1022
-3.77778280862827E-013,-1.,3.06153610721843E-016,                    855P   1023
-8.55138046359912E-031,4.62629683080711E-029,                        855P   1024
-1.2827211909496E-030,-6.98296267768627E-015,-1.,108.2;              855P   1025
100,54.1,0.,0.,15.15,0.,-15.15,0.;                                   857P   1026
126,64,2,1,0,1,0,0.,0.,0.,0.03125,0.03125,0.0625,0.0625,             859P   1027
0.09375,0.09375,0.125,0.125,0.15625,0.15625,0.1875,0.1875,           859P   1028
0.21875,0.21875,0.25,0.25,0.28125,0.28125,0.3125,0.3125,             859P   1029
0.34375,0.34375,0.375,0.375,0.40625,0.40625,0.4375,0.4375,           859P   1030
0.46875,0.46875,0.5,0.5,0.53125,0.53125,0.5625,0.5625,0.59375,       859P   1031
0.59375,0.625,0.625,0.65625,0.65625,0.6875,0.6875,0.71875,           859P   1032
0.71875,0.75,0.75,0.78125,0.78125,0.8125,0.8125,0.84375,             859P   1033
0.84375,0.875,0.875,0.90625,0.90625,0.9375,0.9375,0.96875,           859P   1034
0.96875,1.,1.,1.,1.,1.,1.,1.,1.,1.,1.,1.,1.,1.,1.,1.,1.,1.,1.,       859P   1035
1.,1.,1.,1.,1.,1.,1.,1.,1.,1.,1.,1.,1.,1.,1.,1.,1.,1.,1.,1.,1.,      859P   1036
1.,1.,1.,1.,1.,1.,1.,1.,1.,1.,1.,1.,1.,1.,1.,1.,1.,1.,1.,1.,1.,      859P   1037
1.,1.,1.,1.,1.,1.,1.,1.,0.9601181,0.5,0.,0.9601181,0.477395847,      859P   1038
0.,0.957902505,0.45490054,0.,0.955686911,0.432405232,0.,             859P   1039
0.951277059,0.410235412,0.,0.946867208,0.388065592,0.,               859P   1040
0.940305569,0.366434766,0.,0.933743929,0.34480394,0.,                859P   1041
0.925093695,0.323920426,0.,0.91644346,0.303036912,0.,                859P   1042
0.905787936,0.283101829,0.,0.895132412,0.263166746,0.,               859P   1043
0.882574218,0.24437208,0.,0.870016023,0.225577414,0.,                859P   1044
0.855676101,0.208104168,0.,0.841336178,0.190630921,0.,               859P   1045
0.825352628,0.174647372,0.,0.809369079,0.158663822,0.,               859P   1046
0.791895832,0.144323899,0.,0.774422586,0.129983977,0.,               859P   1047
0.75562792,0.117425782,0.,0.736833254,0.104867588,0.,                859P   1048
0.716898171,0.094212064,0.,0.696963088,0.08355654,0.,                859P   1049
0.676079574,0.074906305,0.,0.65519606,0.066256071,0.,                859P   1050
0.633565234,0.059694431,0.,0.611934408,0.053132792,0.,               859P   1051
0.589764588,0.048722941,0.,0.567594768,0.044313089,0.,               859P   1052
0.54509946,0.042097495,0.,0.522604153,0.0398819,0.,0.5,              859P   1053
0.0398819,0.,0.477395847,0.0398819,0.,0.45490054,0.042097495,        859P   1054
0.,0.432405232,0.044313089,0.,0.410235412,0.048722941,0.,            859P   1055
0.388065592,0.053132792,0.,0.366434766,0.059694431,0.,               859P   1056
0.34480394,0.066256071,0.,0.323920426,0.074906305,0.,                859P   1057
0.303036912,0.08355654,0.,0.283101829,0.094212064,0.,                859P   1058
0.263166746,0.104867588,0.,0.24437208,0.117425782,0.,                859P   1059
0.225577414,0.129983977,0.,0.208104168,0.144323899,0.,               859P   1060
0.190630921,0.158663822,0.,0.174647372,0.174647372,0.,               859P   1061
0.158663822,0.190630921,0.,0.144323899,0.208104168,0.,               859P   1062
0.129983977,0.225577414,0.,0.117425782,0.24437208,0.,                859P   1063
0.104867588,0.263166746,0.,0.094212064,0.283101829,0.,               859P   1064
0.08355654,0.303036912,0.,0.074906305,0.323920426,0.,                859P   1065
0.066256071,0.34480394,0.,0.059694431,0.366434766,0.,                859P   1066
0.053132792,0.388065592,0.,0.048722941,0.410235412,0.,               859P   1067
0.044313089,0.432405232,0.,0.042097495,0.45490054,0.,0.0398819,      859P   1068
0.477395847,0.,0.0398819,0.5,0.,0.,1.,0.,0.,1.;                      859P   1069
124,1.46394730058386E-014,1.,-6.98296267768627E-015,                 861P   1070
3.77778280862827E-013,1.,-1.46394730058386E-014,                     861P   1071
1.7103043355393E-030,-9.25274645526777E-029,                         861P   1072
-1.00516589285227E-028,-6.98296267768627E-015,-1.,108.2;             861P   1073
100,54.1,0.,0.,15.15,0.,-15.15,0.;                                   863P   1074
102,2,853,859;                                                       865P   1075
102,2,857,863;                                                       867P   1076
142,1,837,865,867,1;                                                 869P   1077
144,837,1,1,851,869;                                                 871P   1078
314,75.2941176470588,75.2941176470588,75.2941176470588,;             873P   1079
110,0.,0.,1054.1,0.,0.,54.1;                                         875P   1080
110,-16.267949192,0.,54.1,-18.,0.,53.1;                              877P   1081
120,875,877,0.,6.28318530717959;                                     879P   1082
126,1,1,1,0,1,0,0.,0.,1.,1.,1.,1.,1.,3.141592654,0.,0.,              881P   1083
3.141592654,0.,0.,1.,0.,0.,1.;                                       881P   1084
110,18.,0.,53.1,16.267949192,0.,54.1;                                883P   1085
126,1,1,1,0,1,0,0.,0.,1.,1.,1.,1.,0.,3.141592654,0.,0.,              885P   1086
6.283185307,0.,0.,1.,0.,0.,1.;                                       885P   1087
124,1.,-7.35034862836548E-015,8.55138046359912E-031,                 887P   1088
-4.59221572131396E-029,-7.35034862836548E-015,-1.,                   887P   1089
6.98296267768627E-015,-3.77778280862827E-013,                        887P   1090
-5.04720720934987E-029,-6.98296267768627E-015,-1.,108.2;             887P   1091
100,54.1,0.,0.,16.267949192,0.,-16.267949192,0.;                     889P   1092
126,1,1,1,0,1,0,0.,0.,1.,1.,1.,1.,0.,6.283185307,0.,1.,              891P   1093
6.283185307,0.,0.,1.,0.,0.,1.;                                       891P   1094
110,-16.267949192,0.,54.1,-18.,0.,53.1;                              893P   1095
126,1,1,1,0,1,0,0.,0.,1.,1.,1.,1.,1.,6.283185307,0.,1.,              895P   1096
3.141592654,0.,0.,1.,0.,0.,1.;                                       895P   1097
100,53.1,0.,0.,-18.,0.,18.,0.;                                       897P   1098
102,4,881,885,891,895;                                               899P   1099
102,4,883,889,893,897;                                               901P   1100
142,1,879,899,901,1;                                                 903P   1101
144,879,1,0,903;                                                     905P   1102
314,75.2941176470588,75.2941176470588,75.2941176470588,;             907P   1103
110,0.,0.,54.1,0.,0.,-945.9;                                         909P   1104
110,-18.,0.,53.1,-18.,0.,42.1;                                       911P   1105
120,909,911,0.,6.28318530717959;                                     913P   1106
126,1,1,1,0,1,0,0.,0.,1.,1.,1.,1.,1.,3.141592654,0.,0.,              915P   1107
3.141592654,0.,0.,1.,0.,0.,1.;                                       915P   1108
110,18.,0.,42.1,18.,0.,53.1;                                         917P   1109
126,1,1,1,0,1,0,0.,0.,1.,1.,1.,1.,0.,3.141592654,0.,0.,              919P   1110
6.283185307,0.,0.,1.,0.,0.,1.;                                       919P   1111
124,1.,-7.35034862836548E-015,8.55138046359912E-031,                 921P   1112
-4.54649127062104E-029,-7.35034862836548E-015,-1.,                   921P   1113
6.98296267768627E-015,-3.70795318185141E-013,                        921P   1114
-5.04720720934987E-029,-6.98296267768627E-015,-1.,106.2;             921P   1115
100,53.1,0.,0.,18.,0.,-18.,0.;                                       923P   1116
126,1,1,1,0,1,0,0.,0.,1.,1.,1.,1.,0.,6.283185307,0.,1.,              925P   1117
6.283185307,0.,0.,1.,0.,0.,1.;                                       925P   1118
110,-18.,0.,53.1,-18.,0.,42.1;                                       927P   1119
126,1,1,1,0,1,0,0.,0.,1.,1.,1.,1.,1.,6.283185307,0.,1.,              929P   1120
3.141592654,0.,0.,1.,0.,0.,1.;                                       929P   1121
100,42.1,0.,0.,-18.,0.,18.,0.;                                       931P   1122
102,4,915,919,925,929;                                               933P   1123
102,4,917,923,927,931;                                               935P   1124
142,1,913,933,935,1;                                                 937P   1125
144,913,1,0,937;                                                     939P   1126
314,75.2941176470588,75.2941176470588,75.2941176470588,;             941P   1127
128,3,3,3,3,0,0,0,0,0,0.,0.,0.,0.,1.,1.,1.,1.,0.,0.,0.,0.,1.,        943P   1128
1.,1.,1.,1.,0.755320871117972,0.755320871117972,1.,                  943P   1129
0.333333333333333,0.251773623705991,0.251773623705991,               943P   1130
0.333333333333333,0.333333333333333,0.251773623705991,               943P   1131
0.251773623705991,0.333333333333333,1.,0.755320871117972,            943P   1132
0.755320871117972,1.,-18.009991669,0.,42.299666833,                  943P   1133
-17.873559155,0.,40.93989247,-18.83989247,0.,39.973559155,           943P   1134
-20.199666833,0.,40.109991669,-18.009991669,36.019983339,            943P   1135
42.299666833,-17.873559155,35.747118309,40.93989247,                 943P   1136
-18.83989247,37.679784939,39.973559155,-20.199666833,                943P   1137
40.399333667,40.109991669,18.009991669,36.019983339,                 943P   1138
42.299666833,17.873559155,35.747118309,40.93989247,18.83989247,      943P   1139
37.679784939,39.973559155,20.199666833,40.399333667,                 943P   1140
40.109991669,18.009991669,0.,42.299666833,17.873559155,0.,           943P   1141
40.93989247,18.83989247,0.,39.973559155,20.199666833,0.,             943P   1142
40.109991669,0.,1.,0.,1.;                                            943P   1143
126,1,1,1,0,1,0,0.,0.,1.,1.,1.,1.,0.063141457,1.,0.,                 945P   1144
0.063141457,0.,0.,0.,1.,0.,0.,1.;                                    945P   1145
100,42.1,0.,0.,18.,0.,-18.,0.;                                       947P   1146
126,1,1,1,0,1,0,0.,0.,1.,1.,1.,1.,0.063141457,0.,0.,                 949P   1147
0.936858543,0.,0.,0.,1.,0.,0.,1.;                                    949P   1148
124,1.,-1.22460635382238E-016,1.22460635382238E-016,                 951P   1149
-3.46944695195362E-015,-1.22460635382238E-016,                       951P   1150
6.12323399573677E-017,1.,-42.1,-1.22460635382238E-016,-1.,           951P   1151
6.12323399573677E-017,42.1;                                          951P   1152
100,42.1,-20.,0.,-18.,0.,-20.,2.;                                    953P   1153
126,1,1,1,0,1,0,0.,0.,1.,1.,1.,1.,0.936858543,0.,0.,                 955P   1154
0.936858543,1.,0.,0.,1.,0.,0.,1.;                                    955P   1155
124,-1.,-6.98297076675126E-015,2.82428194793759E-035,                957P   1156
-1.07731599974038E-014,-6.98297076675126E-015,1.,                    957P   1157
-6.98296267768627E-015,2.80016803375219E-013,                        957P   1158
4.87617960007788E-029,-6.98296267768627E-015,-1.,80.2;               957P   1159
100,40.1,0.,0.,20.,0.,-20.,0.;                                       959P   1160
126,1,1,1,0,1,0,0.,0.,1.,1.,1.,1.,0.936858543,1.,0.,                 961P   1161
0.063141457,1.,0.,0.,1.,0.,0.,1.;                                    961P   1162
124,-1.71512045491039E-015,-1.,-4.0445324975949E-021,20.,            963P   1163
6.12323399573677E-017,-4.04453249769992E-021,1.,-42.1,-1.,           963P   1164
1.71512045491039E-015,6.12323399573677E-017,62.1;                    963P   1165
100,42.1,20.,0.,22.,0.,20.,2.;                                       965P   1166
102,4,945,949,955,961;                                               967P   1167
102,4,947,953,959,965;                                               969P   1168
142,1,943,967,969,1;                                                 971P   1169
144,943,1,0,971;                                                     973P   1170
314,75.2941176470588,75.2941176470588,75.2941176470588,;             975P   1171
110,21.2,-11.,40.1,21.2,-11.,1040.1;                                 977P   1172
110,21.2,-5.925,31.1,21.2,-5.925,40.563946588;                       979P   1173
120,977,979,0.,6.28318530717959;                                     981P   1174
126,1,1,1,0,1,0,0.,0.,1.,1.,1.,1.,0.950977472,3.141592654,0.,        983P   1175
0.950977472,1.719977697,0.,0.,1.,0.,0.,1.;                           983P   1176
124,-1.39610545346613E-014,-1.,-1.03786827994787E-015,               985P   1177
10.2000000000004,-1.,1.39055433834301E-014,                          985P   1178
6.9054034778163E-015,10.1999999999999,-6.90540347781628E-015,        985P   1179
1.03786827994796E-015,-1.,80.2000000000002;                          985P   1180
100,40.1,21.2,-11.,26.275,-11.,21.954290373,-5.981367613;            987P   1181
126,32,2,1,0,1,0,0.,0.,0.,0.0625,0.0625,0.125,0.125,0.1875,          989P   1182
0.1875,0.25,0.25,0.3125,0.3125,0.375,0.375,0.4375,0.4375,0.5,        989P   1183
0.5,0.5625,0.5625,0.625,0.625,0.6875,0.6875,0.75,0.75,0.8125,        989P   1184
0.8125,0.875,0.875,0.9375,0.9375,1.,1.,1.,1.,1.,1.,1.,1.,1.,1.,      989P   1185
1.,1.,1.,1.,1.,1.,1.,1.,1.,1.,1.,1.,1.,1.,1.,1.,1.,1.,1.,1.,1.,      989P   1186
1.,1.,1.,1.,1.,0.950977472,1.719977697,0.,0.950977472,               989P   1187
1.682457765,0.,0.952881092,1.640846976,0.,0.95455563,                989P   1188
1.604243647,0.,0.957820845,1.562175669,0.,0.960502621,               989P   1189
1.527624535,0.,0.964732059,1.483640304,0.,0.966795139,               989P   1190
1.462185217,0.,0.972488337,1.405908326,0.,0.977444246,               989P   1191
1.356919493,0.,0.980092978,1.32835425,0.,0.984059953,                989P   1192
1.285572419,0.,0.986581144,1.250205483,0.,0.989535967,               989P   1193
1.208755618,0.,0.990997598,1.170965369,0.,0.992546114,               989P   1194
1.130928698,0.,0.992543006,1.092010375,0.,0.992539905,               989P   1195
1.053180257,0.,0.990992116,1.013230142,0.,0.989530894,               989P   1196
0.975514443,0.,0.986582582,0.934151819,0.,0.984054707,               989P   1197
0.898687616,0.,0.98007171,0.855753568,0.,0.977425982,                989P   1198
0.827234393,0.,0.972462753,0.778175908,0.,0.966797098,               989P   1199
0.72217438,0.,0.964726081,0.700634653,0.,0.960511491,                989P   1200
0.656800563,0.,0.95783516,0.622345817,0.,0.954553063,                989P   1201
0.580092522,0.,0.952874674,0.543349764,0.,0.950977472,               989P   1202
0.501816812,0.,0.950977472,0.464359433,0.,0.,1.,0.,0.,1.;            989P   1203
126,5,3,1,0,1,0,0.,0.,0.,0.,0.5,0.5,1.,1.,1.,1.,1.,1.,1.,1.,1.,      991P   1204
1.,16.181367613,-11.754290373,40.1,16.021291061,-10.689229225,       991P   1205
40.1,16.204443321,-9.608277667,40.493532784,17.186874535,            991P   1206
-7.715597225,40.493215212,17.969192579,-6.942235339,40.1,            991P   1207
18.927160453,-6.462398718,40.1,0.,1.,-0.746622405,-0.112215849,      991P   1208
0.655715325;                                                         991P   1209
126,1,1,1,0,1,0,0.,0.,1.,1.,1.,1.,0.950977472,0.464359433,0.,        993P   1210
0.950977472,0.,0.,0.,1.,0.,0.,1.;                                    993P   1211
124,-0.447850157076843,0.894108626961091,6.98296267768627E-015,      995P   1212
40.5296182266008,0.894108626961091,0.447850157076843,0.,             995P   1213
-25.0287511637299,-3.12732093206352E-015,6.24352717186661E-015,      995P   1214
-1.,80.2000000000002;                                                995P   1215
100,40.1,21.2,-11.,26.275,-11.,25.737601282,-8.727160453;            997P   1216
126,1,1,1,0,1,0,0.,0.,1.,1.,1.,1.,0.950977472,0.,0.,0.,0.,0.,        999P   1217
0.,1.,0.,0.,1.;                                                      999P   1218
110,21.2,-5.925,40.1,21.2,-5.925,31.1;                              1001P   1219
126,1,1,1,0,1,0,0.,0.,1.,1.,1.,1.,0.,0.,0.,0.,3.141592654,0.,       1003P   1220
0.,1.,0.,0.,1.;                                                     1003P   1221
100,31.1,21.2,-11.,21.2,-5.925,21.2,-16.075;                        1005P   1222
126,1,1,1,0,1,0,0.,0.,1.,1.,1.,1.,0.,3.141592654,0.,                1007P   1223
0.950977472,3.141592654,0.,0.,1.,0.,0.,1.;                          1007P   1224
110,21.2,-16.075,31.1,21.2,-16.075,40.1;                            1009P   1225
102,6,983,989,993,999,1003,1007;                                    1011P   1226
102,6,987,991,997,1001,1005,1009;                                   1013P   1227
142,1,981,1011,1013,1;                                              1015P   1228
144,981,1,0,1015;                                                   1017P   1229
314,75.2941176470588,75.2941176470588,75.2941176470588,;            1019P   1230
110,0.,0.,54.1,0.,0.,-945.9;                                        1021P   1231
110,0.,-35.,40.1,0.,-35.,0.;                                        1023P   1232
120,1021,1023,0.,6.28318530717959;                                  1025P   1233
126,1,1,1,0,1,0,0.,0.,1.,1.,1.,1.,1.,0.775193373,0.,0.,             1027P   1234
0.775193373,0.,0.,1.,0.,0.,1.;                                      1027P   1235
110,-24.494897428,-25.,0.,-24.494897428,-25.,40.1;                  1029P   1236
126,1,1,1,0,1,0,0.,0.,1.,1.,1.,1.,0.,0.775193373,0.,0.,             1031P   1237
0.903849982,0.,0.,1.,0.,0.,1.;                                      1031P   1238
124,-0.699854212223775,-0.714285714285704,                          1033P   1239
-4.63113008424526E-015,1.85708316378235E-013,                       1033P   1240
-0.714285714285704,0.699854212223775,5.24133767961273E-015,         1033P   1241
-2.10177640952471E-013,-5.02696731479463E-016,                      1033P   1242
6.9761223129393E-015,-1.,80.2;                                      1033P   1243
100,40.1,0.,0.,35.,0.,34.710730189,4.490568975;                     1035P   1244
126,1,1,1,0,1,0,0.,0.,1.,1.,1.,1.,0.,0.903849982,0.,1.,             1037P   1245
0.903849982,0.,0.,1.,0.,0.,1.;                                      1037P   1246
110,-27.5,-21.650635095,40.1,-27.5,-21.650635095,0.;                1039P   1247
126,1,1,1,0,1,0,0.,0.,1.,1.,1.,1.,1.,0.903849982,0.,1.,             1041P   1248
0.775193373,0.,0.,1.,0.,0.,1.;                                      1041P   1249
100,0.,0.,0.,-27.5,-21.650635095,-24.494897428,-25.;                1043P   1250
102,4,1027,1031,1037,1041;                                          1045P   1251
102,4,1029,1035,1039,1043;                                          1047P   1252
142,1,1025,1045,1047,1;                                             1049P   1253
144,1025,1,0,1049;                                                  1051P   1254
314,75.2941176470588,75.2941176470588,75.2941176470588,;            1053P   1255
128,1,1,1,1,0,0,1,0,0,0.,0.,1.,1.,0.,0.,1.,1.,1.,1.,1.,1.,          1055P   1256
-27.5,21.650635095,0.,-27.5,-21.650635095,0.,-27.5,                 1055P   1257
21.650635095,40.1,-27.5,-21.650635095,40.1,0.,1.,0.,1.;             1055P   1258
126,1,1,1,0,1,0,0.,0.,1.,1.,1.,1.,1.,1.,0.,0.,1.,0.,0.,1.,0.,       1057P   1259
0.,1.;                                                              1057P   1260
110,-27.5,-21.650635095,40.1,-27.5,21.650635095,40.1;               1059P   1261
126,1,1,1,0,1,0,0.,0.,1.,1.,1.,1.,0.,1.,0.,0.,0.,0.,0.,1.,0.,       1061P   1262
0.,1.;                                                              1061P   1263
110,-27.5,21.650635095,40.1,-27.5,21.650635095,0.;                  1063P   1264
126,1,1,1,0,1,0,0.,0.,1.,1.,1.,1.,0.,0.,0.,1.,0.,0.,0.,1.,0.,       1065P   1265
0.,1.;                                                              1065P   1266
110,-27.5,21.650635095,0.,-27.5,-21.650635095,0.;                   1067P   1267
126,1,1,1,0,1,0,0.,0.,1.,1.,1.,1.,1.,0.,0.,1.,1.,0.,0.,1.,0.,       1069P   1268
0.,1.;                                                              1069P   1269
110,-27.5,-21.650635095,0.,-27.5,-21.650635095,40.1;                1071P   1270
102,4,1057,1061,1065,1069;                                          1073P   1271
102,4,1059,1063,1067,1071;                                          1075P   1272
142,1,1055,1073,1075,1;                                             1077P   1273
144,1055,1,0,1077;                                                  1079P   1274
314,75.2941176470588,75.2941176470588,75.2941176470588,;            1081P   1275
110,0.,0.,54.1,0.,0.,-945.9;                                        1083P   1276
110,0.,-35.,40.1,0.,-35.,0.;                                        1085P   1277
120,1083,1085,0.,6.28318530717959;                                  1087P   1278
126,1,1,1,0,1,0,0.,0.,1.,1.,1.,1.,1.,2.237742671,0.,0.,             1089P   1279
2.237742671,0.,0.,1.,0.,0.,1.;                                      1089P   1280
110,-27.5,21.650635095,0.,-27.5,21.650635095,40.1;                  1091P   1281
126,1,1,1,0,1,0,0.,0.,1.,1.,1.,1.,0.,2.237742671,0.,0.,             1093P   1282
2.600493128,0.,0.,1.,0.,0.,1.;                                      1093P   1283
124,-0.785714285714286,0.618589574131742,5.98539658087394E-015,     1095P   1284
-2.4963329574787E-013,0.618589574131742,0.785714285714286,          1095P   1285
3.59677571272131E-015,-1.40898623852701E-013,                       1095P   1286
-2.47788364287843E-015,6.52854198196771E-015,-1.,80.2;              1095P   1287
100,40.1,0.,0.,35.,0.,32.722352949,12.419646431;                    1097P   1288
126,1,1,1,0,1,0,0.,0.,1.,1.,1.,1.,0.,2.600493128,0.,1.,             1099P   1289
2.600493128,0.,0.,1.,0.,0.,1.;                                      1099P   1290
110,-18.027756377,30.,40.1,-18.027756377,30.,0.;                    1101P   1291
126,1,1,1,0,1,0,0.,0.,1.,1.,1.,1.,1.,2.600493128,0.,1.,             1103P   1292
2.237742671,0.,0.,1.,0.,0.,1.;                                      1103P   1293
100,0.,0.,0.,-18.027756377,30.,-27.5,21.650635095;                  1105P   1294
102,4,1089,1093,1099,1103;                                          1107P   1295
102,4,1091,1097,1101,1105;                                          1109P   1296
142,1,1087,1107,1109,1;                                             1111P   1297
144,1087,1,0,1111;                                                  1113P   1298
314,75.2941176470588,75.2941176470588,75.2941176470588,;            1115P   1299
110,-13.1,23.5,40.1,-13.1,23.5,1040.1;                              1117P   1300
110,-13.1,28.575,31.1,-13.1,28.575,40.1;                            1119P   1301
120,1117,1119,0.,6.28318530717959;                                  1121P   1302
126,1,1,1,0,1,0,0.,0.,1.,1.,1.,1.,1.,3.141592654,0.,1.,0.,0.,       1123P   1303
0.,1.,0.,0.,1.;                                                     1123P   1304
124,-5.0532154980743E-016,-1.,6.98296267768627E-015,                1125P   1305
10.3999999999997,-1.,5.0532154980743E-016,0.,10.4,                  1125P   1306
-3.52864152253587E-030,-6.98296267768627E-015,-1.,                  1125P   1307
80.2000000000002;                                                   1125P   1308
100,40.1,-13.1,23.5,-8.025,23.5,-18.175,23.5;                       1127P   1309
126,1,1,1,0,1,0,0.,0.,1.,1.,1.,1.,1.,0.,0.,0.,0.,0.,0.,1.,0.,       1129P   1310
0.,1.;                                                              1129P   1311
110,-13.1,28.575,40.1,-13.1,28.575,31.1;                            1131P   1312
126,1,1,1,0,1,0,0.,0.,1.,1.,1.,1.,0.,0.,0.,0.,3.141592654,0.,       1133P   1313
0.,1.,0.,0.,1.;                                                     1133P   1314
100,31.1,-13.1,23.5,-13.1,28.575,-13.1,18.425;                      1135P   1315
126,1,1,1,0,1,0,0.,0.,1.,1.,1.,1.,0.,3.141592654,0.,1.,             1137P   1316
3.141592654,0.,0.,1.,0.,0.,1.;                                      1137P   1317
110,-13.1,18.425,31.1,-13.1,18.425,40.1;                            1139P   1318
102,4,1123,1129,1133,1137;                                          1141P   1319
102,4,1127,1131,1135,1139;                                          1143P   1320
142,1,1121,1141,1143,1;                                             1145P   1321
144,1121,1,0,1145;                                                  1147P   1322
314,75.2941176470588,75.2941176470588,75.2941176470588,;            1149P   1323
110,13.1,23.5,40.1,13.1,23.5,1040.1;                                1151P   1324
110,13.1,28.575,31.1,13.1,28.575,40.1;                              1153P   1325
120,1151,1153,0.,6.28318530717959;                                  1155P   1326
126,1,1,1,0,1,0,0.,0.,1.,1.,1.,1.,1.,3.141592654,0.,1.,0.,0.,       1157P   1327
0.,1.,0.,0.,1.;                                                     1157P   1328
124,-5.0532154980743E-016,-1.,6.98296267768627E-015,                1159P   1329
36.5999999999997,-1.,5.0532154980743E-016,0.,36.6,                  1159P   1330
-3.52864152253587E-030,-6.98296267768627E-015,-1.,                  1159P   1331
80.2000000000002;                                                   1159P   1332
100,40.1,13.1,23.5,18.175,23.5,8.025,23.5;                          1161P   1333
126,1,1,1,0,1,0,0.,0.,1.,1.,1.,1.,1.,0.,0.,0.,0.,0.,0.,1.,0.,       1163P   1334
0.,1.;                                                              1163P   1335
110,13.1,28.575,40.1,13.1,28.575,31.1;                              1165P   1336
126,1,1,1,0,1,0,0.,0.,1.,1.,1.,1.,0.,0.,0.,0.,3.141592654,0.,       1167P   1337
0.,1.,0.,0.,1.;                                                     1167P   1338
100,31.1,13.1,23.5,13.1,28.575,13.1,18.425;                         1169P   1339
126,1,1,1,0,1,0,0.,0.,1.,1.,1.,1.,0.,3.141592654,0.,1.,             1171P   1340
3.141592654,0.,0.,1.,0.,0.,1.;                                      1171P   1341
110,13.1,18.425,31.1,13.1,18.425,40.1;                              1173P   1342
102,4,1157,1163,1167,1171;                                          1175P   1343
102,4,1161,1165,1169,1173;                                          1177P   1344
142,1,1155,1175,1177,1;                                             1179P   1345
144,1155,1,0,1179;                                                  1181P   1346
314,75.2941176470588,75.2941176470588,75.2941176470588,;            1183P   1347
128,1,1,1,1,0,0,1,0,0,0.,0.,1.,1.,0.,0.,1.,1.,1.,1.,1.,1.,27.5,     1185P   1348
-25.,40.1,-27.5,-25.,40.1,27.5,30.,40.1,-27.5,30.,40.1,0.,1.,       1185P   1349
0.,1.;                                                              1185P   1350
126,1,1,1,0,1,0,0.,0.,1.,1.,1.,1.,0.054638229,0.,0.,                1187P   1351
0.945361771,0.,0.,0.,1.,0.,0.,1.;                                   1187P   1352
110,24.494897428,-25.,40.1,-24.494897428,-25.,40.1;                 1189P   1353
126,2,2,1,0,1,0,0.,0.,0.,1.,1.,1.,1.,1.,1.,0.945361771,0.,0.,       1191P   1354
0.97464231,0.028688951,0.,1.,0.060897544,0.,0.,1.,0.,0.,-1.;        1191P   1355
124,-0.699854212223775,-0.714285714285704,                          1193P   1356
-4.63113008424526E-015,1.85708316378235E-013,                       1193P   1357
-0.714285714285704,0.699854212223775,5.24133767961273E-015,         1193P   1358
-2.10177640952471E-013,-5.02696731479463E-016,                      1193P   1359
6.9761223129393E-015,-1.,80.2;                                      1193P   1360
100,40.1,0.,0.,35.,0.,34.710730189,4.490568975;                     1195P   1361
126,1,1,1,0,1,0,0.,0.,1.,1.,1.,1.,1.,0.060897544,0.,1.,             1197P   1362
0.848193365,0.,0.,1.,0.,0.,1.;                                      1197P   1363
110,-27.5,-21.650635095,40.1,-27.5,21.650635095,40.1;               1199P   1364
126,8,2,1,0,1,0,0.,0.,0.,0.25,0.25,0.5,0.5,0.75,0.75,1.,1.,1.,      1201P   1365
1.,1.,1.,1.,1.,1.,1.,1.,1.,1.,0.848193365,0.,0.982138262,           1201P   1366
0.87088082,0.,0.962295271,0.891857426,0.,0.94245228,                1201P   1367
0.912834032,0.,0.920791118,0.931927391,0.,0.899129956,              1201P   1368
0.951020749,0.,0.875828648,0.96807394,0.,0.852527339,               1201P   1369
0.985127131,0.,0.827777389,1.,0.,0.,1.,0.,0.,-1.;                   1201P   1370
124,-0.785714285714286,0.618589574131742,5.98539658087394E-015,     1203P   1371
-2.4963329574787E-013,0.618589574131742,0.785714285714286,          1203P   1372
3.59677571272131E-015,-1.40898623852701E-013,                       1203P   1373
-2.47788364287843E-015,6.52854198196771E-015,-1.,80.2;              1203P   1374
100,40.1,0.,0.,35.,0.,32.722352949,12.419646431;                    1205P   1375
126,1,1,1,0,1,0,0.,0.,1.,1.,1.,1.,0.827777389,1.,0.,                1207P   1376
0.172222611,1.,0.,0.,1.,0.,0.,1.;                                   1207P   1377
110,-18.027756377,30.,40.1,18.027756377,30.,40.1;                   1209P   1378
126,8,2,1,0,1,0,0.,0.,0.,0.25,0.25,0.5,0.5,0.75,0.75,1.,1.,1.,      1211P   1379
1.,1.,1.,1.,1.,1.,1.,1.,1.,0.172222611,1.,0.,0.147472661,           1211P   1380
0.985127131,0.,0.124171352,0.96807394,0.,0.100870044,               1211P   1381
0.951020749,0.,0.079208882,0.931927391,0.,0.05754772,               1211P   1382
0.912834032,0.,0.037704729,0.891857426,0.,0.017861738,              1211P   1383
0.87088082,0.,0.,0.848193365,0.,0.,1.,0.,0.,-1.;                    1211P   1384
124,0.515078753637713,0.857142857142857,4.00804573369032E-015,      1213P   1385
-1.63334701007583E-013,0.857142857142857,-0.515078753637713,        1213P   1386
-5.73188938532283E-015,2.34465832921761E-013,                       1213P   1387
-2.84858884353026E-015,6.38784221231588E-015,-1.,80.2;              1213P   1388
100,40.1,0.,0.,35.,0.,32.722352949,12.419646431;                    1215P   1389
126,1,1,1,0,1,0,0.,0.,1.,1.,1.,1.,0.,0.848193365,0.,0.,             1217P   1390
0.060897544,0.,0.,1.,0.,0.,1.;                                      1217P   1391
110,27.5,21.650635095,40.1,27.5,-21.650635095,40.1;                 1219P   1392
126,2,2,1,0,1,0,0.,0.,0.,1.,1.,1.,1.,1.,1.,0.,0.060897544,0.,       1221P   1393
0.02535769,0.028688951,0.,0.054638229,0.,0.,0.,1.,0.,0.,-1.;        1221P   1394
124,0.785714285714277,-0.618589574131753,                           1223P   1395
-4.98783048406162E-015,1.98857735268292E-013,                       1223P   1396
-0.618589574131753,-0.785714285714277,-4.88705584378008E-015,       1223P   1397
1.92638857108157E-013,-8.9592787288636E-016,                        1223P   1398
6.9252495265185E-015,-1.,80.2;                                      1223P   1399
100,40.1,0.,0.,35.,0.,34.710730189,4.490568975;                     1225P   1400
102,8,1187,1191,1197,1201,1207,1211,1217,1221;                      1227P   1401
102,8,1189,1195,1199,1205,1209,1215,1219,1225;                      1229P   1402
142,1,1185,1227,1229,1;                                             1231P   1403
126,32,2,1,0,1,0,0.,0.,0.,0.0625,0.0625,0.125,0.125,0.1875,         1233P   1404
0.1875,0.25,0.25,0.3125,0.3125,0.375,0.375,0.4375,0.4375,0.5,       1233P   1405
0.5,0.5625,0.5625,0.625,0.625,0.6875,0.6875,0.75,0.75,0.8125,       1233P   1406
0.8125,0.875,0.875,0.9375,0.9375,1.,1.,1.,1.,1.,1.,1.,1.,1.,1.,     1233P   1407
1.,1.,1.,1.,1.,1.,1.,1.,1.,1.,1.,1.,1.,1.,1.,1.,1.,1.,1.,1.,1.,     1233P   1408
1.,1.,1.,1.,1.,0.261818182,0.789545455,0.,0.252730111,              1233P   1409
0.789545455,0.,0.243816666,0.791318449,0.,0.23490322,               1233P   1410
0.793091444,0.,0.226506938,0.796569298,0.,0.218110656,              1233P   1411
0.800047152,0.,0.210554201,0.805096213,0.,0.202997747,              1233P   1412
0.810145274,0.,0.196571511,0.816571511,0.,0.190145274,              1233P   1413
0.822997747,0.,0.185096213,0.830554201,0.,0.180047152,              1233P   1414
0.838110656,0.,0.176569298,0.846506938,0.,0.173091444,              1233P   1415
0.85490322,0.,0.171318449,0.863816666,0.,0.169545455,               1233P   1416
0.872730111,0.,0.169545455,0.881818182,0.,0.169545455,              1233P   1417
0.890906252,0.,0.171318449,0.899819698,0.,0.173091444,              1233P   1418
0.908733144,0.,0.176569298,0.917129426,0.,0.180047152,              1233P   1419
0.925525708,0.,0.185096213,0.933082162,0.,0.190145274,              1233P   1420
0.940638617,0.,0.196571511,0.947064853,0.,0.202997747,              1233P   1421
0.953491089,0.,0.210554201,0.958540151,0.,0.218110656,              1233P   1422
0.963589212,0.,0.226506938,0.967067066,0.,0.23490322,               1233P   1423
0.97054492,0.,0.243816666,0.972317915,0.,0.252730111,               1233P   1424
0.974090909,0.,0.261818182,0.974090909,0.,0.,1.,0.,0.,1.;           1233P   1425
100,40.1,13.1,23.5,13.1,18.425,13.1,28.575;                         1235P   1426
126,32,2,1,0,1,0,0.,0.,0.,0.0625,0.0625,0.125,0.125,0.1875,         1237P   1427
0.1875,0.25,0.25,0.3125,0.3125,0.375,0.375,0.4375,0.4375,0.5,       1237P   1428
0.5,0.5625,0.5625,0.625,0.625,0.6875,0.6875,0.75,0.75,0.8125,       1237P   1429
0.8125,0.875,0.875,0.9375,0.9375,1.,1.,1.,1.,1.,1.,1.,1.,1.,1.,     1237P   1430
1.,1.,1.,1.,1.,1.,1.,1.,1.,1.,1.,1.,1.,1.,1.,1.,1.,1.,1.,1.,1.,     1237P   1431
1.,1.,1.,1.,1.,0.261818182,0.974090909,0.,0.270906252,              1237P   1432
0.974090909,0.,0.279819698,0.972317915,0.,0.288733144,              1237P   1433
0.97054492,0.,0.297129426,0.967067066,0.,0.305525708,               1237P   1434
0.963589212,0.,0.313082162,0.958540151,0.,0.320638617,              1237P   1435
0.953491089,0.,0.327064853,0.947064853,0.,0.333491089,              1237P   1436
0.940638617,0.,0.338540151,0.933082162,0.,0.343589212,              1237P   1437
0.925525708,0.,0.347067066,0.917129426,0.,0.35054492,               1237P   1438
0.908733144,0.,0.352317915,0.899819698,0.,0.354090909,              1237P   1439
0.890906252,0.,0.354090909,0.881818182,0.,0.354090909,              1237P   1440
0.872730111,0.,0.352317915,0.863816666,0.,0.35054492,               1237P   1441
0.85490322,0.,0.347067066,0.846506938,0.,0.343589212,               1237P   1442
0.838110656,0.,0.338540151,0.830554201,0.,0.333491089,              1237P   1443
0.822997747,0.,0.327064853,0.816571511,0.,0.320638617,              1237P   1444
0.810145274,0.,0.313082162,0.805096213,0.,0.305525708,              1237P   1445
0.800047152,0.,0.297129426,0.796569298,0.,0.288733144,              1237P   1446
0.793091444,0.,0.279819698,0.791318449,0.,0.270906252,              1237P   1447
0.789545455,0.,0.261818182,0.789545455,0.,0.,1.,0.,0.,1.;           1237P   1448
100,40.1,13.1,23.5,13.1,28.575,13.1,18.425;                         1239P   1449
102,2,1233,1237;                                                    1241P   1450
102,2,1235,1239;                                                    1243P   1451
142,1,1185,1241,1243,1;                                             1245P   1452
126,32,2,1,0,1,0,0.,0.,0.,0.0625,0.0625,0.125,0.125,0.1875,         1247P   1453
0.1875,0.25,0.25,0.3125,0.3125,0.375,0.375,0.4375,0.4375,0.5,       1247P   1454
0.5,0.5625,0.5625,0.625,0.625,0.6875,0.6875,0.75,0.75,0.8125,       1247P   1455
0.8125,0.875,0.875,0.9375,0.9375,1.,1.,1.,1.,1.,1.,1.,1.,1.,1.,     1247P   1456
1.,1.,1.,1.,1.,1.,1.,1.,1.,1.,1.,1.,1.,1.,1.,1.,1.,1.,1.,1.,1.,     1247P   1457
1.,1.,1.,1.,1.,0.738181818,0.789545455,0.,0.729093748,              1247P   1458
0.789545455,0.,0.720180302,0.791318449,0.,0.711266856,              1247P   1459
0.793091444,0.,0.702870574,0.796569298,0.,0.694474292,              1247P   1460
0.800047152,0.,0.686917838,0.805096213,0.,0.679361383,              1247P   1461
0.810145274,0.,0.672935147,0.816571511,0.,0.666508911,              1247P   1462
0.822997747,0.,0.661459849,0.830554201,0.,0.656410788,              1247P   1463
0.838110656,0.,0.652932934,0.846506938,0.,0.64945508,               1247P   1464
0.85490322,0.,0.647682085,0.863816666,0.,0.645909091,               1247P   1465
0.872730111,0.,0.645909091,0.881818182,0.,0.645909091,              1247P   1466
0.890906252,0.,0.647682085,0.899819698,0.,0.64945508,               1247P   1467
0.908733144,0.,0.652932934,0.917129426,0.,0.656410788,              1247P   1468
0.925525708,0.,0.661459849,0.933082162,0.,0.666508911,              1247P   1469
0.940638617,0.,0.672935147,0.947064853,0.,0.679361383,              1247P   1470
0.953491089,0.,0.686917838,0.958540151,0.,0.694474292,              1247P   1471
0.963589212,0.,0.702870574,0.967067066,0.,0.711266856,              1247P   1472
0.97054492,0.,0.720180302,0.972317915,0.,0.729093748,               1247P   1473
0.974090909,0.,0.738181818,0.974090909,0.,0.,1.,0.,0.,1.;           1247P   1474
100,40.1,-13.1,23.5,-13.1,18.425,-13.1,28.575;                      1249P   1475
126,32,2,1,0,1,0,0.,0.,0.,0.0625,0.0625,0.125,0.125,0.1875,         1251P   1476
0.1875,0.25,0.25,0.3125,0.3125,0.375,0.375,0.4375,0.4375,0.5,       1251P   1477
0.5,0.5625,0.5625,0.625,0.625,0.6875,0.6875,0.75,0.75,0.8125,       1251P   1478
0.8125,0.875,0.875,0.9375,0.9375,1.,1.,1.,1.,1.,1.,1.,1.,1.,1.,     1251P   1479
1.,1.,1.,1.,1.,1.,1.,1.,1.,1.,1.,1.,1.,1.,1.,1.,1.,1.,1.,1.,1.,     1251P   1480
1.,1.,1.,1.,1.,0.738181818,0.974090909,0.,0.747269889,              1251P   1481
0.974090909,0.,0.756183334,0.972317915,0.,0.76509678,               1251P   1482
0.97054492,0.,0.773493062,0.967067066,0.,0.781889344,               1251P   1483
0.963589212,0.,0.789445799,0.958540151,0.,0.797002253,              1251P   1484
0.953491089,0.,0.803428489,0.947064853,0.,0.809854726,              1251P   1485
0.940638617,0.,0.814903787,0.933082162,0.,0.819952848,              1251P   1486
0.925525708,0.,0.823430702,0.917129426,0.,0.826908556,              1251P   1487
0.908733144,0.,0.828681551,0.899819698,0.,0.830454545,              1251P   1488
0.890906252,0.,0.830454545,0.881818182,0.,0.830454545,              1251P   1489
0.872730111,0.,0.828681551,0.863816666,0.,0.826908556,              1251P   1490
0.85490322,0.,0.823430702,0.846506938,0.,0.819952848,               1251P   1491
0.838110656,0.,0.814903787,0.830554201,0.,0.809854726,              1251P   1492
0.822997747,0.,0.803428489,0.816571511,0.,0.797002253,              1251P   1493
0.810145274,0.,0.789445799,0.805096213,0.,0.781889344,              1251P   1494
0.800047152,0.,0.773493062,0.796569298,0.,0.76509678,               1251P   1495
0.793091444,0.,0.756183334,0.791318449,0.,0.747269889,              1251P   1496
0.789545455,0.,0.738181818,0.789545455,0.,0.,1.,0.,0.,1.;           1251P   1497
100,40.1,-13.1,23.5,-13.1,28.575,-13.1,18.425;                      1253P   1498
102,2,1247,1251;                                                    1255P   1499
102,2,1249,1253;                                                    1257P   1500
142,1,1185,1255,1257,1;                                             1259P   1501
126,32,2,1,0,1,0,0.,0.,0.,0.0625,0.0625,0.125,0.125,0.1875,         1261P   1502
0.1875,0.25,0.25,0.3125,0.3125,0.375,0.375,0.4375,0.4375,0.5,       1261P   1503
0.5,0.5625,0.5625,0.625,0.625,0.6875,0.6875,0.75,0.75,0.8125,       1261P   1504
0.8125,0.875,0.875,0.9375,0.9375,1.,1.,1.,1.,1.,1.,1.,1.,1.,1.,     1261P   1505
1.,1.,1.,1.,1.,1.,1.,1.,1.,1.,1.,1.,1.,1.,1.,1.,1.,1.,1.,1.,1.,     1261P   1506
1.,1.,1.,1.,1.,0.114545455,0.162272727,0.,0.105457384,              1261P   1507
0.162272727,0.,0.096543938,0.164045722,0.,0.087630493,              1261P   1508
0.165818716,0.,0.079234211,0.16929657,0.,0.070837928,               1261P   1509
0.172774424,0.,0.063281474,0.177823486,0.,0.05572502,               1261P   1510
0.182872547,0.,0.049298783,0.189298783,0.,0.042872547,              1261P   1511
0.19572502,0.,0.037823486,0.203281474,0.,0.032774424,               1261P   1512
0.210837928,0.,0.02929657,0.219234211,0.,0.025818716,               1261P   1513
0.227630493,0.,0.024045722,0.236543938,0.,0.022272727,              1261P   1514
0.245457384,0.,0.022272727,0.254545455,0.,0.022272727,              1261P   1515
0.263633525,0.,0.024045722,0.272546971,0.,0.025818716,              1261P   1516
0.281460416,0.,0.02929657,0.289856699,0.,0.032774424,               1261P   1517
0.298252981,0.,0.037823486,0.305809435,0.,0.042872547,              1261P   1518
0.31336589,0.,0.049298783,0.319792126,0.,0.05572502,                1261P   1519
0.326218362,0.,0.063281474,0.331267423,0.,0.070837928,              1261P   1520
0.336316485,0.,0.079234211,0.339794339,0.,0.087630493,              1261P   1521
0.343272193,0.,0.096543938,0.345045187,0.,0.105457384,              1261P   1522
0.346818182,0.,0.114545455,0.346818182,0.,0.,1.,0.,0.,1.;           1261P   1523
100,40.1,21.2,-11.,21.2,-16.075,21.2,-5.925;                        1263P   1524
126,4,2,1,0,1,0,0.,0.,0.,0.5,0.5,1.,1.,1.,1.,1.,1.,1.,1.,           1265P   1525
0.114545455,0.346818182,0.,0.125305764,0.346818182,0.,              1265P   1526
0.135777344,0.344342242,0.,0.146248924,0.341866302,0.,              1265P   1527
0.15586981,0.337047296,0.,0.,1.,0.,0.,1.;                           1265P   1528
100,40.1,21.2,-11.,21.2,-5.925,18.927160453,-6.462398718;           1267P   1529
126,4,2,1,0,1,0,0.,0.,0.,0.5,0.5,1.,1.,1.,1.,1.,1.,1.,1.,           1269P   1530
0.15586981,0.337047296,0.,0.146183012,0.36541812,0.,                1269P   1531
0.141273324,0.39499231,0.,0.136363636,0.4245665,0.,0.136363636,     1269P   1532
0.454545455,0.,0.,1.,0.,0.,1.;                                      1269P   1533
100,40.1,0.,0.,18.927160453,-6.462398718,20.,0.;                    1271P   1534
126,64,2,1,0,1,0,0.,0.,0.,0.03125,0.03125,0.0625,0.0625,            1273P   1535
0.09375,0.09375,0.125,0.125,0.15625,0.15625,0.1875,0.1875,          1273P   1536
0.21875,0.21875,0.25,0.25,0.28125,0.28125,0.3125,0.3125,            1273P   1537
0.34375,0.34375,0.375,0.375,0.40625,0.40625,0.4375,0.4375,          1273P   1538
0.46875,0.46875,0.5,0.5,0.53125,0.53125,0.5625,0.5625,0.59375,      1273P   1539
0.59375,0.625,0.625,0.65625,0.65625,0.6875,0.6875,0.71875,          1273P   1540
0.71875,0.75,0.75,0.78125,0.78125,0.8125,0.8125,0.84375,            1273P   1541
0.84375,0.875,0.875,0.90625,0.90625,0.9375,0.9375,0.96875,          1273P   1542
0.96875,1.,1.,1.,1.,1.,1.,1.,1.,1.,1.,1.,1.,1.,1.,1.,1.,1.,1.,      1273P   1543
1.,1.,1.,1.,1.,1.,1.,1.,1.,1.,1.,1.,1.,1.,1.,1.,1.,1.,1.,1.,1.,     1273P   1544
1.,1.,1.,1.,1.,1.,1.,1.,1.,1.,1.,1.,1.,1.,1.,1.,1.,1.,1.,1.,1.,     1273P   1545
1.,1.,1.,1.,1.,1.,1.,1.,0.136363636,0.454545455,0.,0.136363636,     1273P   1546
0.472409764,0.,0.138114645,0.490188051,0.,0.139865653,              1273P   1547
0.507966339,0.,0.143350807,0.52548739,0.,0.146835961,               1273P   1548
0.543008441,0.,0.152021696,0.560103519,0.,0.157207431,              1273P   1549
0.577198597,0.,0.164043806,0.593703066,0.,0.170880181,              1273P   1550
0.610207536,0.,0.179301358,0.62596245,0.,0.187722535,               1273P   1551
0.641717364,0.,0.197647414,0.656570994,0.,0.207572292,              1273P   1552
0.671424624,0.,0.21890529,0.685233922,0.,0.230238287,               1273P   1553
0.699043219,0.,0.242870261,0.711675193,0.,0.255502235,              1273P   1554
0.724307167,0.,0.269311533,0.735640165,0.,0.283120831,              1273P   1555
0.746973163,0.,0.297974461,0.756898041,0.,0.312828091,              1273P   1556
0.766822919,0.,0.328583005,0.775244096,0.,0.344337919,              1273P   1557
0.783665273,0.,0.360842388,0.790501648,0.,0.377346858,              1273P   1558
0.797338023,0.,0.394441936,0.802523758,0.,0.411537013,              1273P   1559
0.807709494,0.,0.429058065,0.811194647,0.,0.446579116,              1273P   1560
0.814679801,0.,0.464357404,0.81643081,0.,0.482135691,               1273P   1561
0.818181818,0.,0.5,0.818181818,0.,0.517864309,0.818181818,0.,       1273P   1562
0.535642596,0.81643081,0.,0.553420884,0.814679801,0.,               1273P   1563
0.570941935,0.811194647,0.,0.588462987,0.807709494,0.,              1273P   1564
0.605558064,0.802523758,0.,0.622653142,0.797338023,0.,              1273P   1565
0.639157612,0.790501648,0.,0.655662081,0.783665273,0.,              1273P   1566
0.671416995,0.775244096,0.,0.687171909,0.766822919,0.,              1273P   1567
0.702025539,0.756898041,0.,0.716879169,0.746973163,0.,              1273P   1568
0.730688467,0.735640165,0.,0.744497765,0.724307167,0.,              1273P   1569
0.757129739,0.711675193,0.,0.769761713,0.699043219,0.,              1273P   1570
0.78109471,0.685233922,0.,0.792427708,0.671424624,0.,               1273P   1571
0.802352586,0.656570994,0.,0.812277465,0.641717364,0.,              1273P   1572
0.820698642,0.62596245,0.,0.829119819,0.610207536,0.,               1273P   1573
0.835956194,0.593703066,0.,0.842792569,0.577198597,0.,              1273P   1574
0.847978304,0.560103519,0.,0.853164039,0.543008441,0.,              1273P   1575
0.856649193,0.52548739,0.,0.860134347,0.507966339,0.,               1273P   1576
0.861885355,0.490188051,0.,0.863636364,0.472409764,0.,              1273P   1577
0.863636364,0.454545455,0.,0.,1.,0.,0.,1.;                          1273P   1578
100,40.1,0.,0.,20.,0.,-20.,0.;                                      1275P   1579
126,4,2,1,0,1,0,0.,0.,0.,0.5,0.5,1.,1.,1.,1.,1.,1.,1.,1.,           1277P   1580
0.863636364,0.454545455,0.,0.863636364,0.4245665,0.,                1277P   1581
0.858726676,0.39499231,0.,0.853816988,0.36541812,0.,0.84413019,     1277P   1582
0.337047296,0.,0.,1.,0.,0.,1.;                                      1277P   1583
100,40.1,0.,0.,-20.,0.,-18.927160453,-6.462398718;                  1279P   1584
126,4,2,1,0,1,0,0.,0.,0.,0.5,0.5,1.,1.,1.,1.,1.,1.,1.,1.,           1281P   1585
0.84413019,0.337047296,0.,0.853751076,0.341866302,0.,               1281P   1586
0.864222656,0.344342242,0.,0.874694236,0.346818182,0.,              1281P   1587
0.885454545,0.346818182,0.,0.,1.,0.,0.,1.;                          1281P   1588
100,40.1,-21.2,-11.,-18.927160453,-6.462398718,-21.2,-5.925;        1283P   1589
126,32,2,1,0,1,0,0.,0.,0.,0.0625,0.0625,0.125,0.125,0.1875,         1285P   1590
0.1875,0.25,0.25,0.3125,0.3125,0.375,0.375,0.4375,0.4375,0.5,       1285P   1591
0.5,0.5625,0.5625,0.625,0.625,0.6875,0.6875,0.75,0.75,0.8125,       1285P   1592
0.8125,0.875,0.875,0.9375,0.9375,1.,1.,1.,1.,1.,1.,1.,1.,1.,1.,     1285P   1593
1.,1.,1.,1.,1.,1.,1.,1.,1.,1.,1.,1.,1.,1.,1.,1.,1.,1.,1.,1.,1.,     1285P   1594
1.,1.,1.,1.,1.,0.885454545,0.346818182,0.,0.894542616,              1285P   1595
0.346818182,0.,0.903456062,0.345045187,0.,0.912369507,              1285P   1596
0.343272193,0.,0.920765789,0.339794339,0.,0.929162072,              1285P   1597
0.336316485,0.,0.936718526,0.331267423,0.,0.94427498,               1285P   1598
0.326218362,0.,0.950701217,0.319792126,0.,0.957127453,              1285P   1599
0.31336589,0.,0.962176514,0.305809435,0.,0.967225576,               1285P   1600
0.298252981,0.,0.97070343,0.289856699,0.,0.974181284,               1285P   1601
0.281460416,0.,0.975954278,0.272546971,0.,0.977727273,              1285P   1602
0.263633525,0.,0.977727273,0.254545455,0.,0.977727273,              1285P   1603
0.245457384,0.,0.975954278,0.236543938,0.,0.974181284,              1285P   1604
0.227630493,0.,0.97070343,0.219234211,0.,0.967225576,               1285P   1605
0.210837928,0.,0.962176514,0.203281474,0.,0.957127453,              1285P   1606
0.19572502,0.,0.950701217,0.189298783,0.,0.94427498,                1285P   1607
0.182872547,0.,0.936718526,0.177823486,0.,0.929162072,              1285P   1608
0.172774424,0.,0.920765789,0.16929657,0.,0.912369507,               1285P   1609
0.165818716,0.,0.903456062,0.164045722,0.,0.894542616,              1285P   1610
0.162272727,0.,0.885454545,0.162272727,0.,0.,1.,0.,0.,1.;           1285P   1611
100,40.1,-21.2,-11.,-21.2,-5.925,-21.2,-16.075;                     1287P   1612
126,16,2,1,0,1,0,0.,0.,0.,0.125,0.125,0.25,0.25,0.375,0.375,        1289P   1613
0.5,0.5,0.625,0.625,0.75,0.75,0.875,0.875,1.,1.,1.,1.,1.,1.,1.,     1289P   1614
1.,1.,1.,1.,1.,1.,1.,1.,1.,1.,1.,1.,1.,0.885454545,0.162272727,     1289P   1615
0.,0.877234385,0.162272727,0.,0.869143671,0.163725789,0.,           1289P   1616
0.861052957,0.165178852,0.,0.853346506,0.168039212,0.,              1289P   1617
0.845640055,0.170899572,0.,0.838560582,0.175077144,0.,              1289P   1618
0.831481109,0.179254715,0.,0.825251581,0.184617926,0.,              1289P   1619
0.819022053,0.189981136,0.,0.813838669,0.196361071,0.,              1289P   1620
0.808655285,0.202741006,0.,0.804681295,0.209936731,0.,              1289P   1621
0.800707305,0.217132455,0.,0.79806787,0.22491734,0.,                1289P   1622
0.795428435,0.232702224,0.,0.794206684,0.240831084,0.,0.,1.,0.,     1289P   1623
0.,1.;                                                              1289P   1624
100,40.1,-21.2,-11.,-21.2,-16.075,-16.181367613,-11.754290373;      1291P   1625
126,32,2,1,0,1,0,0.,0.,0.,0.0625,0.0625,0.125,0.125,0.1875,         1293P   1626
0.1875,0.25,0.25,0.3125,0.3125,0.375,0.375,0.4375,0.4375,0.5,       1293P   1627
0.5,0.5625,0.5625,0.625,0.625,0.6875,0.6875,0.75,0.75,0.8125,       1293P   1628
0.8125,0.875,0.875,0.9375,0.9375,1.,1.,1.,1.,1.,1.,1.,1.,1.,1.,     1293P   1629
1.,1.,1.,1.,1.,1.,1.,1.,1.,1.,1.,1.,1.,1.,1.,1.,1.,1.,1.,1.,1.,     1293P   1630
1.,1.,1.,1.,1.,0.794206684,0.240831084,0.,0.781602116,              1293P   1631
0.223479195,0.,0.767045249,0.207729248,0.,0.752488383,              1293P   1632
0.191979301,0.,0.736181057,0.178049681,0.,0.719873732,              1293P   1633
0.16412006,0.,0.70204206,0.152203908,0.,0.684210389,                1293P   1634
0.140287756,0.,0.665101618,0.130550299,0.,0.645992847,              1293P   1635
0.120812842,0.,0.625871933,0.113389095,0.,0.605751019,              1293P   1636
0.105965349,0.,0.584896952,0.100958248,0.,0.564042884,              1293P   1637
0.095951147,0.,0.542744818,0.093430119,0.,0.521446752,              1293P   1638
0.090909091,0.,0.5,0.090909091,0.,0.478553248,0.090909091,0.,       1293P   1639
0.457255182,0.093430119,0.,0.435957116,0.095951147,0.,              1293P   1640
0.415103048,0.100958248,0.,0.394248981,0.105965349,0.,              1293P   1641
0.374128067,0.113389095,0.,0.354007153,0.120812842,0.,              1293P   1642
0.334898382,0.130550299,0.,0.315789611,0.140287756,0.,              1293P   1643
0.29795794,0.152203908,0.,0.280126268,0.16412006,0.,                1293P   1644
0.263818943,0.178049681,0.,0.247511617,0.191979301,0.,              1293P   1645
0.232954751,0.207729248,0.,0.218397884,0.223479195,0.,              1293P   1646
0.205793316,0.240831084,0.,0.,1.,0.,0.,1.;                          1293P   1647
100,40.1,0.,0.,-16.181367613,-11.754290373,16.181367613,            1295P   1648
-11.754290373;                                                      1295P   1649
126,16,2,1,0,1,0,0.,0.,0.,0.125,0.125,0.25,0.25,0.375,0.375,        1297P   1650
0.5,0.5,0.625,0.625,0.75,0.75,0.875,0.875,1.,1.,1.,1.,1.,1.,1.,     1297P   1651
1.,1.,1.,1.,1.,1.,1.,1.,1.,1.,1.,1.,1.,0.205793316,0.240831084,     1297P   1652
0.,0.204571565,0.232702224,0.,0.20193213,0.22491734,0.,             1297P   1653
0.199292695,0.217132455,0.,0.195318705,0.209936731,0.,              1297P   1654
0.191344715,0.202741006,0.,0.186161331,0.196361071,0.,              1297P   1655
0.180977947,0.189981136,0.,0.174748419,0.184617926,0.,              1297P   1656
0.168518891,0.179254715,0.,0.161439418,0.175077144,0.,              1297P   1657
0.154359945,0.170899572,0.,0.146653494,0.168039212,0.,              1297P   1658
0.138947043,0.165178852,0.,0.130856329,0.163725789,0.,              1297P   1659
0.122765615,0.162272727,0.,0.114545455,0.162272727,0.,0.,1.,0.,     1297P   1660
0.,1.;                                                              1297P   1661
100,40.1,21.2,-11.,16.181367613,-11.754290373,21.2,-16.075;         1299P   1662
102,10,1261,1265,1269,1273,1277,1281,1285,1289,1293,1297;           1301P   1663
102,10,1263,1267,1271,1275,1279,1283,1287,1291,1295,1299;           1303P   1664
142,1,1185,1301,1303,1;                                             1305P   1665
144,1185,1,3,1231,1245,1259,1305;                                   1307P   1666
314,75.2941176470588,75.2941176470588,75.2941176470588,;            1309P   1667
128,1,1,1,1,0,0,1,0,0,0.,0.,1.,1.,0.,0.,1.,1.,1.,1.,1.,1.,          1311P   1668
18.027756377,30.,0.,-18.027756377,30.,0.,18.027756377,30.,40.1,     1311P   1669
-18.027756377,30.,40.1,0.,1.,0.,1.;                                 1311P   1670
126,1,1,1,0,1,0,0.,0.,1.,1.,1.,1.,1.,1.,0.,0.,1.,0.,0.,1.,0.,       1313P   1671
0.,1.;                                                              1313P   1672
110,-18.027756377,30.,40.1,18.027756377,30.,40.1;                   1315P   1673
126,1,1,1,0,1,0,0.,0.,1.,1.,1.,1.,0.,1.,0.,0.,0.,0.,0.,1.,0.,       1317P   1674
0.,1.;                                                              1317P   1675
110,18.027756377,30.,40.1,18.027756377,30.,0.;                      1319P   1676
126,1,1,1,0,1,0,0.,0.,1.,1.,1.,1.,0.,0.,0.,1.,0.,0.,0.,1.,0.,       1321P   1677
0.,1.;                                                              1321P   1678
110,18.027756377,30.,0.,-18.027756377,30.,0.;                       1323P   1679
126,1,1,1,0,1,0,0.,0.,1.,1.,1.,1.,1.,0.,0.,1.,1.,0.,0.,1.,0.,       1325P   1680
0.,1.;                                                              1325P   1681
110,-18.027756377,30.,0.,-18.027756377,30.,40.1;                    1327P   1682
102,4,1313,1317,1321,1325;                                          1329P   1683
102,4,1315,1319,1323,1327;                                          1331P   1684
142,1,1311,1329,1331,1;                                             1333P   1685
126,32,2,1,0,1,0,0.,0.,0.,0.0625,0.0625,0.125,0.125,0.1875,         1335P   1686
0.1875,0.25,0.25,0.3125,0.3125,0.375,0.375,0.4375,0.4375,0.5,       1335P   1687
0.5,0.5625,0.5625,0.625,0.625,0.6875,0.6875,0.75,0.75,0.8125,       1335P   1688
0.8125,0.875,0.875,0.9375,0.9375,1.,1.,1.,1.,1.,1.,1.,1.,1.,1.,     1335P   1689
1.,1.,1.,1.,1.,1.,1.,1.,1.,1.,1.,1.,1.,1.,1.,1.,1.,1.,1.,1.,1.,     1335P   1690
1.,1.,1.,1.,1.,0.5,0.238154613,0.,0.511063223,0.238154613,0.,       1335P   1691
0.52191387,0.236213975,0.,0.532764516,0.234273336,0.,               1335P   1692
0.542985601,0.230466636,0.,0.553206687,0.226659936,0.,              1335P   1693
0.562405421,0.221133465,0.,0.571604155,0.215606993,0.,              1335P   1694
0.579427035,0.208573129,0.,0.587249915,0.201539265,0.,              1335P   1695
0.593396312,0.193268315,0.,0.59954271,0.184997366,0.,               1335P   1696
0.603776422,0.17580718,0.,0.608010134,0.166616993,0.,               1335P   1697
0.610168462,0.156860743,0.,0.61232679,0.147104493,0.,               1335P   1698
0.61232679,0.137157107,0.,0.61232679,0.127209721,0.,                1335P   1699
0.610168462,0.117453471,0.,0.608010134,0.107697221,0.,              1335P   1700
0.603776422,0.098507035,0.,0.59954271,0.089316848,0.,               1335P   1701
0.593396312,0.081045899,0.,0.587249915,0.07277495,0.,               1335P   1702
0.579427035,0.065741086,0.,0.571604155,0.058707222,0.,              1335P   1703
0.562405421,0.05318075,0.,0.553206687,0.047654278,0.,               1335P   1704
0.542985601,0.043847578,0.,0.532764516,0.040040879,0.,              1335P   1705
0.52191387,0.03810024,0.,0.511063223,0.036159601,0.,0.5,            1335P   1706
0.036159601,0.,0.,1.,0.,0.,1.;                                      1335P   1707
124,-6.122829542487E-017,-1.,-1.22460635382238E-016,30.,            1337P   1708
6.12323399573677E-017,1.22460635382238E-016,-1.,35.5,1.,            1337P   1709
-6.12282954248701E-017,6.12323399573677E-017,5.5;                   1337P   1710
100,5.5,0.,30.,4.05,30.,-4.05,30.;                                  1339P   1711
126,32,2,1,0,1,0,0.,0.,0.,0.0625,0.0625,0.125,0.125,0.1875,         1341P   1712
0.1875,0.25,0.25,0.3125,0.3125,0.375,0.375,0.4375,0.4375,0.5,       1341P   1713
0.5,0.5625,0.5625,0.625,0.625,0.6875,0.6875,0.75,0.75,0.8125,       1341P   1714
0.8125,0.875,0.875,0.9375,0.9375,1.,1.,1.,1.,1.,1.,1.,1.,1.,1.,     1341P   1715
1.,1.,1.,1.,1.,1.,1.,1.,1.,1.,1.,1.,1.,1.,1.,1.,1.,1.,1.,1.,1.,     1341P   1716
1.,1.,1.,1.,1.,0.5,0.036159601,0.,0.488936777,0.036159601,0.,       1341P   1717
0.47808613,0.03810024,0.,0.467235484,0.040040879,0.,                1341P   1718
0.457014399,0.043847578,0.,0.446793313,0.047654278,0.,              1341P   1719
0.437594579,0.05318075,0.,0.428395845,0.058707222,0.,               1341P   1720
0.420572965,0.065741086,0.,0.412750085,0.07277495,0.,               1341P   1721
0.406603688,0.081045899,0.,0.40045729,0.089316848,0.,               1341P   1722
0.396223578,0.098507035,0.,0.391989866,0.107697221,0.,              1341P   1723
0.389831538,0.117453471,0.,0.38767321,0.127209721,0.,               1341P   1724
0.38767321,0.137157107,0.,0.38767321,0.147104493,0.,                1341P   1725
0.389831538,0.156860743,0.,0.391989866,0.166616993,0.,              1341P   1726
0.396223578,0.17580718,0.,0.40045729,0.184997366,0.,                1341P   1727
0.406603688,0.193268315,0.,0.412750085,0.201539265,0.,              1341P   1728
0.420572965,0.208573129,0.,0.428395845,0.215606993,0.,              1341P   1729
0.437594579,0.221133465,0.,0.446793313,0.226659936,0.,              1341P   1730
0.457014399,0.230466636,0.,0.467235484,0.234273336,0.,              1341P   1731
0.47808613,0.236213975,0.,0.488936777,0.238154613,0.,0.5,           1341P   1732
0.238154613,0.,0.,1.,0.,0.,1.;                                      1341P   1733
124,1.41496183307121E-014,1.,-1.22460635382238E-016,-30.,           1343P   1734
-6.12323399573694E-017,-1.22460635382237E-016,-1.,35.5,-1.,         1343P   1735
1.41496183307121E-014,6.12323399573677E-017,5.49999999999957;       1343P   1736
100,5.5,0.,30.,4.05,30.,-4.05,30.;                                  1345P   1737
102,2,1335,1341;                                                    1347P   1738
102,2,1339,1345;                                                    1349P   1739
142,1,1311,1347,1349,1;                                             1351P   1740
126,32,2,1,0,1,0,0.,0.,0.,0.0625,0.0625,0.125,0.125,0.1875,         1353P   1741
0.1875,0.25,0.25,0.3125,0.3125,0.375,0.375,0.4375,0.4375,0.5,       1353P   1742
0.5,0.5625,0.5625,0.625,0.625,0.6875,0.6875,0.75,0.75,0.8125,       1353P   1743
0.8125,0.875,0.875,0.9375,0.9375,1.,1.,1.,1.,1.,1.,1.,1.,1.,1.,     1353P   1744
1.,1.,1.,1.,1.,1.,1.,1.,1.,1.,1.,1.,1.,1.,1.,1.,1.,1.,1.,1.,1.,     1353P   1745
1.,1.,1.,1.,1.,0.5,0.685785536,0.,0.52185328,0.685785536,0.,        1353P   1746
0.543286656,0.681952176,0.,0.564720032,0.678118815,0.,              1353P   1747
0.58490983,0.670599408,0.,0.605099628,0.663080001,0.,               1353P   1748
0.623269967,0.652163514,0.,0.641440305,0.641247027,0.,              1353P   1749
0.656892908,0.627352974,0.,0.672345511,0.613458921,0.,              1353P   1750
0.684486543,0.597121243,0.,0.696627575,0.580783566,0.,              1353P   1751
0.704990463,0.562630111,0.,0.713353352,0.544476656,0.,              1353P   1752
0.717616715,0.525205052,0.,0.721880078,0.505933447,0.,              1353P   1753
0.721880078,0.486284289,0.,0.721880078,0.466635131,0.,              1353P   1754
0.717616715,0.447363527,0.,0.713353352,0.428091922,0.,              1353P   1755
0.704990463,0.409938467,0.,0.696627575,0.391785013,0.,              1353P   1756
0.684486543,0.375447335,0.,0.672345511,0.359109657,0.,              1353P   1757
0.656892908,0.345215605,0.,0.641440305,0.331321552,0.,              1353P   1758
0.623269967,0.320405065,0.,0.605099628,0.309488578,0.,              1353P   1759
0.58490983,0.301969171,0.,0.564720032,0.294449763,0.,               1353P   1760
0.543286656,0.290616403,0.,0.52185328,0.286783042,0.,0.5,           1353P   1761
0.286783042,0.,0.,1.,0.,0.,1.;                                      1353P   1762
124,-6.122829542487E-017,-1.,-1.22460635382238E-016,30.,            1355P   1763
6.12323399573677E-017,1.22460635382238E-016,-1.,49.5,1.,            1355P   1764
-6.12282954248701E-017,6.12323399573677E-017,19.5;                  1355P   1765
100,19.5,0.,30.,8.,30.,-8.,30.;                                     1357P   1766
126,32,2,1,0,1,0,0.,0.,0.,0.0625,0.0625,0.125,0.125,0.1875,         1359P   1767
0.1875,0.25,0.25,0.3125,0.3125,0.375,0.375,0.4375,0.4375,0.5,       1359P   1768
0.5,0.5625,0.5625,0.625,0.625,0.6875,0.6875,0.75,0.75,0.8125,       1359P   1769
0.8125,0.875,0.875,0.9375,0.9375,1.,1.,1.,1.,1.,1.,1.,1.,1.,1.,     1359P   1770
1.,1.,1.,1.,1.,1.,1.,1.,1.,1.,1.,1.,1.,1.,1.,1.,1.,1.,1.,1.,1.,     1359P   1771
1.,1.,1.,1.,1.,0.5,0.286783042,0.,0.47814672,0.286783042,0.,        1359P   1772
0.456713344,0.290616403,0.,0.435279968,0.294449763,0.,              1359P   1773
0.41509017,0.301969171,0.,0.394900372,0.309488578,0.,               1359P   1774
0.376730033,0.320405065,0.,0.358559695,0.331321552,0.,              1359P   1775
0.343107092,0.345215605,0.,0.327654489,0.359109657,0.,              1359P   1776
0.315513457,0.375447335,0.,0.303372425,0.391785013,0.,              1359P   1777
0.295009537,0.409938467,0.,0.286646648,0.428091922,0.,              1359P   1778
0.282383285,0.447363527,0.,0.278119922,0.466635131,0.,              1359P   1779
0.278119922,0.486284289,0.,0.278119922,0.505933447,0.,              1359P   1780
0.282383285,0.525205052,0.,0.286646648,0.544476656,0.,              1359P   1781
0.295009537,0.562630111,0.,0.303372425,0.580783566,0.,              1359P   1782
0.315513457,0.597121243,0.,0.327654489,0.613458921,0.,              1359P   1783
0.343107092,0.627352974,0.,0.358559695,0.641247027,0.,              1359P   1784
0.376730033,0.652163514,0.,0.394900372,0.663080001,0.,              1359P   1785
0.41509017,0.670599408,0.,0.435279968,0.678118815,0.,               1359P   1786
0.456713344,0.681952176,0.,0.47814672,0.685785536,0.,0.5,           1359P   1787
0.685785536,0.,0.,1.,0.,0.,1.;                                      1359P   1788
124,1.41496183307121E-014,1.,-1.22460635382238E-016,-30.,           1361P   1789
-6.12323399573694E-017,-1.22460635382237E-016,-1.,49.5,-1.,         1361P   1790
1.41496183307121E-014,6.12323399573677E-017,19.4999999999996;       1361P   1791
100,19.5,0.,30.,8.,30.,-8.,30.;                                     1363P   1792
102,2,1353,1359;                                                    1365P   1793
102,2,1357,1363;                                                    1367P   1794
142,1,1311,1365,1367,1;                                             1369P   1795
144,1311,1,2,1333,1351,1369;                                        1371P   1796
314,75.2941176470588,75.2941176470588,75.2941176470588,;            1373P   1797
110,0.,0.,54.1,0.,0.,-945.9;                                        1375P   1798
110,0.,-35.,40.1,0.,-35.,0.;                                        1377P   1799
120,1375,1377,0.,6.28318530717959;                                  1379P   1800
126,1,1,1,0,1,0,0.,0.,1.,1.,1.,1.,1.,3.68269218,0.,0.,              1381P   1801
3.68269218,0.,0.,1.,0.,0.,1.;                                       1381P   1802
110,18.027756377,30.,0.,18.027756377,30.,40.1;                      1383P   1803
126,1,1,1,0,1,0,0.,0.,1.,1.,1.,1.,0.,3.68269218,0.,0.,              1385P   1804
4.045442636,0.,0.,1.,0.,0.,1.;                                      1385P   1805
124,0.515078753637713,0.857142857142857,4.00804573369032E-015,      1387P   1806
-1.63334701007583E-013,0.857142857142857,-0.515078753637713,        1387P   1807
-5.73188938532283E-015,2.34465832921761E-013,                       1387P   1808
-2.84858884353026E-015,6.38784221231588E-015,-1.,80.2;              1387P   1809
100,40.1,0.,0.,35.,0.,32.722352949,12.419646431;                    1389P   1810
126,1,1,1,0,1,0,0.,0.,1.,1.,1.,1.,0.,4.045442636,0.,1.,             1391P   1811
4.045442636,0.,0.,1.,0.,0.,1.;                                      1391P   1812
110,27.5,21.650635095,40.1,27.5,21.650635095,0.;                    1393P   1813
126,1,1,1,0,1,0,0.,0.,1.,1.,1.,1.,1.,4.045442636,0.,1.,             1395P   1814
3.68269218,0.,0.,1.,0.,0.,1.;                                       1395P   1815
100,0.,0.,0.,27.5,21.650635095,18.027756377,30.;                    1397P   1816
102,4,1381,1385,1391,1395;                                          1399P   1817
102,4,1383,1389,1393,1397;                                          1401P   1818
142,1,1379,1399,1401,1;                                             1403P   1819
144,1379,1,0,1403;                                                  1405P   1820
314,75.2941176470588,75.2941176470588,75.2941176470588,;            1407P   1821
128,1,1,1,1,0,0,1,0,0,0.,0.,1.,1.,0.,0.,1.,1.,1.,1.,1.,1.,27.5,     1409P   1822
-21.650635095,0.,27.5,-21.650635095,40.1,27.5,21.650635095,0.,      1409P   1823
27.5,21.650635095,40.1,0.,1.,0.,1.;                                 1409P   1824
126,1,1,1,0,1,0,0.,0.,1.,1.,1.,1.,0.,1.,0.,0.,0.,0.,0.,1.,0.,       1411P   1825
0.,1.;                                                              1411P   1826
110,27.5,21.650635095,0.,27.5,-21.650635095,0.;                     1413P   1827
126,1,1,1,0,1,0,0.,0.,1.,1.,1.,1.,0.,0.,0.,1.,0.,0.,0.,1.,0.,       1415P   1828
0.,1.;                                                              1415P   1829
110,27.5,-21.650635095,0.,27.5,-21.650635095,40.1;                  1417P   1830
126,1,1,1,0,1,0,0.,0.,1.,1.,1.,1.,1.,0.,0.,1.,1.,0.,0.,1.,0.,       1419P   1831
0.,1.;                                                              1419P   1832
110,27.5,-21.650635095,40.1,27.5,21.650635095,40.1;                 1421P   1833
126,1,1,1,0,1,0,0.,0.,1.,1.,1.,1.,1.,1.,0.,0.,1.,0.,0.,1.,0.,       1423P   1834
0.,1.;                                                              1423P   1835
110,27.5,21.650635095,40.1,27.5,21.650635095,0.;                    1425P   1836
102,4,1411,1415,1419,1423;                                          1427P   1837
102,4,1413,1417,1421,1425;                                          1429P   1838
142,1,1409,1427,1429,1;                                             1431P   1839
144,1409,1,0,1431;                                                  1433P   1840
314,75.2941176470588,75.2941176470588,75.2941176470588,;            1435P   1841
110,0.,0.,54.1,0.,0.,-945.9;                                        1437P   1842
110,0.,-35.,40.1,0.,-35.,0.;                                        1439P   1843
120,1437,1439,0.,6.28318530717959;                                  1441P   1844
126,1,1,1,0,1,0,0.,0.,1.,1.,1.,1.,1.,5.379335325,0.,0.,             1443P   1845
5.379335325,0.,0.,1.,0.,0.,1.;                                      1443P   1846
110,27.5,-21.650635095,0.,27.5,-21.650635095,40.1;                  1445P   1847
126,1,1,1,0,1,0,0.,0.,1.,1.,1.,1.,0.,5.379335325,0.,0.,             1447P   1848
5.507991934,0.,0.,1.,0.,0.,1.;                                      1447P   1849
124,0.785714285714277,-0.618589574131753,                           1449P   1850
-4.98783048406162E-015,1.98857735268292E-013,                       1449P   1851
-0.618589574131753,-0.785714285714277,-4.88705584378008E-015,       1449P   1852
1.92638857108157E-013,-8.9592787288636E-016,                        1449P   1853
6.9252495265185E-015,-1.,80.2;                                      1449P   1854
100,40.1,0.,0.,35.,0.,34.710730189,4.490568975;                     1451P   1855
126,1,1,1,0,1,0,0.,0.,1.,1.,1.,1.,0.,5.507991934,0.,1.,             1453P   1856
5.507991934,0.,0.,1.,0.,0.,1.;                                      1453P   1857
110,24.494897428,-25.,40.1,24.494897428,-25.,0.;                    1455P   1858
126,1,1,1,0,1,0,0.,0.,1.,1.,1.,1.,1.,5.507991934,0.,1.,             1457P   1859
5.379335325,0.,0.,1.,0.,0.,1.;                                      1457P   1860
100,0.,0.,0.,24.494897428,-25.,27.5,-21.650635095;                  1459P   1861
102,4,1443,1447,1453,1457;                                          1461P   1862
102,4,1445,1451,1455,1459;                                          1463P   1863
142,1,1441,1461,1463,1;                                             1465P   1864
144,1441,1,0,1465;                                                  1467P   1865
314,75.2941176470588,75.2941176470588,75.2941176470588,;            1469P   1866
128,1,1,1,1,0,0,1,0,0,0.,0.,1.,1.,0.,0.,1.,1.,1.,1.,1.,1.,          1471P   1867
24.494897428,-25.,0.,-24.494897428,-25.,0.,24.494897428,-25.,       1471P   1868
40.1,-24.494897428,-25.,40.1,0.,1.,0.,1.;                           1471P   1869
126,1,1,1,0,1,0,0.,0.,1.,1.,1.,1.,0.,0.,0.,1.,0.,0.,0.,1.,0.,       1473P   1870
0.,1.;                                                              1473P   1871
110,24.494897428,-25.,0.,-24.494897428,-25.,0.;                     1475P   1872
126,1,1,1,0,1,0,0.,0.,1.,1.,1.,1.,1.,0.,0.,1.,1.,0.,0.,1.,0.,       1477P   1873
0.,1.;                                                              1477P   1874
110,-24.494897428,-25.,0.,-24.494897428,-25.,40.1;                  1479P   1875
126,1,1,1,0,1,0,0.,0.,1.,1.,1.,1.,1.,1.,0.,0.,1.,0.,0.,1.,0.,       1481P   1876
0.,1.;                                                              1481P   1877
110,-24.494897428,-25.,40.1,24.494897428,-25.,40.1;                 1483P   1878
126,1,1,1,0,1,0,0.,0.,1.,1.,1.,1.,0.,1.,0.,0.,0.,0.,0.,1.,0.,       1485P   1879
0.,1.;                                                              1485P   1880
110,24.494897428,-25.,40.1,24.494897428,-25.,0.;                    1487P   1881
102,4,1473,1477,1481,1485;                                          1489P   1882
102,4,1475,1479,1483,1487;                                          1491P   1883
142,1,1471,1489,1491,1;                                             1493P   1884
144,1471,1,0,1493;                                                  1495P   1885
314,75.2941176470588,75.2941176470588,75.2941176470588,;            1497P   1886
110,-21.2,-11.,40.1,-21.2,-11.,1040.1;                              1499P   1887
110,-21.2,-7.75,0.,-21.2,-7.75,31.1;                                1501P   1888
120,1499,1501,0.,6.28318530717959;                                  1503P   1889
126,1,1,1,0,1,0,0.,0.,1.,1.,1.,1.,1.,3.141592654,0.,1.,0.,0.,       1505P   1890
0.,1.,0.,0.,1.;                                                     1505P   1891
124,-5.0532154980743E-016,-1.,6.98296267768627E-015,                1507P   1892
-32.2000000000002,-1.,5.0532154980743E-016,0.,-32.2,                1507P   1893
-3.52864152253587E-030,-6.98296267768627E-015,-1.,62.2;             1507P   1894
100,31.1,-21.2,-11.,-17.95,-11.,-24.45,-11.;                        1509P   1895
126,1,1,1,0,1,0,0.,0.,1.,1.,1.,1.,1.,0.,0.,0.,0.,0.,0.,1.,0.,       1511P   1896
0.,1.;                                                              1511P   1897
110,-21.2,-7.75,31.1,-21.2,-7.75,0.;                                1513P   1898
126,1,1,1,0,1,0,0.,0.,1.,1.,1.,1.,0.,0.,0.,0.,3.141592654,0.,       1515P   1899
0.,1.,0.,0.,1.;                                                     1515P   1900
100,0.,-21.2,-11.,-21.2,-7.75,-21.2,-14.25;                         1517P   1901
126,1,1,1,0,1,0,0.,0.,1.,1.,1.,1.,0.,3.141592654,0.,1.,             1519P   1902
3.141592654,0.,0.,1.,0.,0.,1.;                                      1519P   1903
110,-21.2,-14.25,0.,-21.2,-14.25,31.1;                              1521P   1904
102,4,1505,1511,1515,1519;                                          1523P   1905
102,4,1509,1513,1517,1521;                                          1525P   1906
142,1,1503,1523,1525,1;                                             1527P   1907
144,1503,1,0,1527;                                                  1529P   1908
314,75.2941176470588,75.2941176470588,75.2941176470588,;            1531P   1909
110,21.2,-11.,40.1,21.2,-11.,1040.1;                                1533P   1910
110,21.2,-7.75,0.,21.2,-7.75,31.1;                                  1535P   1911
120,1533,1535,0.,6.28318530717959;                                  1537P   1912
126,1,1,1,0,1,0,0.,0.,1.,1.,1.,1.,1.,3.141592654,0.,1.,0.,0.,       1539P   1913
0.,1.,0.,0.,1.;                                                     1539P   1914
124,-5.0532154980743E-016,-1.,6.98296267768627E-015,                1541P   1915
10.1999999999998,-1.,5.0532154980743E-016,0.,10.2,                  1541P   1916
-3.52864152253587E-030,-6.98296267768627E-015,-1.,                  1541P   1917
62.1999999999999;                                                   1541P   1918
100,31.1,21.2,-11.,24.45,-11.,17.95,-11.;                           1543P   1919
126,1,1,1,0,1,0,0.,0.,1.,1.,1.,1.,1.,0.,0.,0.,0.,0.,0.,1.,0.,       1545P   1920
0.,1.;                                                              1545P   1921
110,21.2,-7.75,31.1,21.2,-7.75,0.;                                  1547P   1922
126,1,1,1,0,1,0,0.,0.,1.,1.,1.,1.,0.,0.,0.,0.,3.141592654,0.,       1549P   1923
0.,1.,0.,0.,1.;                                                     1549P   1924
100,0.,21.2,-11.,21.2,-7.75,21.2,-14.25;                            1551P   1925
126,1,1,1,0,1,0,0.,0.,1.,1.,1.,1.,0.,3.141592654,0.,1.,             1553P   1926
3.141592654,0.,0.,1.,0.,0.,1.;                                      1553P   1927
110,21.2,-14.25,0.,21.2,-14.25,31.1;                                1555P   1928
102,4,1539,1545,1549,1553;                                          1557P   1929
102,4,1543,1547,1551,1555;                                          1559P   1930
142,1,1537,1557,1559,1;                                             1561P   1931
144,1537,1,0,1561;                                                  1563P   1932
314,75.2941176470588,75.2941176470588,75.2941176470588,;            1565P   1933
110,-13.1,23.5,40.1,-13.1,23.5,1040.1;                              1567P   1934
110,-13.1,26.75,0.,-13.1,26.75,31.1;                                1569P   1935
120,1567,1569,0.,6.28318530717959;                                  1571P   1936
126,1,1,1,0,1,0,0.,0.,1.,1.,1.,1.,1.,3.141592654,0.,1.,0.,0.,       1573P   1937
0.,1.,0.,0.,1.;                                                     1573P   1938
124,-6.12323399573676E-017,-1.,6.98296267768627E-015,               1575P   1939
10.3999999999998,-1.,6.12323399573676E-017,0.,10.4,                 1575P   1940
-4.27583144589694E-031,-6.98296267768627E-015,-1.,                  1575P   1941
62.2000000000002;                                                   1575P   1942
100,31.1,-13.1,23.5,-9.85,23.5,-16.35,23.5;                         1577P   1943
126,1,1,1,0,1,0,0.,0.,1.,1.,1.,1.,1.,0.,0.,0.,0.,0.,0.,1.,0.,       1579P   1944
0.,1.;                                                              1579P   1945
110,-13.1,26.75,31.1,-13.1,26.75,0.;                                1581P   1946
126,1,1,1,0,1,0,0.,0.,1.,1.,1.,1.,0.,0.,0.,0.,3.141592654,0.,       1583P   1947
0.,1.,0.,0.,1.;                                                     1583P   1948
100,0.,-13.1,23.5,-13.1,26.75,-13.1,20.25;                          1585P   1949
126,1,1,1,0,1,0,0.,0.,1.,1.,1.,1.,0.,3.141592654,0.,1.,             1587P   1950
3.141592654,0.,0.,1.,0.,0.,1.;                                      1587P   1951
110,-13.1,20.25,0.,-13.1,20.25,31.1;                                1589P   1952
102,4,1573,1579,1583,1587;                                          1591P   1953
102,4,1577,1581,1585,1589;                                          1593P   1954
142,1,1571,1591,1593,1;                                             1595P   1955
144,1571,1,0,1595;                                                  1597P   1956
314,75.2941176470588,75.2941176470588,75.2941176470588,;            1599P   1957
128,1,1,1,1,0,0,1,0,0,0.,0.,1.,1.,0.,0.,1.,1.,1.,1.,1.,1.,27.5,     1601P   1958
-25.,0.,27.5,30.,0.,-27.5,-25.,0.,-27.5,30.,0.,0.,1.,0.,1.;         1601P   1959
126,2,2,1,0,1,0,0.,0.,0.,1.,1.,1.,1.,1.,1.,0.,0.054638229,0.,       1603P   1960
0.028688951,0.02535769,0.,0.060897544,0.,0.,0.,1.,0.,0.,-1.;        1603P   1961
100,0.,0.,0.,24.494897428,-25.,27.5,-21.650635095;                  1605P   1962
126,1,1,1,0,1,0,0.,0.,1.,1.,1.,1.,0.060897544,0.,0.,                1607P   1963
0.848193365,0.,0.,0.,1.,0.,0.,1.;                                   1607P   1964
110,27.5,-21.650635095,0.,27.5,21.650635095,0.;                     1609P   1965
126,8,2,1,0,1,0,0.,0.,0.,0.25,0.25,0.5,0.5,0.75,0.75,1.,1.,1.,      1611P   1966
1.,1.,1.,1.,1.,1.,1.,1.,1.,0.848193365,0.,0.,0.87088082,            1611P   1967
0.017861738,0.,0.891857426,0.037704729,0.,0.912834032,              1611P   1968
0.05754772,0.,0.931927391,0.079208882,0.,0.951020749,               1611P   1969
0.100870044,0.,0.96807394,0.124171352,0.,0.985127131,               1611P   1970
0.147472661,0.,1.,0.172222611,0.,0.,1.,0.,0.,-1.;                   1611P   1971
100,0.,0.,0.,27.5,21.650635095,18.027756377,30.;                    1613P   1972
126,1,1,1,0,1,0,0.,0.,1.,1.,1.,1.,1.,0.172222611,0.,1.,             1615P   1973
0.827777389,0.,0.,1.,0.,0.,1.;                                      1615P   1974
110,18.027756377,30.,0.,-18.027756377,30.,0.;                       1617P   1975
126,8,2,1,0,1,0,0.,0.,0.,0.25,0.25,0.5,0.5,0.75,0.75,1.,1.,1.,      1619P   1976
1.,1.,1.,1.,1.,1.,1.,1.,1.,1.,0.827777389,0.,0.985127131,           1619P   1977
0.852527339,0.,0.96807394,0.875828648,0.,0.951020749,               1619P   1978
0.899129956,0.,0.931927391,0.920791118,0.,0.912834032,              1619P   1979
0.94245228,0.,0.891857426,0.962295271,0.,0.87088082,                1619P   1980
0.982138262,0.,0.848193365,1.,0.,0.,1.,0.,0.,-1.;                   1619P   1981
100,0.,0.,0.,-18.027756377,30.,-27.5,21.650635095;                  1621P   1982
126,1,1,1,0,1,0,0.,0.,1.,1.,1.,1.,0.848193365,1.,0.,                1623P   1983
0.060897544,1.,0.,0.,1.,0.,0.,1.;                                   1623P   1984
110,-27.5,21.650635095,0.,-27.5,-21.650635095,0.;                   1625P   1985
126,2,2,1,0,1,0,0.,0.,0.,1.,1.,1.,1.,1.,1.,0.060897544,1.,0.,       1627P   1986
0.028688951,0.97464231,0.,0.,0.945361771,0.,0.,1.,0.,0.,-1.;        1627P   1987
100,0.,0.,0.,-27.5,-21.650635095,-24.494897428,-25.;                1629P   1988
126,1,1,1,0,1,0,0.,0.,1.,1.,1.,1.,0.,0.945361771,0.,0.,             1631P   1989
0.054638229,0.,0.,1.,0.,0.,1.;                                      1631P   1990
110,-24.494897428,-25.,0.,24.494897428,-25.,0.;                     1633P   1991
102,8,1603,1607,1611,1615,1619,1623,1627,1631;                      1635P   1992
102,8,1605,1609,1613,1617,1621,1625,1629,1633;                      1637P   1993
142,1,1601,1635,1637,1;                                             1639P   1994
126,32,2,1,0,1,0,0.,0.,0.,0.0625,0.0625,0.125,0.125,0.1875,         1641P   1995
0.1875,0.25,0.25,0.3125,0.3125,0.375,0.375,0.4375,0.4375,0.5,       1641P   1996
0.5,0.5625,0.5625,0.625,0.625,0.6875,0.6875,0.75,0.75,0.8125,       1641P   1997
0.8125,0.875,0.875,0.9375,0.9375,1.,1.,1.,1.,1.,1.,1.,1.,1.,1.,     1641P   1998
1.,1.,1.,1.,1.,1.,1.,1.,1.,1.,1.,1.,1.,1.,1.,1.,1.,1.,1.,1.,1.,     1641P   1999
1.,1.,1.,1.,1.,0.940909091,0.261818182,0.,0.940909091,              1641P   2000
0.255998235,0.,0.939773676,0.250290117,0.,0.93863826,               1641P   2001
0.244581999,0.,0.936411063,0.23920507,0.,0.934183866,               1641P   2002
0.23382814,0.,0.930950477,0.228989032,0.,0.927717088,               1641P   2003
0.224149923,0.,0.923601764,0.220034599,0.,0.919486441,              1641P   2004
0.215919276,0.,0.914647332,0.212685887,0.,0.909808223,              1641P   2005
0.209452497,0.,0.904431294,0.2072253,0.,0.899054364,                1641P   2006
0.204998103,0.,0.893346246,0.203862688,0.,0.887638128,              1641P   2007
0.202727273,0.,0.881818182,0.202727273,0.,0.875998235,              1641P   2008
0.202727273,0.,0.870290117,0.203862688,0.,0.864581999,              1641P   2009
0.204998103,0.,0.85920507,0.2072253,0.,0.85382814,0.209452497,      1641P   2010
0.,0.848989032,0.212685887,0.,0.844149923,0.215919276,0.,           1641P   2011
0.840034599,0.220034599,0.,0.835919276,0.224149923,0.,              1641P   2012
0.832685887,0.228989032,0.,0.829452497,0.23382814,0.,0.8272253,     1641P   2013
0.23920507,0.,0.824998103,0.244581999,0.,0.823862688,               1641P   2014
0.250290117,0.,0.822727273,0.255998235,0.,0.822727273,              1641P   2015
0.261818182,0.,0.,1.,0.,0.,1.;                                      1641P   2016
124,1.41496223752446E-014,1.,-6.98296267768627E-015,                1643P   2017
-10.4000000000002,1.,-1.41496223752446E-014,0.,                     1643P   2018
10.4000000000004,-9.88062849496878E-029,-6.98296267768627E-015,     1643P   2019
-1.,1.64099622925629E-013;                                          1643P   2020
100,0.,13.1,23.5,16.35,23.5,9.85,23.5;                              1645P   2021
126,32,2,1,0,1,0,0.,0.,0.,0.0625,0.0625,0.125,0.125,0.1875,         1647P   2022
0.1875,0.25,0.25,0.3125,0.3125,0.375,0.375,0.4375,0.4375,0.5,       1647P   2023
0.5,0.5625,0.5625,0.625,0.625,0.6875,0.6875,0.75,0.75,0.8125,       1647P   2024
0.8125,0.875,0.875,0.9375,0.9375,1.,1.,1.,1.,1.,1.,1.,1.,1.,1.,     1647P   2025
1.,1.,1.,1.,1.,1.,1.,1.,1.,1.,1.,1.,1.,1.,1.,1.,1.,1.,1.,1.,1.,     1647P   2026
1.,1.,1.,1.,1.,0.822727273,0.261818182,0.,0.822727273,              1647P   2027
0.267638128,0.,0.823862688,0.273346246,0.,0.824998103,              1647P   2028
0.279054364,0.,0.8272253,0.284431294,0.,0.829452497,                1647P   2029
0.289808223,0.,0.832685887,0.294647332,0.,0.835919276,              1647P   2030
0.299486441,0.,0.840034599,0.303601764,0.,0.844149923,              1647P   2031
0.307717088,0.,0.848989032,0.310950477,0.,0.85382814,               1647P   2032
0.314183866,0.,0.85920507,0.316411063,0.,0.864581999,               1647P   2033
0.31863826,0.,0.870290117,0.319773676,0.,0.875998235,               1647P   2034
0.320909091,0.,0.881818182,0.320909091,0.,0.887638128,              1647P   2035
0.320909091,0.,0.893346246,0.319773676,0.,0.899054364,              1647P   2036
0.31863826,0.,0.904431294,0.316411063,0.,0.909808223,               1647P   2037
0.314183866,0.,0.914647332,0.310950477,0.,0.919486441,              1647P   2038
0.307717088,0.,0.923601764,0.303601764,0.,0.927717088,              1647P   2039
0.299486441,0.,0.930950477,0.294647332,0.,0.934183866,              1647P   2040
0.289808223,0.,0.936411063,0.284431294,0.,0.93863826,               1647P   2041
0.279054364,0.,0.939773676,0.273346246,0.,0.940909091,              1647P   2042
0.267638128,0.,0.940909091,0.261818182,0.,0.,1.,0.,0.,1.;           1647P   2043
124,-6.12323399573676E-017,-1.,6.98296267768627E-015,36.6,-1.,      1649P   2044
6.12323399573676E-017,0.,36.6,-4.27583144589694E-031,               1649P   2045
-6.98296267768627E-015,-1.,1.64099622925627E-013;                   1649P   2046
100,0.,13.1,23.5,16.35,23.5,9.85,23.5;                              1651P   2047
102,2,1641,1647;                                                    1653P   2048
102,2,1645,1651;                                                    1655P   2049
142,1,1601,1653,1655,1;                                             1657P   2050
126,32,2,1,0,1,0,0.,0.,0.,0.0625,0.0625,0.125,0.125,0.1875,         1659P   2051
0.1875,0.25,0.25,0.3125,0.3125,0.375,0.375,0.4375,0.4375,0.5,       1659P   2052
0.5,0.5625,0.5625,0.625,0.625,0.6875,0.6875,0.75,0.75,0.8125,       1659P   2053
0.8125,0.875,0.875,0.9375,0.9375,1.,1.,1.,1.,1.,1.,1.,1.,1.,1.,     1659P   2054
1.,1.,1.,1.,1.,1.,1.,1.,1.,1.,1.,1.,1.,1.,1.,1.,1.,1.,1.,1.,1.,     1659P   2055
1.,1.,1.,1.,1.,0.940909091,0.738181818,0.,0.940909091,              1659P   2056
0.732361872,0.,0.939773676,0.726653754,0.,0.93863826,               1659P   2057
0.720945636,0.,0.936411063,0.715568706,0.,0.934183866,              1659P   2058
0.710191777,0.,0.930950477,0.705352668,0.,0.927717088,              1659P   2059
0.700513559,0.,0.923601764,0.696398236,0.,0.919486441,              1659P   2060
0.692282912,0.,0.914647332,0.689049523,0.,0.909808223,              1659P   2061
0.685816134,0.,0.904431294,0.683588937,0.,0.899054364,              1659P   2062
0.68136174,0.,0.893346246,0.680226324,0.,0.887638128,               1659P   2063
0.679090909,0.,0.881818182,0.679090909,0.,0.875998235,              1659P   2064
0.679090909,0.,0.870290117,0.680226324,0.,0.864581999,              1659P   2065
0.68136174,0.,0.85920507,0.683588937,0.,0.85382814,0.685816134,     1659P   2066
0.,0.848989032,0.689049523,0.,0.844149923,0.692282912,0.,           1659P   2067
0.840034599,0.696398236,0.,0.835919276,0.700513559,0.,              1659P   2068
0.832685887,0.705352668,0.,0.829452497,0.710191777,0.,              1659P   2069
0.8272253,0.715568706,0.,0.824998103,0.720945636,0.,                1659P   2070
0.823862688,0.726653754,0.,0.822727273,0.732361872,0.,              1659P   2071
0.822727273,0.738181818,0.,0.,1.,0.,0.,1.;                          1659P   2072
124,1.41496223752446E-014,1.,-6.98296267768627E-015,                1661P   2073
-36.5999999999998,1.,-1.41496223752446E-014,0.,                     1661P   2074
36.6000000000004,-9.88062849496878E-029,-6.98296267768627E-015,     1661P   2075
-1.,1.91855198541255E-013;                                          1661P   2076
100,0.,-13.1,23.5,-9.85,23.5,-16.35,23.5;                           1663P   2077
126,32,2,1,0,1,0,0.,0.,0.,0.0625,0.0625,0.125,0.125,0.1875,         1665P   2078
0.1875,0.25,0.25,0.3125,0.3125,0.375,0.375,0.4375,0.4375,0.5,       1665P   2079
0.5,0.5625,0.5625,0.625,0.625,0.6875,0.6875,0.75,0.75,0.8125,       1665P   2080
0.8125,0.875,0.875,0.9375,0.9375,1.,1.,1.,1.,1.,1.,1.,1.,1.,1.,     1665P   2081
1.,1.,1.,1.,1.,1.,1.,1.,1.,1.,1.,1.,1.,1.,1.,1.,1.,1.,1.,1.,1.,     1665P   2082
1.,1.,1.,1.,1.,0.822727273,0.738181818,0.,0.822727273,              1665P   2083
0.744001765,0.,0.823862688,0.749709883,0.,0.824998103,              1665P   2084
0.755418001,0.,0.8272253,0.76079493,0.,0.829452497,0.76617186,      1665P   2085
0.,0.832685887,0.771010968,0.,0.835919276,0.775850077,0.,           1665P   2086
0.840034599,0.779965401,0.,0.844149923,0.784080724,0.,              1665P   2087
0.848989032,0.787314113,0.,0.85382814,0.790547503,0.,               1665P   2088
0.85920507,0.7927747,0.,0.864581999,0.795001897,0.,0.870290117,     1665P   2089
0.796137312,0.,0.875998235,0.797272727,0.,0.881818182,              1665P   2090
0.797272727,0.,0.887638128,0.797272727,0.,0.893346246,              1665P   2091
0.796137312,0.,0.899054364,0.795001897,0.,0.904431294,              1665P   2092
0.7927747,0.,0.909808223,0.790547503,0.,0.914647332,                1665P   2093
0.787314113,0.,0.919486441,0.784080724,0.,0.923601764,              1665P   2094
0.779965401,0.,0.927717088,0.775850077,0.,0.930950477,              1665P   2095
0.771010968,0.,0.934183866,0.76617186,0.,0.936411063,               1665P   2096
0.76079493,0.,0.93863826,0.755418001,0.,0.939773676,                1665P   2097
0.749709883,0.,0.940909091,0.744001765,0.,0.940909091,              1665P   2098
0.738181818,0.,0.,1.,0.,0.,1.;                                      1665P   2099
124,-6.12323399573676E-017,-1.,6.98296267768627E-015,10.4,-1.,      1667P   2100
6.12323399573676E-017,0.,10.4,-4.27583144589694E-031,               1667P   2101
-6.98296267768627E-015,-1.,1.91855198541256E-013;                   1667P   2102
100,0.,-13.1,23.5,-9.85,23.5,-16.35,23.5;                           1669P   2103
102,2,1659,1665;                                                    1671P   2104
102,2,1663,1669;                                                    1673P   2105
142,1,1601,1671,1673,1;                                             1675P   2106
126,32,2,1,0,1,0,0.,0.,0.,0.0625,0.0625,0.125,0.125,0.1875,         1677P   2107
0.1875,0.25,0.25,0.3125,0.3125,0.375,0.375,0.4375,0.4375,0.5,       1677P   2108
0.5,0.5625,0.5625,0.625,0.625,0.6875,0.6875,0.75,0.75,0.8125,       1677P   2109
0.8125,0.875,0.875,0.9375,0.9375,1.,1.,1.,1.,1.,1.,1.,1.,1.,1.,     1677P   2110
1.,1.,1.,1.,1.,1.,1.,1.,1.,1.,1.,1.,1.,1.,1.,1.,1.,1.,1.,1.,1.,     1677P   2111
1.,1.,1.,1.,1.,0.313636364,0.114545455,0.,0.313636364,              1677P   2112
0.108725508,0.,0.312500948,0.10301739,0.,0.311365533,               1677P   2113
0.097309272,0.,0.309138336,0.091932343,0.,0.306911139,              1677P   2114
0.086555413,0.,0.30367775,0.081716304,0.,0.300444361,               1677P   2115
0.076877196,0.,0.296329037,0.072761872,0.,0.292213713,              1677P   2116
0.068646548,0.,0.287374605,0.065413159,0.,0.282535496,              1677P   2117
0.06217977,0.,0.277158566,0.059952573,0.,0.271781637,               1677P   2118
0.057725376,0.,0.266073519,0.056589961,0.,0.260365401,              1677P   2119
0.055454545,0.,0.254545455,0.055454545,0.,0.248725508,              1677P   2120
0.055454545,0.,0.24301739,0.056589961,0.,0.237309272,               1677P   2121
0.057725376,0.,0.231932343,0.059952573,0.,0.226555413,              1677P   2122
0.06217977,0.,0.221716304,0.065413159,0.,0.216877196,               1677P   2123
0.068646548,0.,0.212761872,0.072761872,0.,0.208646548,              1677P   2124
0.076877196,0.,0.205413159,0.081716304,0.,0.20217977,               1677P   2125
0.086555413,0.,0.199952573,0.091932343,0.,0.197725376,              1677P   2126
0.097309272,0.,0.196589961,0.10301739,0.,0.195454545,               1677P   2127
0.108725508,0.,0.195454545,0.114545455,0.,0.,1.,0.,0.,1.;           1677P   2128
124,1.32614439555445E-014,1.,-6.98296267768627E-015,                1679P   2129
32.1999999999997,1.,-1.32614439555445E-014,0.,                      1679P   2130
-32.2000000000001,-9.26041681937954E-029,                           1679P   2131
-6.98296267768627E-015,-1.,-4.90570138389179E-014;                  1679P   2132
100,0.,21.2,-11.,24.45,-11.,17.95,-11.;                             1681P   2133
126,32,2,1,0,1,0,0.,0.,0.,0.0625,0.0625,0.125,0.125,0.1875,         1683P   2134
0.1875,0.25,0.25,0.3125,0.3125,0.375,0.375,0.4375,0.4375,0.5,       1683P   2135
0.5,0.5625,0.5625,0.625,0.625,0.6875,0.6875,0.75,0.75,0.8125,       1683P   2136
0.8125,0.875,0.875,0.9375,0.9375,1.,1.,1.,1.,1.,1.,1.,1.,1.,1.,     1683P   2137
1.,1.,1.,1.,1.,1.,1.,1.,1.,1.,1.,1.,1.,1.,1.,1.,1.,1.,1.,1.,1.,     1683P   2138
1.,1.,1.,1.,1.,0.195454545,0.114545455,0.,0.195454545,              1683P   2139
0.120365401,0.,0.196589961,0.126073519,0.,0.197725376,              1683P   2140
0.131781637,0.,0.199952573,0.137158566,0.,0.20217977,               1683P   2141
0.142535496,0.,0.205413159,0.147374605,0.,0.208646548,              1683P   2142
0.152213713,0.,0.212761872,0.156329037,0.,0.216877196,              1683P   2143
0.160444361,0.,0.221716304,0.16367775,0.,0.226555413,               1683P   2144
0.166911139,0.,0.231932343,0.169138336,0.,0.237309272,              1683P   2145
0.171365533,0.,0.24301739,0.172500948,0.,0.248725508,               1683P   2146
0.173636364,0.,0.254545455,0.173636364,0.,0.260365401,              1683P   2147
0.173636364,0.,0.266073519,0.172500948,0.,0.271781637,              1683P   2148
0.171365533,0.,0.277158566,0.169138336,0.,0.282535496,              1683P   2149
0.166911139,0.,0.287374605,0.16367775,0.,0.292213713,               1683P   2150
0.160444361,0.,0.296329037,0.156329037,0.,0.300444361,              1683P   2151
0.152213713,0.,0.30367775,0.147374605,0.,0.306911139,               1683P   2152
0.142535496,0.,0.309138336,0.137158566,0.,0.311365533,              1683P   2153
0.131781637,0.,0.312500948,0.126073519,0.,0.313636364,              1683P   2154
0.120365401,0.,0.313636364,0.114545455,0.,0.,1.,0.,0.,1.;           1683P   2155
124,-5.0532154980743E-016,-1.,6.98296267768627E-015,10.2,-1.,       1685P   2156
5.0532154980743E-016,0.,10.2,-3.52864152253587E-030,                1685P   2157
-6.98296267768627E-015,-1.,-4.90570138389198E-014;                  1685P   2158
100,0.,21.2,-11.,24.45,-11.,17.95,-11.;                             1687P   2159
102,2,1677,1683;                                                    1689P   2160
102,2,1681,1687;                                                    1691P   2161
142,1,1601,1689,1691,1;                                             1693P   2162
126,32,2,1,0,1,0,0.,0.,0.,0.0625,0.0625,0.125,0.125,0.1875,         1695P   2163
0.1875,0.25,0.25,0.3125,0.3125,0.375,0.375,0.4375,0.4375,0.5,       1695P   2164
0.5,0.5625,0.5625,0.625,0.625,0.6875,0.6875,0.75,0.75,0.8125,       1695P   2165
0.8125,0.875,0.875,0.9375,0.9375,1.,1.,1.,1.,1.,1.,1.,1.,1.,1.,     1695P   2166
1.,1.,1.,1.,1.,1.,1.,1.,1.,1.,1.,1.,1.,1.,1.,1.,1.,1.,1.,1.,1.,     1695P   2167
1.,1.,1.,1.,1.,0.313636364,0.885454545,0.,0.313636364,              1695P   2168
0.879634599,0.,0.312500948,0.873926481,0.,0.311365533,              1695P   2169
0.868218363,0.,0.309138336,0.862841434,0.,0.306911139,              1695P   2170
0.857464504,0.,0.30367775,0.852625395,0.,0.300444361,               1695P   2171
0.847786287,0.,0.296329037,0.843670963,0.,0.292213713,              1695P   2172
0.839555639,0.,0.287374605,0.83632225,0.,0.282535496,               1695P   2173
0.833088861,0.,0.277158566,0.830861664,0.,0.271781637,              1695P   2174
0.828634467,0.,0.266073519,0.827499052,0.,0.260365401,              1695P   2175
0.826363636,0.,0.254545455,0.826363636,0.,0.248725508,              1695P   2176
0.826363636,0.,0.24301739,0.827499052,0.,0.237309272,               1695P   2177
0.828634467,0.,0.231932343,0.830861664,0.,0.226555413,              1695P   2178
0.833088861,0.,0.221716304,0.83632225,0.,0.216877196,               1695P   2179
0.839555639,0.,0.212761872,0.843670963,0.,0.208646548,              1695P   2180
0.847786287,0.,0.205413159,0.852625395,0.,0.20217977,               1695P   2181
0.857464504,0.,0.199952573,0.862841434,0.,0.197725376,              1695P   2182
0.868218363,0.,0.196589961,0.873926481,0.,0.195454545,              1695P   2183
0.879634599,0.,0.195454545,0.885454545,0.,0.,1.,0.,0.,1.;           1695P   2184
124,1.32614439555445E-014,1.,-6.98296267768627E-015,                1697P   2185
-10.1999999999997,1.,-1.32614439555445E-014,0.,                     1697P   2186
10.1999999999999,-9.26041681937954E-029,-6.98296267768627E-015,     1697P   2187
-1.,-4.90570138389219E-014;                                         1697P   2188
100,0.,-21.2,-11.,-17.95,-11.,-24.45,-11.;                          1699P   2189
126,32,2,1,0,1,0,0.,0.,0.,0.0625,0.0625,0.125,0.125,0.1875,         1701P   2190
0.1875,0.25,0.25,0.3125,0.3125,0.375,0.375,0.4375,0.4375,0.5,       1701P   2191
0.5,0.5625,0.5625,0.625,0.625,0.6875,0.6875,0.75,0.75,0.8125,       1701P   2192
0.8125,0.875,0.875,0.9375,0.9375,1.,1.,1.,1.,1.,1.,1.,1.,1.,1.,     1701P   2193
1.,1.,1.,1.,1.,1.,1.,1.,1.,1.,1.,1.,1.,1.,1.,1.,1.,1.,1.,1.,1.,     1701P   2194
1.,1.,1.,1.,1.,0.195454545,0.885454545,0.,0.195454545,              1701P   2195
0.891274492,0.,0.196589961,0.89698261,0.,0.197725376,               1701P   2196
0.902690728,0.,0.199952573,0.908067657,0.,0.20217977,               1701P   2197
0.913444587,0.,0.205413159,0.918283696,0.,0.208646548,              1701P   2198
0.923122804,0.,0.212761872,0.927238128,0.,0.216877196,              1701P   2199
0.931353452,0.,0.221716304,0.934586841,0.,0.226555413,              1701P   2200
0.93782023,0.,0.231932343,0.940047427,0.,0.237309272,               1701P   2201
0.942274624,0.,0.24301739,0.943410039,0.,0.248725508,               1701P   2202
0.944545455,0.,0.254545455,0.944545455,0.,0.260365401,              1701P   2203
0.944545455,0.,0.266073519,0.943410039,0.,0.271781637,              1701P   2204
0.942274624,0.,0.277158566,0.940047427,0.,0.282535496,              1701P   2205
0.93782023,0.,0.287374605,0.934586841,0.,0.292213713,               1701P   2206
0.931353452,0.,0.296329037,0.927238128,0.,0.300444361,              1701P   2207
0.923122804,0.,0.30367775,0.918283696,0.,0.306911139,               1701P   2208
0.913444587,0.,0.309138336,0.908067657,0.,0.311365533,              1701P   2209
0.902690728,0.,0.312500948,0.89698261,0.,0.313636364,               1701P   2210
0.891274492,0.,0.313636364,0.885454545,0.,0.,1.,0.,0.,1.;           1701P   2211
124,-5.0532154980743E-016,-1.,6.98296267768627E-015,-32.2,-1.,      1703P   2212
5.0532154980743E-016,0.,-32.2,-3.52864152253587E-030,               1703P   2213
-6.98296267768627E-015,-1.,-4.905701383892E-014;                    1703P   2214
100,0.,-21.2,-11.,-17.95,-11.,-24.45,-11.;                          1705P   2215
102,2,1695,1701;                                                    1707P   2216
102,2,1699,1705;                                                    1709P   2217
142,1,1601,1707,1709,1;                                             1711P   2218
126,64,2,1,0,1,0,0.,0.,0.,0.03125,0.03125,0.0625,0.0625,            1713P   2219
0.09375,0.09375,0.125,0.125,0.15625,0.15625,0.1875,0.1875,          1713P   2220
0.21875,0.21875,0.25,0.25,0.28125,0.28125,0.3125,0.3125,            1713P   2221
0.34375,0.34375,0.375,0.375,0.40625,0.40625,0.4375,0.4375,          1713P   2222
0.46875,0.46875,0.5,0.5,0.53125,0.53125,0.5625,0.5625,0.59375,      1713P   2223
0.59375,0.625,0.625,0.65625,0.65625,0.6875,0.6875,0.71875,          1713P   2224
0.71875,0.75,0.75,0.78125,0.78125,0.8125,0.8125,0.84375,            1713P   2225
0.84375,0.875,0.875,0.90625,0.90625,0.9375,0.9375,0.96875,          1713P   2226
0.96875,1.,1.,1.,1.,1.,1.,1.,1.,1.,1.,1.,1.,1.,1.,1.,1.,1.,1.,      1713P   2227
1.,1.,1.,1.,1.,1.,1.,1.,1.,1.,1.,1.,1.,1.,1.,1.,1.,1.,1.,1.,1.,     1713P   2228
1.,1.,1.,1.,1.,1.,1.,1.,1.,1.,1.,1.,1.,1.,1.,1.,1.,1.,1.,1.,1.,     1713P   2229
1.,1.,1.,1.,1.,1.,1.,1.,0.150909091,0.5,0.,0.150909091,             1713P   2230
0.514916698,0.,0.152371183,0.529761568,0.,0.153833275,              1713P   2231
0.544606438,0.,0.156743378,0.559236516,0.,0.159653482,              1713P   2232
0.573866594,0.,0.163983571,0.588140984,0.,0.16831366,               1713P   2233
0.602415374,0.,0.174022033,0.616196606,0.,0.179730406,              1713P   2234
0.629977838,0.,0.186762089,0.643133191,0.,0.193793772,              1713P   2235
0.656288544,0.,0.202081045,0.668691325,0.,0.210368318,              1713P   2236
0.681094106,0.,0.219831371,0.69262487,0.,0.229294424,               1713P   2237
0.704155633,0.,0.239842123,0.714703332,0.,0.250389821,              1713P   2238
0.72525103,0.,0.261920585,0.734714083,0.,0.273451348,               1713P   2239
0.744177136,0.,0.285854129,0.75246441,0.,0.29825691,                1713P   2240
0.760751683,0.,0.311412264,0.767783366,0.,0.324567617,              1713P   2241
0.774815048,0.,0.338348849,0.780523422,0.,0.352130081,              1713P   2242
0.786231795,0.,0.366404471,0.790561884,0.,0.380678861,              1713P   2243
0.794891973,0.,0.395308939,0.797802076,0.,0.409939016,              1713P   2244
0.800712179,0.,0.424783886,0.802174272,0.,0.439628757,              1713P   2245
0.803636364,0.,0.454545455,0.803636364,0.,0.469462153,              1713P   2246
0.803636364,0.,0.484307023,0.802174272,0.,0.499151893,              1713P   2247
0.800712179,0.,0.513781971,0.797802076,0.,0.528412048,              1713P   2248
0.794891973,0.,0.542686438,0.790561884,0.,0.556960828,              1713P   2249
0.786231795,0.,0.57074206,0.780523422,0.,0.584523292,               1713P   2250
0.774815048,0.,0.597678646,0.767783366,0.,0.610833999,              1713P   2251
0.760751683,0.,0.62323678,0.75246441,0.,0.635639561,                1713P   2252
0.744177136,0.,0.647170324,0.734714083,0.,0.658701088,              1713P   2253
0.72525103,0.,0.669248786,0.714703332,0.,0.679796485,               1713P   2254
0.704155633,0.,0.689259538,0.69262487,0.,0.698722591,               1713P   2255
0.681094106,0.,0.707009864,0.668691325,0.,0.715297137,              1713P   2256
0.656288544,0.,0.72232882,0.643133191,0.,0.729360503,               1713P   2257
0.629977838,0.,0.735068876,0.616196606,0.,0.740777249,              1713P   2258
0.602415374,0.,0.745107338,0.588140984,0.,0.749437427,              1713P   2259
0.573866594,0.,0.752347531,0.559236516,0.,0.755257634,              1713P   2260
0.544606438,0.,0.756719726,0.529761568,0.,0.758181818,              1713P   2261
0.514916698,0.,0.758181818,0.5,0.,0.,1.,0.,0.,1.;                   1713P   2262
124,-6.12242508923727E-017,-1.,6.98296267768627E-015,0.,-1.,        1715P   2263
6.12242508923727E-017,2.82428194793944E-035,0.,                     1715P   2264
-4.27554901770216E-031,-6.98296267768627E-015,-1.,0.;               1715P   2265
100,0.,0.,0.,16.7,0.,-16.7,0.;                                      1717P   2266
126,64,2,1,0,1,0,0.,0.,0.,0.03125,0.03125,0.0625,0.0625,            1719P   2267
0.09375,0.09375,0.125,0.125,0.15625,0.15625,0.1875,0.1875,          1719P   2268
0.21875,0.21875,0.25,0.25,0.28125,0.28125,0.3125,0.3125,            1719P   2269
0.34375,0.34375,0.375,0.375,0.40625,0.40625,0.4375,0.4375,          1719P   2270
0.46875,0.46875,0.5,0.5,0.53125,0.53125,0.5625,0.5625,0.59375,      1719P   2271
0.59375,0.625,0.625,0.65625,0.65625,0.6875,0.6875,0.71875,          1719P   2272
0.71875,0.75,0.75,0.78125,0.78125,0.8125,0.8125,0.84375,            1719P   2273
0.84375,0.875,0.875,0.90625,0.90625,0.9375,0.9375,0.96875,          1719P   2274
0.96875,1.,1.,1.,1.,1.,1.,1.,1.,1.,1.,1.,1.,1.,1.,1.,1.,1.,1.,      1719P   2275
1.,1.,1.,1.,1.,1.,1.,1.,1.,1.,1.,1.,1.,1.,1.,1.,1.,1.,1.,1.,1.,     1719P   2276
1.,1.,1.,1.,1.,1.,1.,1.,1.,1.,1.,1.,1.,1.,1.,1.,1.,1.,1.,1.,1.,     1719P   2277
1.,1.,1.,1.,1.,1.,1.,1.,0.758181818,0.5,0.,0.758181818,             1719P   2278
0.485083302,0.,0.756719726,0.470238432,0.,0.755257634,              1719P   2279
0.455393562,0.,0.752347531,0.440763484,0.,0.749437427,              1719P   2280
0.426133406,0.,0.745107338,0.411859016,0.,0.740777249,              1719P   2281
0.397584626,0.,0.735068876,0.383803394,0.,0.729360503,              1719P   2282
0.370022162,0.,0.72232882,0.356866809,0.,0.715297137,               1719P   2283
0.343711456,0.,0.707009864,0.331308675,0.,0.698722591,              1719P   2284
0.318905894,0.,0.689259538,0.30737513,0.,0.679796485,               1719P   2285
0.295844367,0.,0.669248786,0.285296668,0.,0.658701088,              1719P   2286
0.27474897,0.,0.647170324,0.265285917,0.,0.635639561,               1719P   2287
0.255822864,0.,0.62323678,0.24753559,0.,0.610833999,                1719P   2288
0.239248317,0.,0.597678646,0.232216634,0.,0.584523292,              1719P   2289
0.225184952,0.,0.57074206,0.219476578,0.,0.556960828,               1719P   2290
0.213768205,0.,0.542686438,0.209438116,0.,0.528412048,              1719P   2291
0.205108027,0.,0.513781971,0.202197924,0.,0.499151893,              1719P   2292
0.199287821,0.,0.484307023,0.197825728,0.,0.469462153,              1719P   2293
0.196363636,0.,0.454545455,0.196363636,0.,0.439628757,              1719P   2294
0.196363636,0.,0.424783886,0.197825728,0.,0.409939016,              1719P   2295
0.199287821,0.,0.395308939,0.202197924,0.,0.380678861,              1719P   2296
0.205108027,0.,0.366404471,0.209438116,0.,0.352130081,              1719P   2297
0.213768205,0.,0.338348849,0.219476578,0.,0.324567617,              1719P   2298
0.225184952,0.,0.311412264,0.232216634,0.,0.29825691,               1719P   2299
0.239248317,0.,0.285854129,0.24753559,0.,0.273451348,               1719P   2300
0.255822864,0.,0.261920585,0.265285917,0.,0.250389821,              1719P   2301
0.27474897,0.,0.239842123,0.285296668,0.,0.229294424,               1719P   2302
0.295844367,0.,0.219831371,0.30737513,0.,0.210368318,               1719P   2303
0.318905894,0.,0.202081045,0.331308675,0.,0.193793772,              1719P   2304
0.343711456,0.,0.186762089,0.356866809,0.,0.179730406,              1719P   2305
0.370022162,0.,0.174022033,0.383803394,0.,0.16831366,               1719P   2306
0.397584626,0.,0.163983571,0.411859016,0.,0.159653482,              1719P   2307
0.426133406,0.,0.156743378,0.440763484,0.,0.153833275,              1719P   2308
0.455393562,0.,0.152371183,0.470238432,0.,0.150909091,              1719P   2309
0.485083302,0.,0.150909091,0.5,0.,0.,1.,0.,0.,1.;                   1719P   2310
124,1.43945436460091E-014,1.,-6.98296267768627E-015,0.,1.,          1721P   2311
-1.43945436460091E-014,8.55138046359912E-031,0.,                    1721P   2312
-9.96614229960477E-029,-6.98296267768627E-015,-1.,0.;               1721P   2313
100,0.,0.,0.,16.7,0.,-16.7,0.;                                      1723P   2314
102,2,1713,1719;                                                    1725P   2315
102,2,1717,1723;                                                    1727P   2316
142,1,1601,1725,1727,1;                                             1729P   2317
144,1601,1,5,1639,1657,1675,1693,1711,1729;                         1731P   2318
314,75.2941176470588,75.2941176470588,75.2941176470588,;            1733P   2319
110,13.1,23.5,40.1,13.1,23.5,1040.1;                                1735P   2320
110,13.1,26.75,0.,13.1,26.75,31.1;                                  1737P   2321
120,1735,1737,0.,6.28318530717959;                                  1739P   2322
126,1,1,1,0,1,0,0.,0.,1.,1.,1.,1.,1.,3.141592654,0.,1.,0.,0.,       1741P   2323
0.,1.,0.,0.,1.;                                                     1741P   2324
124,-6.12323399573676E-017,-1.,6.98296267768627E-015,               1743P   2325
36.5999999999998,-1.,6.12323399573676E-017,0.,36.6,                 1743P   2326
-4.27583144589694E-031,-6.98296267768627E-015,-1.,                  1743P   2327
62.2000000000002;                                                   1743P   2328
100,31.1,13.1,23.5,16.35,23.5,9.85,23.5;                            1745P   2329
126,1,1,1,0,1,0,0.,0.,1.,1.,1.,1.,1.,0.,0.,0.,0.,0.,0.,1.,0.,       1747P   2330
0.,1.;                                                              1747P   2331
110,13.1,26.75,31.1,13.1,26.75,0.;                                  1749P   2332
126,1,1,1,0,1,0,0.,0.,1.,1.,1.,1.,0.,0.,0.,0.,3.141592654,0.,       1751P   2333
0.,1.,0.,0.,1.;                                                     1751P   2334
100,0.,13.1,23.5,13.1,26.75,13.1,20.25;                             1753P   2335
126,1,1,1,0,1,0,0.,0.,1.,1.,1.,1.,0.,3.141592654,0.,1.,             1755P   2336
3.141592654,0.,0.,1.,0.,0.,1.;                                      1755P   2337
110,13.1,20.25,0.,13.1,20.25,31.1;                                  1757P   2338
102,4,1741,1747,1751,1755;                                          1759P   2339
102,4,1745,1749,1753,1757;                                          1761P   2340
142,1,1739,1759,1761,1;                                             1763P   2341
144,1739,1,0,1763;                                                  1765P   2342
314,100.,100.,50.1960784313725,;                                    1767P   2343
110,0.,0.,19.449443667,0.,16.25,19.449443667;                       1769P   2344
124,8.58915688636046E-031,6.12323399573677E-017,1.,                 1771P   2345
-19.4494436674617,-1.,1.40271576953299E-014,0.,                     1771P   2346
1.55617631826986E-015,-1.40271576953299E-014,-1.,                   1771P   2347
6.12323399573677E-017,19.4494436674617;                             1771P   2348
100,19.449443667,0.,0.,16.25,0.,-16.25,0.;                          1773P   2349
120,1769,1773,0.,6.28318530717959;                                  1775P   2350
126,40,2,1,0,1,0,0.,0.,0.,0.0625,0.0625,0.125,0.125,0.1875,         1777P   2351
0.1875,0.25,0.25,0.3125,0.3125,0.375,0.375,0.40625,0.40625,         1777P   2352
0.4375,0.4375,0.46875,0.46875,0.5,0.5,0.53125,0.53125,0.5625,       1777P   2353
0.5625,0.59375,0.59375,0.625,0.625,0.6875,0.6875,0.75,0.75,         1777P   2354
0.8125,0.8125,0.875,0.875,0.9375,0.9375,1.,1.,1.,1.,1.,1.,1.,       1777P   2355
1.,1.,1.,1.,1.,1.,1.,1.,1.,1.,1.,1.,1.,1.,1.,1.,1.,1.,1.,1.,1.,     1777P   2356
1.,1.,1.,1.,1.,1.,1.,1.,1.,1.,1.,1.,1.,1.,1.,1.,1.570796317,        1777P   2357
0.841068671,0.,1.636825752,0.841068671,0.,1.701226027,              1777P   2358
0.850698484,0.,1.767350316,0.86058609,0.,1.828770491,               1777P   2359
0.880197716,0.,1.893166913,0.900759666,0.,1.950214566,              1777P   2360
0.931346489,0.,2.010725736,0.963790322,0.,2.061678995,              1777P   2361
1.006853685,0.,2.115764061,1.052563909,0.,2.15833373,               1777P   2362
1.10961806,0.,2.203078459,1.16958734,0.,2.234349152,1.24101329,     1777P   2363
0.,2.250369613,1.277605913,0.,2.262642845,1.3167669,0.,             1777P   2364
2.275049605,1.356353942,0.,2.283467086,1.398041581,0.,              1777P   2365
2.291939283,1.440000199,0.,2.296225312,1.483350706,0.,              1777P   2366
2.300523973,1.526828977,0.,2.300523973,1.570796327,0.,              1777P   2367
2.300523973,1.614763676,0.,2.296225312,1.658241947,0.,              1777P   2368
2.291939283,1.701592455,0.,2.283467086,1.743551073,0.,              1777P   2369
2.275049605,1.785238711,0.,2.262642845,1.824825754,0.,              1777P   2370
2.250369613,1.863986741,0.,2.234349152,1.900579364,0.,              1777P   2371
2.203078459,1.972005313,0.,2.15833373,2.031974594,0.,               1777P   2372
2.115764061,2.089028745,0.,2.061678995,2.134738968,0.,              1777P   2373
2.010725736,2.177802332,0.,1.950214566,2.210246164,0.,              1777P   2374
1.893166913,2.240832988,0.,1.828770491,2.261394938,0.,              1777P   2375
1.767350316,2.281006564,0.,1.701226027,2.29089417,0.,               1777P   2376
1.636825752,2.300523983,0.,1.570796317,2.300523983,0.,0.,1.,0.,     1777P   2377
0.,1.;                                                              1777P   2378
124,6.12323399573677E-017,0.,1.,-31.5614785455855,0.,1.,0.,0.,      1779P   2379
-1.,0.,6.12323399573677E-017,7.33740878933778;                      1779P   2380
100,19.449443667,-12.112034878,0.,-1.278701545,0.,                  1781P   2381
-22.945368211,0.;                                                   1781P   2382
126,40,2,1,0,1,0,0.,0.,0.,0.0625,0.0625,0.125,0.125,0.1875,         1783P   2383
0.1875,0.25,0.25,0.3125,0.3125,0.375,0.375,0.40625,0.40625,         1783P   2384
0.4375,0.4375,0.46875,0.46875,0.5,0.5,0.53125,0.53125,0.5625,       1783P   2385
0.5625,0.59375,0.59375,0.625,0.625,0.6875,0.6875,0.75,0.75,         1783P   2386
0.8125,0.8125,0.875,0.875,0.9375,0.9375,1.,1.,1.,1.,1.,1.,1.,       1783P   2387
1.,1.,1.,1.,1.,1.,1.,1.,1.,1.,1.,1.,1.,1.,1.,1.,1.,1.,1.,1.,1.,     1783P   2388
1.,1.,1.,1.,1.,1.,1.,1.,1.,1.,1.,1.,1.,1.,1.,1.,1.570796317,        1783P   2389
2.300523983,0.,1.504766881,2.300523983,0.,1.440366607,              1783P   2390
2.29089417,0.,1.374242318,2.281006564,0.,1.312822142,               1783P   2391
2.261394938,0.,1.24842572,2.240832988,0.,1.191378068,               1783P   2392
2.210246164,0.,1.130866898,2.177802332,0.,1.079913639,              1783P   2393
2.134738968,0.,1.025828573,2.089028745,0.,0.983258903,              1783P   2394
2.031974594,0.,0.938514175,1.972005313,0.,0.907243482,              1783P   2395
1.900579364,0.,0.891223021,1.863986741,0.,0.878949788,              1783P   2396
1.824825754,0.,0.866543029,1.785238711,0.,0.858125547,              1783P   2397
1.743551073,0.,0.84965335,1.701592455,0.,0.845367321,               1783P   2398
1.658241947,0.,0.841068661,1.614763676,0.,0.841068661,              1783P   2399
1.570796327,0.,0.841068661,1.526828977,0.,0.845367321,              1783P   2400
1.483350706,0.,0.84965335,1.440000199,0.,0.858125547,               1783P   2401
1.398041581,0.,0.866543029,1.356353942,0.,0.878949788,              1783P   2402
1.3167669,0.,0.891223021,1.277605913,0.,0.907243482,1.24101329,     1783P   2403
0.,0.938514175,1.16958734,0.,0.983258903,1.10961806,0.,             1783P   2404
1.025828573,1.052563909,0.,1.079913639,1.006853685,0.,              1783P   2405
1.130866898,0.963790322,0.,1.191378068,0.931346489,0.,              1783P   2406
1.24842572,0.900759666,0.,1.312822142,0.880197716,0.,               1783P   2407
1.374242318,0.86058609,0.,1.440366607,0.850698484,0.,               1783P   2408
1.504766881,0.841068671,0.,1.570796317,0.841068671,0.,0.,1.,0.,     1783P   2409
0.,1.;                                                              1783P   2410
124,-6.12323399573677E-017,-7.49879891330929E-033,1.,               1785P   2411
-31.5614785455855,1.22464679914735E-016,-1.,0.,                     1785P   2412
1.48329647446555E-015,1.,1.22464679914735E-016,                     1785P   2413
6.12323399573677E-017,31.5614785455855;                             1785P   2414
100,19.449443667,-12.112034878,0.,-1.278701545,0.,                  1787P   2415
-22.945368211,0.;                                                   1787P   2416
102,2,1777,1783;                                                    1789P   2417
102,2,1781,1787;                                                    1791P   2418
142,1,1775,1789,1791,1;                                             1793P   2419
126,1,1,1,0,1,0,0.,0.,1.,1.,1.,1.,2.500035804,0.,0.,1E-008,0.,      1795P   2420
0.,0.,1.,0.,0.,1.;                                                  1795P   2421
124,4.21555238145034E-015,5.64356284326168E-015,-1.,                1797P   2422
19.4494436674617,0.801165048543689,-0.598443451791385,0.,           1797P   2423
-1.73472347597681E-015,-0.598443451791385,-0.801165048543689,       1797P   2424
-7.04419501764363E-015,19.4494436674618;                            1797P   2425
100,19.449443667,0.,0.,16.25,0.,-13.018932039,9.724706092;          1799P   2426
126,1,1,1,0,1,0,0.,0.,1.,1.,1.,1.,1E-008,3.141592654,0.,            1801P   2427
2.500035804,3.141592654,0.,0.,1.,0.,0.,1.;                          1801P   2428
124,-9.88140357468165E-029,-7.04419501764363E-015,-1.,              1803P   2429
19.4494436674617,-1.,1.40271576953299E-014,                         1803P   2430
4.00139767206456E-033,1.55617631826986E-015,                        1803P   2431
1.40271576953299E-014,1.,-7.04419501764363E-015,                    1803P   2432
19.4494436674618;                                                   1803P   2433
100,19.449443667,0.,0.,16.25,0.,-13.018932039,9.724706092;          1805P   2434
126,2,2,1,0,1,0,0.,0.,0.,1.,1.,1.,1.,1.,1.,2.500035804,             1807P   2435
3.141592654,0.,2.500035804,3.013509157,0.,2.491139066,              1807P   2436
2.884190245,0.,0.,1.,0.,0.,-1.;                                     1807P   2437
126,3,3,1,0,1,0,0.,0.,0.,0.,1.,1.,1.,1.,1.,1.,1.,1.,0.,             1809P   2438
13.018932039,29.174149759,-0.835,13.018932039,29.174149759,         1809P   2439
-1.67,12.98992129,29.10635857,-2.505,12.931899792,28.965400938,     1809P   2440
0.,1.,0.,0.919354163,-0.393430962;                                  1809P   2441
126,44,2,1,0,1,0,0.,0.,0.,0.0625,0.0625,0.125,0.125,0.1875,         1811P   2442
0.1875,0.25,0.25,0.3125,0.3125,0.34375,0.34375,0.375,0.375,         1811P   2443
0.40625,0.40625,0.4375,0.4375,0.46875,0.46875,0.5,0.5,0.53125,      1811P   2444
0.53125,0.5625,0.5625,0.59375,0.59375,0.625,0.625,0.65625,          1811P   2445
0.65625,0.6875,0.6875,0.75,0.75,0.8125,0.8125,0.875,0.875,          1811P   2446
0.9375,0.9375,1.,1.,1.,1.,1.,1.,1.,1.,1.,1.,1.,1.,1.,1.,1.,1.,      1811P   2447
1.,1.,1.,1.,1.,1.,1.,1.,1.,1.,1.,1.,1.,1.,1.,1.,1.,1.,1.,1.,1.,     1811P   2448
1.,1.,1.,1.,1.,1.,1.,1.,1.,1.,1.,2.491139066,2.884190245,0.,        1811P   2449
2.531792201,2.870126206,0.,2.56752044,2.853771533,0.,               1811P   2450
2.608122547,2.835185838,0.,2.643104546,2.813295743,0.,              1811P   2451
2.683530842,2.787998861,0.,2.717460541,2.757641137,0.,              1811P   2452
2.757448985,2.721862508,0.,2.789804496,2.677768758,0.,              1811P   2453
2.828764754,2.624674127,0.,2.858584915,2.556786207,0.,              1811P   2454
2.875978568,2.517188198,0.,2.890714068,2.471639463,0.,              1811P   2455
2.907060332,2.421111712,0.,2.920447236,2.362288729,0.,              1811P   2456
2.935228176,2.297340259,0.,2.946684429,2.221042582,0.,              1811P   2457
2.959156357,2.137980594,0.,2.967834381,2.040606559,0.,              1811P   2458
2.977049076,1.937210658,0.,2.981863074,1.819595569,0.,              1811P   2459
2.986821638,1.698448433,0.,2.986821638,1.570796327,0.,              1811P   2460
2.986821638,1.443144221,0.,2.981863074,1.321997084,0.,              1811P   2461
2.977049076,1.204381995,0.,2.967834381,1.100986095,0.,              1811P   2462
2.959156357,1.003612059,0.,2.946684429,0.920550071,0.,              1811P   2463
2.935228176,0.844252394,0.,2.920447236,0.779303925,0.,              1811P   2464
2.907060332,0.720480942,0.,2.890714068,0.66995319,0.,               1811P   2465
2.875978568,0.624404455,0.,2.858584915,0.584806447,0.,              1811P   2466
2.828764754,0.516918527,0.,2.789804496,0.463823896,0.,              1811P   2467
2.757448985,0.419730146,0.,2.717460541,0.383951516,0.,              1811P   2468
2.683530842,0.353593792,0.,2.643104546,0.328296911,0.,              1811P   2469
2.608122547,0.306406815,0.,2.56752044,0.28782112,0.,                1811P   2470
2.531792201,0.271466448,0.,2.491139066,0.257402408,0.,0.,1.,0.,     1811P   2471
0.,-1.;                                                             1811P   2472
124,-4.17496604546997E-015,5.6736533173757E-015,-1.,                1813P   2473
16.9444436674616,0.805436718200571,0.592681780531758,0.,            1813P   2474
2.01761897909243,0.592681780531758,-0.805436718200571,              1813P   2475
-7.04419501764363E-015,20.9341115276938;                            1813P   2476
100,19.449443667,-2.505,0.,13.550761427,0.,2.27089243,              1815P   2477
15.329002789;                                                       1815P   2478
126,2,2,1,0,1,0,0.,0.,0.,1.,1.,1.,1.,1.,1.,2.491139066,             1817P   2479
0.257402408,0.,2.500035804,0.128083496,0.,2.500035804,0.,0.,0.,     1817P   2480
1.,0.,0.,-1.;                                                       1817P   2481
126,3,3,1,0,1,0,0.,0.,0.,0.,1.,1.,1.,1.,1.,1.,1.,1.,-2.505,         1819P   2482
12.931899792,9.933486397,-1.67,12.98992129,9.792528765,-0.835,      1819P   2483
13.018932039,9.724737576,0.,13.018932039,9.724737576,0.,1.,         1819P   2484
-0.002372746,0.929590654,0.368585927;                               1819P   2485
102,5,1795,1801,1807,1811,1817;                                     1821P   2486
102,5,1799,1805,1809,1815,1819;                                     1823P   2487
142,1,1775,1821,1823,1;                                             1825P   2488
144,1775,1,1,1793,1825;                                             1827P   2489
314,100.,100.,50.1960784313725,;                                    1829P   2490
110,0.,0.,19.449443667,0.,16.25,19.449443667;                       1831P   2491
124,8.58915688636046E-031,6.12323399573677E-017,1.,                 1833P   2492
-19.4494436674617,-1.,1.40271576953299E-014,0.,                     1833P   2493
1.55617631826986E-015,-1.40271576953299E-014,-1.,                   1833P   2494
6.12323399573677E-017,19.4494436674617;                             1833P   2495
100,19.449443667,0.,0.,16.25,0.,-16.25,0.;                          1835P   2496
120,1831,1835,0.,6.28318530717959;                                  1837P   2497
126,1,1,1,0,1,0,0.,0.,1.,1.,1.,1.,2.500035804,3.141592654,0.,       1839P   2498
1E-008,3.141592654,0.,0.,1.,0.,0.,1.;                               1839P   2499
124,-3.66440928853507E-017,-4.90572106143881E-017,1.,               1841P   2500
-19.4494436674617,0.801165048543689,-0.598443451791385,             1841P   2501
-4.00139767206456E-033,7.78249586139318E-032,0.598443451791385,     1841P   2502
0.801165048543689,6.12323399573677E-017,19.4494436674617;           1841P   2503
100,19.449443667,0.,0.,16.25,0.,-13.018932039,9.724706092;          1843P   2504
126,1,1,1,0,1,0,0.,0.,1.,1.,1.,1.,1E-008,3.141592654,0.,1E-008,     1845P   2505
6.283185307,0.,0.,1.,0.,0.,1.;                                      1845P   2506
126,1,1,1,0,1,0,0.,0.,1.,1.,1.,1.,1E-008,6.283185307,0.,            1847P   2507
2.500035804,6.283185307,0.,0.,1.,0.,0.,1.;                          1847P   2508
124,8.58915688636046E-031,6.12323399573677E-017,1.,                 1849P   2509
-19.4494436674617,-1.,1.40271576953299E-014,0.,                     1849P   2510
1.55617631826986E-015,-1.40271576953299E-014,-1.,                   1849P   2511
6.12323399573677E-017,19.4494436674617;                             1849P   2512
100,19.449443667,0.,0.,16.25,0.,-13.018932039,9.724706092;          1851P   2513
126,2,2,1,0,1,0,0.,0.,0.,1.,1.,1.,1.,1.,1.,2.500035804,             1853P   2514
6.283185307,0.,2.500035804,6.155101811,0.,2.491139066,              1853P   2515
6.025782899,0.,0.,1.,0.,0.,-1.;                                     1853P   2516
126,3,3,1,0,1,0,0.,0.,0.,0.,1.,1.,1.,1.,1.,1.,1.,1.,0.,             1855P   2517
13.018932039,9.724737576,0.835,13.018932039,9.724737576,1.67,       1855P   2518
12.98992129,9.792528765,2.505,12.931899792,9.933486397,0.,1.,       1855P   2519
0.,0.919354163,0.393430962;                                         1855P   2520
126,44,2,1,0,1,0,0.,0.,0.,0.0625,0.0625,0.125,0.125,0.1875,         1857P   2521
0.1875,0.25,0.25,0.3125,0.3125,0.34375,0.34375,0.375,0.375,         1857P   2522
0.40625,0.40625,0.4375,0.4375,0.46875,0.46875,0.5,0.5,0.53125,      1857P   2523
0.53125,0.5625,0.5625,0.59375,0.59375,0.625,0.625,0.65625,          1857P   2524
0.65625,0.6875,0.6875,0.75,0.75,0.8125,0.8125,0.875,0.875,          1857P   2525
0.9375,0.9375,1.,1.,1.,1.,1.,1.,1.,1.,1.,1.,1.,1.,1.,1.,1.,1.,      1857P   2526
1.,1.,1.,1.,1.,1.,1.,1.,1.,1.,1.,1.,1.,1.,1.,1.,1.,1.,1.,1.,1.,     1857P   2527
1.,1.,1.,1.,1.,1.,1.,1.,1.,1.,1.,2.491139066,6.025782899,0.,        1857P   2528
2.531792201,6.011718859,0.,2.56752044,5.995364187,0.,               1857P   2529
2.608122547,5.976778492,0.,2.643104546,5.954888396,0.,              1857P   2530
2.683530842,5.929591515,0.,2.717460541,5.899233791,0.,              1857P   2531
2.757448985,5.863455161,0.,2.789804496,5.819361411,0.,              1857P   2532
2.828764754,5.76626678,0.,2.858584915,5.69837886,0.,                1857P   2533
2.875978568,5.658780852,0.,2.890714068,5.613232117,0.,              1857P   2534
2.907060332,5.562704365,0.,2.920447236,5.503881383,0.,              1857P   2535
2.935228176,5.438932913,0.,2.946684429,5.362635236,0.,              1857P   2536
2.959156357,5.279573248,0.,2.967834381,5.182199212,0.,              1857P   2537
2.977049076,5.078803312,0.,2.981863074,4.961188223,0.,              1857P   2538
2.986821638,4.840041087,0.,2.986821638,4.71238898,0.,               1857P   2539
2.986821638,4.584736874,0.,2.981863074,4.463589738,0.,              1857P   2540
2.977049076,4.345974649,0.,2.967834381,4.242578748,0.,              1857P   2541
2.959156357,4.145204713,0.,2.946684429,4.062142725,0.,              1857P   2542
2.935228176,3.985845048,0.,2.920447236,3.920896578,0.,              1857P   2543
2.907060332,3.862073595,0.,2.890714068,3.811545844,0.,              1857P   2544
2.875978568,3.765997109,0.,2.858584915,3.726399101,0.,              1857P   2545
2.828764754,3.65851118,0.,2.789804496,3.60541655,0.,                1857P   2546
2.757448985,3.5613228,0.,2.717460541,3.52554417,0.,2.683530842,     1857P   2547
3.495186446,0.,2.643104546,3.469889565,0.,2.608122547,              1857P   2548
3.447999469,0.,2.56752044,3.429413774,0.,2.531792201,               1857P   2549
3.413059102,0.,2.491139066,3.398995062,0.,0.,1.,0.,0.,-1.;          1857P   2550
124,3.62912922720585E-017,-4.93187749430039E-017,1.,                1859P   2551
-16.9444436674617,0.805436718200571,0.592681780531757,0.,           1859P   2552
-2.01761897909244,-0.592681780531757,0.805436718200571,             1859P   2553
6.12323399573677E-017,20.9341115276937;                             1859P   2554
100,19.449443667,2.505,0.,18.560761427,0.,7.28089243,               1861P   2555
15.329002789;                                                       1861P   2556
126,2,2,1,0,1,0,0.,0.,0.,1.,1.,1.,1.,1.,1.,2.491139066,             1863P   2557
3.398995062,0.,2.500035804,3.26967615,0.,2.500035804,               1863P   2558
3.141592654,0.,0.,1.,0.,0.,-1.;                                     1863P   2559
126,3,3,1,0,1,0,0.,0.,0.,0.,1.,1.,1.,1.,1.,1.,1.,1.,2.505,          1865P   2560
12.931899792,28.965400938,1.67,12.98992129,29.10635857,0.835,       1865P   2561
13.018932039,29.174149759,0.,13.018932039,29.174149759,0.,1.,       1865P   2562
0.002372746,0.929590654,-0.368585927;                               1865P   2563
102,6,1839,1845,1847,1853,1857,1863;                                1867P   2564
102,5,1843,1851,1855,1861,1865;                                     1869P   2565
142,1,1837,1867,1869,1;                                             1871P   2566
126,40,2,1,0,1,0,0.,0.,0.,0.0625,0.0625,0.125,0.125,0.1875,         1873P   2567
0.1875,0.25,0.25,0.3125,0.3125,0.375,0.375,0.40625,0.40625,         1873P   2568
0.4375,0.4375,0.46875,0.46875,0.5,0.5,0.53125,0.53125,0.5625,       1873P   2569
0.5625,0.59375,0.59375,0.625,0.625,0.6875,0.6875,0.75,0.75,         1873P   2570
0.8125,0.8125,0.875,0.875,0.9375,0.9375,1.,1.,1.,1.,1.,1.,1.,       1873P   2571
1.,1.,1.,1.,1.,1.,1.,1.,1.,1.,1.,1.,1.,1.,1.,1.,1.,1.,1.,1.,1.,     1873P   2572
1.,1.,1.,1.,1.,1.,1.,1.,1.,1.,1.,1.,1.,1.,1.,1.,1.570796317,        1873P   2573
3.982661324,0.,1.636825752,3.982661324,0.,1.701226027,              1873P   2574
3.992291137,0.,1.767350316,4.002178744,0.,1.828770491,              1873P   2575
4.02179037,0.,1.893166913,4.042352319,0.,1.950214566,               1873P   2576
4.072939143,0.,2.010725736,4.105382975,0.,2.061678995,              1873P   2577
4.148446339,0.,2.115764061,4.194156562,0.,2.15833373,               1873P   2578
4.251210713,0.,2.203078459,4.311179994,0.,2.234349152,              1873P   2579
4.382605944,0.,2.250369613,4.419198567,0.,2.262642845,              1873P   2580
4.458359554,0.,2.275049605,4.497946596,0.,2.283467086,              1873P   2581
4.539634234,0.,2.291939283,4.581592853,0.,2.296225312,              1873P   2582
4.62494336,0.,2.300523973,4.668421631,0.,2.300523973,               1873P   2583
4.71238898,0.,2.300523973,4.75635633,0.,2.296225312,                1873P   2584
4.799834601,0.,2.291939283,4.843185108,0.,2.283467086,              1873P   2585
4.885143727,0.,2.275049605,4.926831365,0.,2.262642845,              1873P   2586
4.966418407,0.,2.250369613,5.005579394,0.,2.234349152,              1873P   2587
5.042172017,0.,2.203078459,5.113597967,0.,2.15833373,               1873P   2588
5.173567248,0.,2.115764061,5.230621398,0.,2.061678995,              1873P   2589
5.276331622,0.,2.010725736,5.319394986,0.,1.950214566,              1873P   2590
5.351838818,0.,1.893166913,5.382425642,0.,1.828770491,              1873P   2591
5.402987591,0.,1.767350316,5.422599217,0.,1.701226027,              1873P   2592
5.432486823,0.,1.636825752,5.442116637,0.,1.570796317,              1873P   2593
5.442116637,0.,0.,1.,0.,0.,1.;                                      1873P   2594
124,-7.04419501764363E-015,0.,-1.,31.5614785455856,0.,1.,0.,0.,     1875P   2595
1.,0.,-7.04419501764363E-015,7.33740878933792;                      1875P   2596
100,19.449443667,12.112034878,0.,22.945368211,0.,1.278701545,       1877P   2597
0.;                                                                 1877P   2598
126,40,2,1,0,1,0,0.,0.,0.,0.0625,0.0625,0.125,0.125,0.1875,         1879P   2599
0.1875,0.25,0.25,0.3125,0.3125,0.375,0.375,0.40625,0.40625,         1879P   2600
0.4375,0.4375,0.46875,0.46875,0.5,0.5,0.53125,0.53125,0.5625,       1879P   2601
0.5625,0.59375,0.59375,0.625,0.625,0.6875,0.6875,0.75,0.75,         1879P   2602
0.8125,0.8125,0.875,0.875,0.9375,0.9375,1.,1.,1.,1.,1.,1.,1.,       1879P   2603
1.,1.,1.,1.,1.,1.,1.,1.,1.,1.,1.,1.,1.,1.,1.,1.,1.,1.,1.,1.,1.,     1879P   2604
1.,1.,1.,1.,1.,1.,1.,1.,1.,1.,1.,1.,1.,1.,1.,1.,1.570796317,        1879P   2605
5.442116637,0.,1.504766881,5.442116637,0.,1.440366607,              1879P   2606
5.432486823,0.,1.374242318,5.422599217,0.,1.312822142,              1879P   2607
5.402987591,0.,1.24842572,5.382425642,0.,1.191378068,               1879P   2608
5.351838818,0.,1.130866898,5.319394986,0.,1.079913639,              1879P   2609
5.276331622,0.,1.025828573,5.230621398,0.,0.983258903,              1879P   2610
5.173567248,0.,0.938514175,5.113597967,0.,0.907243482,              1879P   2611
5.042172017,0.,0.891223021,5.005579394,0.,0.878949788,              1879P   2612
4.966418407,0.,0.866543029,4.926831365,0.,0.858125547,              1879P   2613
4.885143727,0.,0.84965335,4.843185108,0.,0.845367321,               1879P   2614
4.799834601,0.,0.841068661,4.75635633,0.,0.841068661,               1879P   2615
4.71238898,0.,0.841068661,4.668421631,0.,0.845367321,               1879P   2616
4.62494336,0.,0.84965335,4.581592853,0.,0.858125547,                1879P   2617
4.539634234,0.,0.866543029,4.497946596,0.,0.878949788,              1879P   2618
4.458359554,0.,0.891223021,4.419198567,0.,0.907243482,              1879P   2619
4.382605944,0.,0.938514175,4.311179994,0.,0.983258903,              1879P   2620
4.251210713,0.,1.025828573,4.194156562,0.,1.079913639,              1879P   2621
4.148446339,0.,1.130866898,4.105382975,0.,1.191378068,              1879P   2622
4.072939143,0.,1.24842572,4.042352319,0.,1.312822142,               1879P   2623
4.02179037,0.,1.374242318,4.002178744,0.,1.440366607,               1879P   2624
3.992291137,0.,1.504766881,3.982661324,0.,1.570796317,              1879P   2625
3.982661324,0.,0.,1.,0.,0.,1.;                                      1879P   2626
124,7.04419501764363E-015,8.62665088092701E-031,-1.,                1881P   2627
31.5614785455855,1.22464679914735E-016,-1.,0.,                      1881P   2628
-1.48329647446555E-015,-1.,-1.22464679914735E-016,                  1881P   2629
-7.04419501764363E-015,31.5614785455857;                            1881P   2630
100,19.449443667,12.112034878,0.,22.945368211,0.,1.278701545,       1883P   2631
0.;                                                                 1883P   2632
102,2,1873,1879;                                                    1885P   2633
102,2,1877,1883;                                                    1887P   2634
142,1,1837,1885,1887,1;                                             1889P   2635
144,1837,1,1,1871,1889;                                             1891P   2636
314,0.,100.,0.,;                                                    1893P   2637
110,0.,0.,-0.463970109,0.,0.,-1000.463970109;                       1895P   2638
110,-14.175,0.,1.999443667,-14.175,0.,-0.050556333;                 1897P   2639
120,1895,1897,0.,6.28318530717959;                                  1899P   2640
126,1,1,1,0,1,0,0.,0.,1.,1.,1.,1.,0.,0.,0.,0.,3.141592654,0.,       1901P   2641
0.,1.,0.,0.,1.;                                                     1901P   2642
124,-1.,-7.22789203751574E-015,8.55166289179392E-031,               1903P   2643
-1.02525960925871E-014,-7.22789203751574E-015,1.,                   1903P   2644
-6.98296267768627E-015,1.39620405060209E-014,                       1903P   2645
4.96169340471387E-029,-6.98296267768627E-015,-1.,                   1903P   2646
3.99888733492332;                                                   1903P   2647
100,1.999443667,0.,0.,14.175,0.,-14.175,0.;                         1905P   2648
126,1,1,1,0,1,0,0.,0.,1.,1.,1.,1.,0.,3.141592654,0.,1.,             1907P   2649
3.141592654,0.,0.,1.,0.,0.,1.;                                      1907P   2650
110,14.175,0.,1.999443667,14.175,0.,-0.050556333;                   1909P   2651
126,1,1,1,0,1,0,0.,0.,1.,1.,1.,1.,1.,3.141592654,0.,1.,0.,0.,       1911P   2652
0.,1.,0.,0.,1.;                                                     1911P   2653
100,-0.050556333,0.,0.,14.175,0.,-14.175,0.;                        1913P   2654
126,1,1,1,0,1,0,0.,0.,1.,1.,1.,1.,1.,0.,0.,0.,0.,0.,0.,1.,0.,       1915P   2655
0.,1.;                                                              1915P   2656
110,-14.175,0.,-0.050556333,-14.175,0.,1.999443667;                 1917P   2657
102,4,1901,1907,1911,1915;                                          1919P   2658
102,4,1905,1909,1913,1917;                                          1921P   2659
142,1,1899,1919,1921,1;                                             1923P   2660
144,1899,1,0,1923;                                                  1925P   2661
314,0.,100.,0.,;                                                    1927P   2662
110,0.,0.,9.949443667,0.,0.,-990.050556333;                         1929P   2663
110,-10.,0.,2.949443667,-10.,0.,-0.050556333;                       1931P   2664
120,1929,1931,0.,6.28318530717959;                                  1933P   2665
126,1,1,1,0,1,0,0.,0.,1.,1.,1.,1.,0.,6.283185307,0.,1.,             1935P   2666
6.283185307,0.,0.,1.,0.,0.,1.;                                      1935P   2667
110,-10.,0.,2.949443667,-10.,0.,-0.050556333;                       1937P   2668
126,1,1,1,0,1,0,0.,0.,1.,1.,1.,1.,1.,6.283185307,0.,1.,             1939P   2669
3.141592654,0.,0.,1.,0.,0.,1.;                                      1939P   2670
100,-0.050556333,0.,0.,-10.,0.,10.,0.;                              1941P   2671
126,1,1,1,0,1,0,0.,0.,1.,1.,1.,1.,1.,3.141592654,0.,0.,             1943P   2672
3.141592654,0.,0.,1.,0.,0.,1.;                                      1943P   2673
110,10.,0.,-0.050556333,10.,0.,2.949443667;                         1945P   2674
126,1,1,1,0,1,0,0.,0.,1.,1.,1.,1.,0.,3.141592654,0.,0.,             1947P   2675
6.283185307,0.,0.,1.,0.,0.,1.;                                      1947P   2676
124,1.,-7.105427357601E-015,3.40031955771136E-047,                  1949P   2677
-2.83238492340682E-032,-7.105427357601E-015,-1.,                    1949P   2678
6.98296267768627E-015,-2.05958550498229E-014,                       1949P   2679
-4.96169340471387E-029,-6.98296267768627E-015,-1.,                  1949P   2680
5.89888733492332;                                                   1949P   2681
100,2.949443667,0.,0.,10.,0.,-10.,0.;                               1951P   2682
102,4,1935,1939,1943,1947;                                          1953P   2683
102,4,1937,1941,1945,1951;                                          1955P   2684
142,1,1933,1953,1955,1;                                             1957P   2685
144,1933,1,0,1957;                                                  1959P   2686
314,0.,100.,0.,;                                                    1961P   2687
110,0.,0.,9.949443667,0.,0.,-990.050556333;                         1963P   2688
110,-10.,0.,2.949443667,-10.,0.,-0.050556333;                       1965P   2689
120,1963,1965,0.,6.28318530717959;                                  1967P   2690
126,1,1,1,0,1,0,0.,0.,1.,1.,1.,1.,1.,3.141592654,0.,1.,0.,0.,       1969P   2691
0.,1.,0.,0.,1.;                                                     1969P   2692
100,-0.050556333,0.,0.,10.,0.,-10.,0.;                              1971P   2693
126,1,1,1,0,1,0,0.,0.,1.,1.,1.,1.,1.,0.,0.,0.,0.,0.,0.,1.,0.,       1973P   2694
0.,1.;                                                              1973P   2695
110,-10.,0.,-0.050556333,-10.,0.,2.949443667;                       1975P   2696
126,1,1,1,0,1,0,0.,0.,1.,1.,1.,1.,0.,0.,0.,0.,3.141592654,0.,       1977P   2697
0.,1.,0.,0.,1.;                                                     1977P   2698
124,-1.,-7.22789203751574E-015,8.55166289179392E-031,               1979P   2699
-1.02525960925871E-014,-7.22789203751574E-015,1.,                   1979P   2700
-6.98296267768627E-015,2.05958550498228E-014,                       1979P   2701
4.96169340471388E-029,-6.98296267768627E-015,-1.,                   1979P   2702
5.89888733492332;                                                   1979P   2703
100,2.949443667,0.,0.,10.,0.,-10.,0.;                               1981P   2704
126,1,1,1,0,1,0,0.,0.,1.,1.,1.,1.,0.,3.141592654,0.,1.,             1983P   2705
3.141592654,0.,0.,1.,0.,0.,1.;                                      1983P   2706
110,10.,0.,2.949443667,10.,0.,-0.050556333;                         1985P   2707
102,4,1969,1973,1977,1983;                                          1987P   2708
102,4,1971,1975,1981,1985;                                          1989P   2709
142,1,1967,1987,1989,1;                                             1991P   2710
144,1967,1,0,1991;                                                  1993P   2711
314,0.,100.,0.,;                                                    1995P   2712
128,1,1,1,1,0,0,1,0,0,0.,0.,1.,1.,0.,0.,1.,1.,1.,1.,1.,1.,          1997P   2713
14.3451,-14.3451,-0.050556333,-14.3451,-14.3451,-0.050556333,       1997P   2714
14.3451,14.3451,-0.050556333,-14.3451,14.3451,-0.050556333,0.,      1997P   2715
1.,0.,1.;                                                           1997P   2716
126,64,2,1,0,1,0,0.,0.,0.,0.03125,0.03125,0.0625,0.0625,            1999P   2717
0.09375,0.09375,0.125,0.125,0.15625,0.15625,0.1875,0.1875,          1999P   2718
0.21875,0.21875,0.25,0.25,0.28125,0.28125,0.3125,0.3125,            1999P   2719
0.34375,0.34375,0.375,0.375,0.40625,0.40625,0.4375,0.4375,          1999P   2720
0.46875,0.46875,0.5,0.5,0.53125,0.53125,0.5625,0.5625,0.59375,      1999P   2721
0.59375,0.625,0.625,0.65625,0.65625,0.6875,0.6875,0.71875,          1999P   2722
0.71875,0.75,0.75,0.78125,0.78125,0.8125,0.8125,0.84375,            1999P   2723
0.84375,0.875,0.875,0.90625,0.90625,0.9375,0.9375,0.96875,          1999P   2724
0.96875,1.,1.,1.,1.,1.,1.,1.,1.,1.,1.,1.,1.,1.,1.,1.,1.,1.,1.,      1999P   2725
1.,1.,1.,1.,1.,1.,1.,1.,1.,1.,1.,1.,1.,1.,1.,1.,1.,1.,1.,1.,1.,     1999P   2726
1.,1.,1.,1.,1.,1.,1.,1.,1.,1.,1.,1.,1.,1.,1.,1.,1.,1.,1.,1.,1.,     1999P   2727
1.,1.,1.,1.,1.,1.,1.,1.,0.994071146,0.5,0.,0.994071146,             1999P   2728
0.524272159,0.,0.991692059,0.548427441,0.,0.989312971,              1999P   2729
0.572582723,0.,0.984577708,0.596388499,0.,0.979842444,              1999P   2730
0.620194275,0.,0.972796609,0.643421283,0.,0.965750773,              1999P   2731
0.666648291,0.,0.95646222,0.689072842,0.,0.947173667,               1999P   2732
0.711497393,0.,0.93573185,0.732903526,0.,0.924290033,               1999P   2733
0.754309659,0.,0.910805144,0.774491222,0.,0.897320255,              1999P   2734
0.794672784,0.,0.881922161,0.813435417,0.,0.866524066,              1999P   2735
0.83219805,0.,0.849361058,0.849361058,0.,0.83219805,                1999P   2736
0.866524066,0.,0.813435417,0.881922161,0.,0.794672784,              1999P   2737
0.897320255,0.,0.774491222,0.910805144,0.,0.754309659,              1999P   2738
0.924290033,0.,0.732903526,0.93573185,0.,0.711497393,               1999P   2739
0.947173667,0.,0.689072842,0.95646222,0.,0.666648291,               1999P   2740
0.965750773,0.,0.643421283,0.972796609,0.,0.620194275,              1999P   2741
0.979842444,0.,0.596388499,0.984577708,0.,0.572582723,              1999P   2742
0.989312971,0.,0.548427441,0.991692059,0.,0.524272159,              1999P   2743
0.994071146,0.,0.5,0.994071146,0.,0.475727841,0.994071146,0.,       1999P   2744
0.451572559,0.991692059,0.,0.427417277,0.989312971,0.,              1999P   2745
0.403611501,0.984577708,0.,0.379805725,0.979842444,0.,              1999P   2746
0.356578717,0.972796609,0.,0.333351709,0.965750773,0.,              1999P   2747
0.310927158,0.95646222,0.,0.288502607,0.947173667,0.,               1999P   2748
0.267096474,0.93573185,0.,0.245690341,0.924290033,0.,               1999P   2749
0.225508778,0.910805144,0.,0.205327216,0.897320255,0.,              1999P   2750
0.186564583,0.881922161,0.,0.16780195,0.866524066,0.,               1999P   2751
0.150638942,0.849361058,0.,0.133475934,0.83219805,0.,               1999P   2752
0.118077839,0.813435417,0.,0.102679745,0.794672784,0.,              1999P   2753
0.089194856,0.774491222,0.,0.075709967,0.754309659,0.,              1999P   2754
0.06426815,0.732903526,0.,0.052826333,0.711497393,0.,               1999P   2755
0.04353778,0.689072842,0.,0.034249227,0.666648291,0.,               1999P   2756
0.027203391,0.643421283,0.,0.020157556,0.620194275,0.,              1999P   2757
0.015422292,0.596388499,0.,0.010687029,0.572582723,0.,              1999P   2758
0.008307941,0.548427441,0.,0.005928854,0.524272159,0.,              1999P   2759
0.005928854,0.5,0.,0.,1.,0.,0.,-1.;                                 1999P   2760
124,-1.,-7.22789203751574E-015,8.55166289179392E-031,               2001P   2761
-1.02525960925871E-014,-7.22789203751574E-015,1.,                   2001P   2762
-6.98296267768627E-015,-3.53032983235973E-016,                      2001P   2763
4.96169340471387E-029,-6.98296267768627E-015,-1.,                   2001P   2764
-0.101112665076683;                                                 2001P   2765
100,-0.050556333,0.,0.,14.175,0.,-14.175,0.;                        2003P   2766
126,64,2,1,0,1,0,0.,0.,0.,0.03125,0.03125,0.0625,0.0625,            2005P   2767
0.09375,0.09375,0.125,0.125,0.15625,0.15625,0.1875,0.1875,          2005P   2768
0.21875,0.21875,0.25,0.25,0.28125,0.28125,0.3125,0.3125,            2005P   2769
0.34375,0.34375,0.375,0.375,0.40625,0.40625,0.4375,0.4375,          2005P   2770
0.46875,0.46875,0.5,0.5,0.53125,0.53125,0.5625,0.5625,0.59375,      2005P   2771
0.59375,0.625,0.625,0.65625,0.65625,0.6875,0.6875,0.71875,          2005P   2772
0.71875,0.75,0.75,0.78125,0.78125,0.8125,0.8125,0.84375,            2005P   2773
0.84375,0.875,0.875,0.90625,0.90625,0.9375,0.9375,0.96875,          2005P   2774
0.96875,1.,1.,1.,1.,1.,1.,1.,1.,1.,1.,1.,1.,1.,1.,1.,1.,1.,1.,      2005P   2775
1.,1.,1.,1.,1.,1.,1.,1.,1.,1.,1.,1.,1.,1.,1.,1.,1.,1.,1.,1.,1.,     2005P   2776
1.,1.,1.,1.,1.,1.,1.,1.,1.,1.,1.,1.,1.,1.,1.,1.,1.,1.,1.,1.,1.,     2005P   2777
1.,1.,1.,1.,1.,1.,1.,1.,0.005928854,0.5,0.,0.005928854,             2005P   2778
0.475727841,0.,0.008307941,0.451572559,0.,0.010687029,              2005P   2779
0.427417277,0.,0.015422292,0.403611501,0.,0.020157556,              2005P   2780
0.379805725,0.,0.027203391,0.356578717,0.,0.034249227,              2005P   2781
0.333351709,0.,0.04353778,0.310927158,0.,0.052826333,               2005P   2782
0.288502607,0.,0.06426815,0.267096474,0.,0.075709967,               2005P   2783
0.245690341,0.,0.089194856,0.225508778,0.,0.102679745,              2005P   2784
0.205327216,0.,0.118077839,0.186564583,0.,0.133475934,              2005P   2785
0.16780195,0.,0.150638942,0.150638942,0.,0.16780195,                2005P   2786
0.133475934,0.,0.186564583,0.118077839,0.,0.205327216,              2005P   2787
0.102679745,0.,0.225508778,0.089194856,0.,0.245690341,              2005P   2788
0.075709967,0.,0.267096474,0.06426815,0.,0.288502607,               2005P   2789
0.052826333,0.,0.310927158,0.04353778,0.,0.333351709,               2005P   2790
0.034249227,0.,0.356578717,0.027203391,0.,0.379805725,              2005P   2791
0.020157556,0.,0.403611501,0.015422292,0.,0.427417277,              2005P   2792
0.010687029,0.,0.451572559,0.008307941,0.,0.475727841,              2005P   2793
0.005928854,0.,0.5,0.005928854,0.,0.524272159,0.005928854,0.,       2005P   2794
0.548427441,0.008307941,0.,0.572582723,0.010687029,0.,              2005P   2795
0.596388499,0.015422292,0.,0.620194275,0.020157556,0.,              2005P   2796
0.643421283,0.027203391,0.,0.666648291,0.034249227,0.,              2005P   2797
0.689072842,0.04353778,0.,0.711497393,0.052826333,0.,               2005P   2798
0.732903526,0.06426815,0.,0.754309659,0.075709967,0.,               2005P   2799
0.774491222,0.089194856,0.,0.794672784,0.102679745,0.,              2005P   2800
0.813435417,0.118077839,0.,0.83219805,0.133475934,0.,               2005P   2801
0.849361058,0.150638942,0.,0.866524066,0.16780195,0.,               2005P   2802
0.881922161,0.186564583,0.,0.897320255,0.205327216,0.,              2005P   2803
0.910805144,0.225508778,0.,0.924290033,0.245690341,0.,              2005P   2804
0.93573185,0.267096474,0.,0.947173667,0.288502607,0.,               2005P   2805
0.95646222,0.310927158,0.,0.965750773,0.333351709,0.,               2005P   2806
0.972796609,0.356578717,0.,0.979842444,0.379805725,0.,              2005P   2807
0.984577708,0.403611501,0.,0.989312971,0.427417277,0.,              2005P   2808
0.991692059,0.451572559,0.,0.994071146,0.475727841,0.,              2005P   2809
0.994071146,0.5,0.,0.,1.,0.,0.,-1.;                                 2005P   2810
124,1.,-7.105427357601E-015,4.00037595024866E-047,                  2007P   2811
-1.97334283955689E-031,-7.105427357601E-015,-1.,                    2007P   2812
6.98296267768627E-015,3.53032983235899E-016,                        2007P   2813
-4.96169340471387E-029,-6.98296267768627E-015,-1.,                  2007P   2814
-0.101112665076683;                                                 2007P   2815
100,-0.050556333,0.,0.,14.175,0.,-14.175,0.;                        2009P   2816
102,2,1999,2005;                                                    2011P   2817
102,2,2003,2009;                                                    2013P   2818
142,1,1997,2011,2013,1;                                             2015P   2819
126,32,2,1,0,1,0,0.,0.,0.,0.0625,0.0625,0.125,0.125,0.1875,         2017P   2820
0.1875,0.25,0.25,0.3125,0.3125,0.375,0.375,0.4375,0.4375,0.5,       2017P   2821
0.5,0.5625,0.5625,0.625,0.625,0.6875,0.6875,0.75,0.75,0.8125,       2017P   2822
0.8125,0.875,0.875,0.9375,0.9375,1.,1.,1.,1.,1.,1.,1.,1.,1.,1.,     2017P   2823
1.,1.,1.,1.,1.,1.,1.,1.,1.,1.,1.,1.,1.,1.,1.,1.,1.,1.,1.,1.,1.,     2017P   2824
1.,1.,1.,1.,1.,0.151448927,0.5,0.,0.151448927,0.534329284,0.,       2017P   2825
0.158146238,0.567998941,0.,0.164843549,0.601668598,0.,              2017P   2826
0.177980797,0.633384721,0.,0.191118046,0.665100844,0.,              2017P   2827
0.210190374,0.693644601,0.,0.229262703,0.722188358,0.,              2017P   2828
0.253537173,0.746462827,0.,0.277811642,0.770737297,0.,              2017P   2829
0.306355399,0.789809626,0.,0.334899156,0.808881954,0.,              2017P   2830
0.366615279,0.822019203,0.,0.398331402,0.835156451,0.,              2017P   2831
0.432001059,0.841853762,0.,0.465670716,0.848551073,0.,0.5,          2017P   2832
0.848551073,0.,0.534329284,0.848551073,0.,0.567998941,              2017P   2833
0.841853762,0.,0.601668598,0.835156451,0.,0.633384721,              2017P   2834
0.822019203,0.,0.665100844,0.808881954,0.,0.693644601,              2017P   2835
0.789809626,0.,0.722188358,0.770737297,0.,0.746462827,              2017P   2836
0.746462827,0.,0.770737297,0.722188358,0.,0.789809626,              2017P   2837
0.693644601,0.,0.808881954,0.665100844,0.,0.822019203,              2017P   2838
0.633384721,0.,0.835156451,0.601668598,0.,0.841853762,              2017P   2839
0.567998941,0.,0.848551073,0.534329284,0.,0.848551073,0.5,0.,       2017P   2840
0.,1.,0.,0.,1.;                                                     2017P   2841
100,-0.050556333,0.,0.,10.,0.,-10.,0.;                              2019P   2842
126,32,2,1,0,1,0,0.,0.,0.,0.0625,0.0625,0.125,0.125,0.1875,         2021P   2843
0.1875,0.25,0.25,0.3125,0.3125,0.375,0.375,0.4375,0.4375,0.5,       2021P   2844
0.5,0.5625,0.5625,0.625,0.625,0.6875,0.6875,0.75,0.75,0.8125,       2021P   2845
0.8125,0.875,0.875,0.9375,0.9375,1.,1.,1.,1.,1.,1.,1.,1.,1.,1.,     2021P   2846
1.,1.,1.,1.,1.,1.,1.,1.,1.,1.,1.,1.,1.,1.,1.,1.,1.,1.,1.,1.,1.,     2021P   2847
1.,1.,1.,1.,1.,0.848551073,0.5,0.,0.848551073,0.465670716,0.,       2021P   2848
0.841853762,0.432001059,0.,0.835156451,0.398331402,0.,              2021P   2849
0.822019203,0.366615279,0.,0.808881954,0.334899156,0.,              2021P   2850
0.789809626,0.306355399,0.,0.770737297,0.277811642,0.,              2021P   2851
0.746462827,0.253537173,0.,0.722188358,0.229262703,0.,              2021P   2852
0.693644601,0.210190374,0.,0.665100844,0.191118046,0.,              2021P   2853
0.633384721,0.177980797,0.,0.601668598,0.164843549,0.,              2021P   2854
0.567998941,0.158146238,0.,0.534329284,0.151448927,0.,0.5,          2021P   2855
0.151448927,0.,0.465670716,0.151448927,0.,0.432001059,              2021P   2856
0.158146238,0.,0.398331402,0.164843549,0.,0.366615279,              2021P   2857
0.177980797,0.,0.334899156,0.191118046,0.,0.306355399,              2021P   2858
0.210190374,0.,0.277811642,0.229262703,0.,0.253537173,              2021P   2859
0.253537173,0.,0.229262703,0.277811642,0.,0.210190374,              2021P   2860
0.306355399,0.,0.191118046,0.334899156,0.,0.177980797,              2021P   2861
0.366615279,0.,0.164843549,0.398331402,0.,0.158146238,              2021P   2862
0.432001059,0.,0.151448927,0.465670716,0.,0.151448927,0.5,0.,       2021P   2863
0.,1.,0.,0.,1.;                                                     2021P   2864
100,-0.050556333,0.,0.,-10.,0.,10.,0.;                              2023P   2865
102,2,2017,2021;                                                    2025P   2866
102,2,2019,2023;                                                    2027P   2867
142,1,1997,2025,2027,1;                                             2029P   2868
144,1997,1,1,2015,2029;                                             2031P   2869
314,0.,100.,0.,;                                                    2033P   2870
110,0.,0.,-0.463970109,0.,0.,-1000.463970109;                       2035P   2871
110,-14.175,0.,1.999443667,-14.175,0.,-0.050556333;                 2037P   2872
120,2035,2037,0.,6.28318530717959;                                  2039P   2873
126,1,1,1,0,1,0,0.,0.,1.,1.,1.,1.,1.,3.141592654,0.,0.,             2041P   2874
3.141592654,0.,0.,1.,0.,0.,1.;                                      2041P   2875
110,14.175,0.,-0.050556333,14.175,0.,1.999443667;                   2043P   2876
126,1,1,1,0,1,0,0.,0.,1.,1.,1.,1.,0.,3.141592654,0.,0.,             2045P   2877
6.283185307,0.,0.,1.,0.,0.,1.;                                      2045P   2878
124,1.,-7.105427357601E-015,4.00037595024866E-047,                  2047P   2879
-1.71720550967348E-031,-7.105427357601E-015,-1.,                    2047P   2880
6.98296267768627E-015,-1.39620405060209E-014,                       2047P   2881
-4.96169340471387E-029,-6.98296267768627E-015,-1.,                  2047P   2882
3.99888733492332;                                                   2047P   2883
100,1.999443667,0.,0.,14.175,0.,-14.175,0.;                         2049P   2884
126,1,1,1,0,1,0,0.,0.,1.,1.,1.,1.,0.,6.283185307,0.,1.,             2051P   2885
6.283185307,0.,0.,1.,0.,0.,1.;                                      2051P   2886
110,-14.175,0.,1.999443667,-14.175,0.,-0.050556333;                 2053P   2887
126,1,1,1,0,1,0,0.,0.,1.,1.,1.,1.,1.,6.283185307,0.,1.,             2055P   2888
3.141592654,0.,0.,1.,0.,0.,1.;                                      2055P   2889
100,-0.050556333,0.,0.,-14.175,0.,14.175,0.;                        2057P   2890
102,4,2041,2045,2051,2055;                                          2059P   2891
102,4,2043,2049,2053,2057;                                          2061P   2892
142,1,2039,2059,2061,1;                                             2063P   2893
144,2039,1,0,2063;                                                  2065P   2894
314,0.,100.,100.,;                                                  2067P   2895
110,0.,44.1,19.5,0.,-955.9,19.5;                                    2069P   2896
110,-8.,34.1,19.5,-8.,25.1,19.5;                                    2071P   2897
120,2069,2071,0.,6.28318530717959;                                  2073P   2898
126,1,1,1,0,1,0,0.,0.,1.,1.,1.,1.,0.,0.,0.,0.,3.141592654,0.,       2075P   2899
0.,1.,0.,0.,1.;                                                     2075P   2900
124,-1.,7.00839297793176E-015,-2.54303002454966E-017,               2077P   2901
-2.28197887656883E-013,2.54303002455459E-017,                       2077P   2902
7.04419501764363E-015,-1.,53.5999999999998,                         2077P   2903
-7.00839297793176E-015,-1.,-7.04419501764363E-015,                  2077P   2904
53.6000000000002;                                                   2077P   2905
100,19.5,0.,34.1,8.,34.1,-8.,34.1;                                  2079P   2906
126,1,1,1,0,1,0,0.,0.,1.,1.,1.,1.,0.,3.141592654,0.,1.,             2081P   2907
3.141592654,0.,0.,1.,0.,0.,1.;                                      2081P   2908
110,8.,34.1,19.5,8.,25.1,19.5;                                      2083P   2909
126,1,1,1,0,1,0,0.,0.,1.,1.,1.,1.,1.,3.141592654,0.,1.,0.,0.,       2085P   2910
0.,1.,0.,0.,1.;                                                     2085P   2911
124,1.,-2.54303002454966E-017,2.54303002454966E-017,                2087P   2912
1.42409681374781E-016,-2.54303002454966E-017,                       2087P   2913
6.12323399573677E-017,1.,5.60000000000001,                          2087P   2914
-2.54303002454966E-017,-1.,6.12323399573677E-017,44.6;              2087P   2915
100,19.5,0.,25.1,8.,25.1,-8.,25.1;                                  2089P   2916
126,1,1,1,0,1,0,0.,0.,1.,1.,1.,1.,1.,0.,0.,0.,0.,0.,0.,1.,0.,       2091P   2917
0.,1.;                                                              2091P   2918
110,-8.,25.1,19.5,-8.,34.1,19.5;                                    2093P   2919
102,4,2075,2081,2085,2091;                                          2095P   2920
102,4,2079,2083,2089,2093;                                          2097P   2921
142,1,2073,2095,2097,1;                                             2099P   2922
144,2073,1,0,2099;                                                  2101P   2923
314,0.,100.,100.,;                                                  2103P   2924
110,0.,44.1,19.5,0.,-955.9,19.5;                                    2105P   2925
110,-8.,34.1,19.5,-8.,25.1,19.5;                                    2107P   2926
120,2105,2107,0.,6.28318530717959;                                  2109P   2927
126,1,1,1,0,1,0,0.,0.,1.,1.,1.,1.,1.,3.141592654,0.,0.,             2111P   2928
3.141592654,0.,0.,1.,0.,0.,1.;                                      2111P   2929
110,8.,25.1,19.5,8.,34.1,19.5;                                      2113P   2930
126,1,1,1,0,1,0,0.,0.,1.,1.,1.,1.,0.,3.141592654,0.,0.,             2115P   2931
6.283185307,0.,0.,1.,0.,0.,1.;                                      2115P   2932
124,1.,-1.3991355655618E-014,-2.54303002454966E-017,                2117P   2933
4.77601118711362E-013,-2.54303002455951E-017,                       2117P   2934
-7.04419501764363E-015,-1.,53.6000000000003,                        2117P   2935
1.3991355655618E-014,1.,-7.04419501764363E-015,                     2117P   2936
-14.5999999999999;                                                  2117P   2937
100,19.5,0.,34.1,8.,34.1,-8.,34.1;                                  2119P   2938
126,1,1,1,0,1,0,0.,0.,1.,1.,1.,1.,0.,6.283185307,0.,1.,             2121P   2939
6.283185307,0.,0.,1.,0.,0.,1.;                                      2121P   2940
110,-8.,34.1,19.5,-8.,25.1,19.5;                                    2123P   2941
126,1,1,1,0,1,0,0.,0.,1.,1.,1.,1.,1.,6.283185307,0.,1.,             2125P   2942
3.141592654,0.,0.,1.,0.,0.,1.;                                      2125P   2943
124,-1.,-9.70343796692388E-017,2.54303002454966E-017,               2127P   2944
1.17743487062952E-014,2.54303002454966E-017,                        2127P   2945
-6.12323399573677E-017,1.,5.60000000000001,                         2127P   2946
-9.70343796692388E-017,1.,6.12323399573677E-017,                    2127P   2947
-5.60000000000001;                                                  2127P   2948
100,19.5,0.,25.1,8.,25.1,-8.,25.1;                                  2129P   2949
102,4,2111,2115,2121,2125;                                          2131P   2950
102,4,2113,2119,2123,2129;                                          2133P   2951
142,1,2109,2131,2133,1;                                             2135P   2952
144,2109,1,0,2135;                                                  2137P   2953
314,100.,0.,100.,;                                                  2139P   2954
110,0.,0.,2.949443667,0.,0.,1002.949443667;                         2141P   2955
110,9.237280213,3.830490081,2.949443667,9.237280213,                2143P   2956
3.830490081,6.74075521;                                             2143P   2957
120,2141,2143,0.,6.28318530717959;                                  2145P   2958
126,1,1,1,0,1,0,0.,0.,1.,1.,1.,1.,0.,6.283185307,0.,1.,             2147P   2959
6.283185307,0.,0.,1.,0.,0.,1.;                                      2147P   2960
110,9.237280213,3.830490081,2.949443667,9.237280213,                2149P   2961
3.830490081,6.74075521;                                             2149P   2962
126,1,1,1,0,1,0,0.,0.,1.,1.,1.,1.,1.,6.283185307,0.,1.,             2151P   2963
3.141592654,0.,0.,1.,0.,0.,1.;                                      2151P   2964
124,0.923728021347073,0.383049008063225,-2.83505819543517E-015,     2153P   2965
1.87843997314031E-014,0.383049008063225,-0.923728021347073,         2153P   2966
6.38390988672587E-015,-4.13949856579117E-014,                       2153P   2967
-1.73472347597778E-016,-6.98296267768626E-015,-1.,                  2153P   2968
13.4815104200243;                                                   2153P   2969
100,6.74075521,0.,0.,10.,0.,-10.,0.;                                2155P   2970
126,1,1,1,0,1,0,0.,0.,1.,1.,1.,1.,1.,3.141592654,0.,0.,             2157P   2971
3.141592654,0.,0.,1.,0.,0.,1.;                                      2157P   2972
110,-9.237280213,-3.830490081,6.74075521,-9.237280213,              2159P   2973
-3.830490081,2.949443667;                                           2159P   2974
126,1,1,1,0,1,0,0.,0.,1.,1.,1.,1.,0.,3.141592654,0.,0.,             2161P   2975
6.283185307,0.,0.,1.,0.,0.,1.;                                      2161P   2976
100,2.949443667,0.,0.,-9.237280213,-3.830490081,9.237280213,        2163P   2977
3.830490081;                                                        2163P   2978
102,4,2147,2151,2157,2161;                                          2165P   2979
102,4,2149,2155,2159,2163;                                          2167P   2980
142,1,2145,2165,2167,1;                                             2169P   2981
144,2145,1,0,2169;                                                  2171P   2982
314,100.,0.,100.,;                                                  2173P   2983
110,0.,0.,2.949443667,0.,0.,1002.949443667;                         2175P   2984
110,9.237280213,3.830490081,2.949443667,9.237280213,                2177P   2985
3.830490081,6.74075521;                                             2177P   2986
120,2175,2177,0.,6.28318530717959;                                  2179P   2987
126,1,1,1,0,1,0,0.,0.,1.,1.,1.,1.,1.,3.141592654,0.,1.,0.,0.,       2181P   2988
0.,1.,0.,0.,1.;                                                     2181P   2989
124,-0.923728021347068,-0.383049008063238,2.5145756586255E-015,     2183P   2990
-2.51733413313789E-014,-0.383049008063238,0.923728021347068,        2183P   2991
-6.51680670807325E-015,4.22908105988031E-014,                       2183P   2992
1.73472347597681E-016,-6.98296267768627E-015,-1.,                   2183P   2993
13.4815104200243;                                                   2183P   2994
100,6.74075521,0.,0.,10.,0.,-10.,0.;                                2185P   2995
126,1,1,1,0,1,0,0.,0.,1.,1.,1.,1.,1.,0.,0.,0.,0.,0.,0.,1.,0.,       2187P   2996
0.,1.;                                                              2187P   2997
110,9.237280213,3.830490081,6.74075521,9.237280213,3.830490081,     2189P   2998
2.949443667;                                                        2189P   2999
126,1,1,1,0,1,0,0.,0.,1.,1.,1.,1.,0.,0.,0.,0.,3.141592654,0.,       2191P   3000
0.,1.,0.,0.,1.;                                                     2191P   3001
100,2.949443667,0.,0.,9.237280213,3.830490081,-9.237280213,         2193P   3002
-3.830490081;                                                       2193P   3003
126,1,1,1,0,1,0,0.,0.,1.,1.,1.,1.,0.,3.141592654,0.,1.,             2195P   3004
3.141592654,0.,0.,1.,0.,0.,1.;                                      2195P   3005
110,-9.237280213,-3.830490081,2.949443667,-9.237280213,             2197P   3006
-3.830490081,6.74075521;                                            2197P   3007
102,4,2181,2187,2191,2195;                                          2199P   3008
102,4,2185,2189,2193,2197;                                          2201P   3009
142,1,2179,2199,2201,1;                                             2203P   3010
144,2179,1,0,2203;                                                  2205P   3011
314,100.,0.,100.,;                                                  2207P   3012
128,1,1,1,1,0,0,1,0,0,0.,0.,1.,1.,0.,0.,1.,1.,1.,1.,1.,1.,          2209P   3013
20.167489895,-8.344299212,2.949443667,-8.344299212,                 2209P   3014
-20.167489895,2.949443667,8.344299212,20.167489895,2.949443667,     2209P   3015
-20.167489895,8.344299212,2.949443667,0.,1.,0.,1.;                  2209P   3016
126,64,2,1,0,1,0,0.,0.,0.,0.03125,0.03125,0.0625,0.0625,            2211P   3017
0.09375,0.09375,0.125,0.125,0.15625,0.15625,0.1875,0.1875,          2211P   3018
0.21875,0.21875,0.25,0.25,0.28125,0.28125,0.3125,0.3125,            2211P   3019
0.34375,0.34375,0.375,0.375,0.40625,0.40625,0.4375,0.4375,          2211P   3020
0.46875,0.46875,0.5,0.5,0.53125,0.53125,0.5625,0.5625,0.59375,      2211P   3021
0.59375,0.625,0.625,0.65625,0.65625,0.6875,0.6875,0.71875,          2211P   3022
0.71875,0.75,0.75,0.78125,0.78125,0.8125,0.8125,0.84375,            2211P   3023
0.84375,0.875,0.875,0.90625,0.90625,0.9375,0.9375,0.96875,          2211P   3024
0.96875,1.,1.,1.,1.,1.,1.,1.,1.,1.,1.,1.,1.,1.,1.,1.,1.,1.,1.,      2211P   3025
1.,1.,1.,1.,1.,1.,1.,1.,1.,1.,1.,1.,1.,1.,1.,1.,1.,1.,1.,1.,1.,     2211P   3026
1.,1.,1.,1.,1.,1.,1.,1.,1.,1.,1.,1.,1.,1.,1.,1.,1.,1.,1.,1.,1.,     2211P   3027
1.,1.,1.,1.,1.,1.,1.,1.,0.994071146,0.5,0.,0.994071146,             2211P   3028
0.524272159,0.,0.991692059,0.548427441,0.,0.989312971,              2211P   3029
0.572582723,0.,0.984577708,0.596388499,0.,0.979842444,              2211P   3030
0.620194275,0.,0.972796609,0.643421283,0.,0.965750773,              2211P   3031
0.666648291,0.,0.95646222,0.689072842,0.,0.947173667,               2211P   3032
0.711497393,0.,0.93573185,0.732903526,0.,0.924290033,               2211P   3033
0.754309659,0.,0.910805144,0.774491222,0.,0.897320255,              2211P   3034
0.794672784,0.,0.881922161,0.813435417,0.,0.866524066,              2211P   3035
0.83219805,0.,0.849361058,0.849361058,0.,0.83219805,                2211P   3036
0.866524066,0.,0.813435417,0.881922161,0.,0.794672784,              2211P   3037
0.897320255,0.,0.774491222,0.910805144,0.,0.754309659,              2211P   3038
0.924290033,0.,0.732903526,0.93573185,0.,0.711497393,               2211P   3039
0.947173667,0.,0.689072842,0.95646222,0.,0.666648291,               2211P   3040
0.965750773,0.,0.643421283,0.972796609,0.,0.620194275,              2211P   3041
0.979842444,0.,0.596388499,0.984577708,0.,0.572582723,              2211P   3042
0.989312971,0.,0.548427441,0.991692059,0.,0.524272159,              2211P   3043
0.994071146,0.,0.5,0.994071146,0.,0.475727841,0.994071146,0.,       2211P   3044
0.451572559,0.991692059,0.,0.427417277,0.989312971,0.,              2211P   3045
0.403611501,0.984577708,0.,0.379805725,0.979842444,0.,              2211P   3046
0.356578717,0.972796609,0.,0.333351709,0.965750773,0.,              2211P   3047
0.310927158,0.95646222,0.,0.288502607,0.947173667,0.,               2211P   3048
0.267096474,0.93573185,0.,0.245690341,0.924290033,0.,               2211P   3049
0.225508778,0.910805144,0.,0.205327216,0.897320255,0.,              2211P   3050
0.186564583,0.881922161,0.,0.16780195,0.866524066,0.,               2211P   3051
0.150638942,0.849361058,0.,0.133475934,0.83219805,0.,               2211P   3052
0.118077839,0.813435417,0.,0.102679745,0.794672784,0.,              2211P   3053
0.089194856,0.774491222,0.,0.075709967,0.754309659,0.,              2211P   3054
0.06426815,0.732903526,0.,0.052826333,0.711497393,0.,               2211P   3055
0.04353778,0.689072842,0.,0.034249227,0.666648291,0.,               2211P   3056
0.027203391,0.643421283,0.,0.020157556,0.620194275,0.,              2211P   3057
0.015422292,0.596388499,0.,0.010687029,0.572582723,0.,              2211P   3058
0.008307941,0.548427441,0.,0.005928854,0.524272159,0.,              2211P   3059
0.005928854,0.5,0.,0.,1.,0.,0.,-1.;                                 2211P   3060
124,-0.923728021347068,-0.383049008063238,                          2213P   3061
2.46466444387645E-015,-1.6385752092856E-014,-0.383049008063238,     2213P   3062
0.923728021347068,-6.5375037540208E-015,1.74667664242156E-014,      2213P   3063
2.27504718160894E-016,-6.98296267768627E-015,-1.,                   2213P   3064
5.89888733492331;                                                   2213P   3065
100,2.949443667,0.,0.,15.25,0.,-15.25,0.;                           2215P   3066
126,64,2,1,0,1,0,0.,0.,0.,0.03125,0.03125,0.0625,0.0625,            2217P   3067
0.09375,0.09375,0.125,0.125,0.15625,0.15625,0.1875,0.1875,          2217P   3068
0.21875,0.21875,0.25,0.25,0.28125,0.28125,0.3125,0.3125,            2217P   3069
0.34375,0.34375,0.375,0.375,0.40625,0.40625,0.4375,0.4375,          2217P   3070
0.46875,0.46875,0.5,0.5,0.53125,0.53125,0.5625,0.5625,0.59375,      2217P   3071
0.59375,0.625,0.625,0.65625,0.65625,0.6875,0.6875,0.71875,          2217P   3072
0.71875,0.75,0.75,0.78125,0.78125,0.8125,0.8125,0.84375,            2217P   3073
0.84375,0.875,0.875,0.90625,0.90625,0.9375,0.9375,0.96875,          2217P   3074
0.96875,1.,1.,1.,1.,1.,1.,1.,1.,1.,1.,1.,1.,1.,1.,1.,1.,1.,1.,      2217P   3075
1.,1.,1.,1.,1.,1.,1.,1.,1.,1.,1.,1.,1.,1.,1.,1.,1.,1.,1.,1.,1.,     2217P   3076
1.,1.,1.,1.,1.,1.,1.,1.,1.,1.,1.,1.,1.,1.,1.,1.,1.,1.,1.,1.,1.,     2217P   3077
1.,1.,1.,1.,1.,1.,1.,1.,0.005928854,0.5,0.,0.005928854,             2217P   3078
0.475727841,0.,0.008307941,0.451572559,0.,0.010687029,              2217P   3079
0.427417277,0.,0.015422292,0.403611501,0.,0.020157556,              2217P   3080
0.379805725,0.,0.027203391,0.356578717,0.,0.034249227,              2217P   3081
0.333351709,0.,0.04353778,0.310927158,0.,0.052826333,               2217P   3082
0.288502607,0.,0.06426815,0.267096474,0.,0.075709967,               2217P   3083
0.245690341,0.,0.089194856,0.225508778,0.,0.102679745,              2217P   3084
0.205327216,0.,0.118077839,0.186564583,0.,0.133475934,              2217P   3085
0.16780195,0.,0.150638942,0.150638942,0.,0.16780195,                2217P   3086
0.133475934,0.,0.186564583,0.118077839,0.,0.205327216,              2217P   3087
0.102679745,0.,0.225508778,0.089194856,0.,0.245690341,              2217P   3088
0.075709967,0.,0.267096474,0.06426815,0.,0.288502607,               2217P   3089
0.052826333,0.,0.310927158,0.04353778,0.,0.333351709,               2217P   3090
0.034249227,0.,0.356578717,0.027203391,0.,0.379805725,              2217P   3091
0.020157556,0.,0.403611501,0.015422292,0.,0.427417277,              2217P   3092
0.010687029,0.,0.451572559,0.008307941,0.,0.475727841,              2217P   3093
0.005928854,0.,0.5,0.005928854,0.,0.524272159,0.005928854,0.,       2217P   3094
0.548427441,0.008307941,0.,0.572582723,0.010687029,0.,              2217P   3095
0.596388499,0.015422292,0.,0.620194275,0.020157556,0.,              2217P   3096
0.643421283,0.027203391,0.,0.666648291,0.034249227,0.,              2217P   3097
0.689072842,0.04353778,0.,0.711497393,0.052826333,0.,               2217P   3098
0.732903526,0.06426815,0.,0.754309659,0.075709967,0.,               2217P   3099
0.774491222,0.089194856,0.,0.794672784,0.102679745,0.,              2217P   3100
0.813435417,0.118077839,0.,0.83219805,0.133475934,0.,               2217P   3101
0.849361058,0.150638942,0.,0.866524066,0.16780195,0.,               2217P   3102
0.881922161,0.186564583,0.,0.897320255,0.205327216,0.,              2217P   3103
0.910805144,0.225508778,0.,0.924290033,0.245690341,0.,              2217P   3104
0.93573185,0.267096474,0.,0.947173667,0.288502607,0.,               2217P   3105
0.95646222,0.310927158,0.,0.965750773,0.333351709,0.,               2217P   3106
0.972796609,0.356578717,0.,0.979842444,0.379805725,0.,              2217P   3107
0.984577708,0.403611501,0.,0.989312971,0.427417277,0.,              2217P   3108
0.991692059,0.451572559,0.,0.994071146,0.475727841,0.,              2217P   3109
0.994071146,0.5,0.,0.,1.,0.,0.,-1.;                                 2217P   3110
124,0.923728021347073,0.383049008063225,-2.88496941018422E-015,     2219P   3111
8.14760914357614E-015,0.383049008063225,-0.923728021347073,         2219P   3112
6.36321284077832E-015,-1.69527051938565E-014,                       2219P   3113
-2.27504718160989E-016,-6.98296267768626E-015,-1.,                  2219P   3114
5.89888733492331;                                                   2219P   3115
100,2.949443667,0.,0.,15.25,0.,-15.25,0.;                           2221P   3116
102,2,2211,2217;                                                    2223P   3117
102,2,2215,2221;                                                    2225P   3118
142,1,2209,2223,2225,1;                                             2227P   3119
126,32,2,1,0,1,0,0.,0.,0.,0.0625,0.0625,0.125,0.125,0.1875,         2229P   3120
0.1875,0.25,0.25,0.3125,0.3125,0.375,0.375,0.4375,0.4375,0.5,       2229P   3121
0.5,0.5625,0.5625,0.625,0.625,0.6875,0.6875,0.75,0.75,0.8125,       2229P   3122
0.8125,0.875,0.875,0.9375,0.9375,1.,1.,1.,1.,1.,1.,1.,1.,1.,1.,     2229P   3123
1.,1.,1.,1.,1.,1.,1.,1.,1.,1.,1.,1.,1.,1.,1.,1.,1.,1.,1.,1.,1.,     2229P   3124
1.,1.,1.,1.,1.,0.17601892,0.5,0.,0.17601892,0.531909351,0.,         2229P   3125
0.182244126,0.563205573,0.,0.188469332,0.594501795,0.,              2229P   3126
0.200680512,0.623982192,0.,0.212891692,0.653462588,0.,              2229P   3127
0.230619577,0.679994244,0.,0.248347463,0.7065259,0.,                2229P   3128
0.270910782,0.729089218,0.,0.2934741,0.751652537,0.,                2229P   3129
0.320005756,0.769380423,0.,0.346537412,0.787108308,0.,              2229P   3130
0.376017808,0.799319488,0.,0.405498205,0.811530668,0.,              2229P   3131
0.436794427,0.817755874,0.,0.468090649,0.82398108,0.,0.5,           2229P   3132
0.82398108,0.,0.531909351,0.82398108,0.,0.563205573,                2229P   3133
0.817755874,0.,0.594501795,0.811530668,0.,0.623982192,              2229P   3134
0.799319488,0.,0.653462588,0.787108308,0.,0.679994244,              2229P   3135
0.769380423,0.,0.7065259,0.751652537,0.,0.729089218,                2229P   3136
0.729089218,0.,0.751652537,0.7065259,0.,0.769380423,                2229P   3137
0.679994244,0.,0.787108308,0.653462588,0.,0.799319488,              2229P   3138
0.623982192,0.,0.811530668,0.594501795,0.,0.817755874,              2229P   3139
0.563205573,0.,0.82398108,0.531909351,0.,0.82398108,0.5,0.,0.,      2229P   3140
1.,0.,0.,1.;                                                        2229P   3141
100,2.949443667,0.,0.,9.237280213,3.830490081,-9.237280213,         2231P   3142
-3.830490081;                                                       2231P   3143
126,32,2,1,0,1,0,0.,0.,0.,0.0625,0.0625,0.125,0.125,0.1875,         2233P   3144
0.1875,0.25,0.25,0.3125,0.3125,0.375,0.375,0.4375,0.4375,0.5,       2233P   3145
0.5,0.5625,0.5625,0.625,0.625,0.6875,0.6875,0.75,0.75,0.8125,       2233P   3146
0.8125,0.875,0.875,0.9375,0.9375,1.,1.,1.,1.,1.,1.,1.,1.,1.,1.,     2233P   3147
1.,1.,1.,1.,1.,1.,1.,1.,1.,1.,1.,1.,1.,1.,1.,1.,1.,1.,1.,1.,1.,     2233P   3148
1.,1.,1.,1.,1.,0.82398108,0.5,0.,0.82398108,0.468090649,0.,         2233P   3149
0.817755874,0.436794427,0.,0.811530668,0.405498205,0.,              2233P   3150
0.799319488,0.376017808,0.,0.787108308,0.346537412,0.,              2233P   3151
0.769380423,0.320005756,0.,0.751652537,0.2934741,0.,                2233P   3152
0.729089218,0.270910782,0.,0.7065259,0.248347463,0.,                2233P   3153
0.679994244,0.230619577,0.,0.653462588,0.212891692,0.,              2233P   3154
0.623982192,0.200680512,0.,0.594501795,0.188469332,0.,              2233P   3155
0.563205573,0.182244126,0.,0.531909351,0.17601892,0.,0.5,           2233P   3156
0.17601892,0.,0.468090649,0.17601892,0.,0.436794427,                2233P   3157
0.182244126,0.,0.405498205,0.188469332,0.,0.376017808,              2233P   3158
0.200680512,0.,0.346537412,0.212891692,0.,0.320005756,              2233P   3159
0.230619577,0.,0.2934741,0.248347463,0.,0.270910782,                2233P   3160
0.270910782,0.,0.248347463,0.2934741,0.,0.230619577,                2233P   3161
0.320005756,0.,0.212891692,0.346537412,0.,0.200680512,              2233P   3162
0.376017808,0.,0.188469332,0.405498205,0.,0.182244126,              2233P   3163
0.436794427,0.,0.17601892,0.468090649,0.,0.17601892,0.5,0.,0.,      2233P   3164
1.,0.,0.,1.;                                                        2233P   3165
100,2.949443667,0.,0.,-9.237280213,-3.830490081,9.237280213,        2235P   3166
3.830490081;                                                        2235P   3167
102,2,2229,2233;                                                    2237P   3168
102,2,2231,2235;                                                    2239P   3169
142,1,2209,2237,2239,1;                                             2241P   3170
144,2209,1,1,2227,2241;                                             2243P   3171
314,75.2941176470588,75.2941176470588,75.2941176470588,;            2245P   3172
128,6,3,3,3,0,0,0,0,0,0.,0.,0.,0.,0.5,0.5,0.5,1.,1.,1.,1.,0.,       2247P   3173
0.,0.,0.,1.,1.,1.,1.,1.,0.780588314885162,0.780588314885162,1.,     2247P   3174
0.780588314885162,0.780588314885162,1.,0.333333333333333,           2247P   3175
0.260196104961721,0.260196104961721,0.333333333333333,              2247P   3176
0.260196104961721,0.260196104961721,0.333333333333333,              2247P   3177
0.333333333333333,0.260196104961721,0.260196104961721,              2247P   3178
0.333333333333333,0.260196104961721,0.260196104961721,              2247P   3179
0.333333333333333,1.,0.780588314885162,0.780588314885162,1.,        2247P   3180
0.780588314885162,0.780588314885162,1.,14.006244793,0.,             2247P   3181
0.874235438,13.927209494,0.,0.086518717,14.458328217,0.,            2247P   3182
-0.500556333,15.25,0.,-0.500556333,16.041671783,0.,                 2247P   3183
-0.500556333,16.572790506,0.,0.086518717,16.493755207,0.,           2247P   3184
0.874235438,14.006244793,-28.012489587,0.874235438,                 2247P   3185
13.927209494,-27.854418989,0.086518717,14.458328217,                2247P   3186
-28.916656435,-0.500556333,15.25,-30.5,-0.500556333,                2247P   3187
16.041671783,-32.083343565,-0.500556333,16.572790506,               2247P   3188
-33.145581011,0.086518717,16.493755207,-32.987510413,               2247P   3189
0.874235438,-14.006244793,-28.012489587,0.874235438,                2247P   3190
-13.927209494,-27.854418989,0.086518717,-14.458328217,              2247P   3191
-28.916656435,-0.500556333,-15.25,-30.5,-0.500556333,               2247P   3192
-16.041671783,-32.083343565,-0.500556333,-16.572790506,             2247P   3193
-33.145581011,0.086518717,-16.493755207,-32.987510413,              2247P   3194
0.874235438,-14.006244793,0.,0.874235438,-13.927209494,0.,          2247P   3195
0.086518717,-14.458328217,0.,-0.500556333,-15.25,0.,                2247P   3196
-0.500556333,-16.041671783,0.,-0.500556333,-16.572790506,0.,        2247P   3197
0.086518717,-16.493755207,0.,0.874235438,0.,1.,0.,1.;               2247P   3198
126,1,1,1,0,1,0,0.,0.,1.,1.,1.,1.,0.033007593,0.,0.,                2249P   3199
0.966992407,0.,0.,0.,1.,0.,0.,1.;                                   2249P   3200
124,-1.,1.39659253553725E-014,1.22464679914735E-016,30.5,           2251P   3201
-1.22464679914637E-016,7.04419501764364E-015,-1.,                   2251P   3202
0.749443667461656,-1.39659253553725E-014,-1.,                       2251P   3203
-7.04419501764363E-015,0.749443667461872;                           2251P   3204
100,0.749443667,15.25,0.,16.5,0.,14.,0.;                            2253P   3205
126,1,1,1,0,1,0,0.,0.,1.,1.,1.,1.,0.966992407,0.,0.,                2255P   3206
0.966992407,1.,0.,0.,1.,0.,0.,1.;                                   2255P   3207
124,1.,-7.105427357601E-015,-2.23411356754589E-016,                 2257P   3208
1.67434226558743E-016,-7.105427357601E-015,-1.,                     2257P   3209
6.98296267768627E-015,-5.23333715891305E-015,                       2257P   3210
-2.23411356754638E-016,-6.98296267768627E-015,-1.,                  2257P   3211
1.49888733492331;                                                   2257P   3212
100,0.749443667,0.,0.,16.5,0.,-16.5,0.;                             2259P   3213
126,1,1,1,0,1,0,0.,0.,1.,1.,1.,1.,0.966992407,1.,0.,                2261P   3214
0.033007593,1.,0.,0.,1.,0.,0.,1.;                                   2261P   3215
124,-1.,-1.22464679914735E-016,0.,-30.5,7.49879891330929E-033,      2263P   3216
-6.12323399573677E-017,-1.,0.749443667461656,                       2263P   3217
1.22464679914735E-016,-1.,6.12323399573677E-017,                    2263P   3218
0.749443667461657;                                                  2263P   3219
100,0.749443667,-15.25,0.,-14.,0.,-16.5,0.;                         2265P   3220
126,1,1,1,0,1,0,0.,0.,1.,1.,1.,1.,0.033007593,1.,0.,                2267P   3221
0.033007593,0.,0.,0.,1.,0.,0.,1.;                                   2267P   3222
100,0.749443667,0.,0.,-14.,0.,14.,0.;                               2269P   3223
102,4,2249,2255,2261,2267;                                          2271P   3224
102,4,2253,2259,2265,2269;                                          2273P   3225
142,1,2247,2271,2273,1;                                             2275P   3226
144,2247,1,0,2275;                                                  2277P   3227
314,75.2941176470588,75.2941176470588,75.2941176470588,;            2279P   3228
128,6,3,3,3,0,0,0,0,0,0.,0.,0.,0.,0.5,0.5,0.5,1.,1.,1.,1.,0.,       2281P   3229
0.,0.,0.,1.,1.,1.,1.,1.,0.780588314885162,0.780588314885162,1.,     2281P   3230
0.780588314885162,0.780588314885162,1.,0.333333333333333,           2281P   3231
0.260196104961721,0.260196104961721,0.333333333333333,              2281P   3232
0.260196104961721,0.260196104961721,0.333333333333333,              2281P   3233
0.333333333333333,0.260196104961721,0.260196104961721,              2281P   3234
0.333333333333333,0.260196104961721,0.260196104961721,              2281P   3235
0.333333333333333,1.,0.780588314885162,0.780588314885162,1.,        2281P   3236
0.780588314885162,0.780588314885162,1.,-14.006244793,0.,            2281P   3237
0.874235438,-13.927209494,0.,0.086518717,-14.458328217,0.,          2281P   3238
-0.500556333,-15.25,0.,-0.500556333,-16.041671783,0.,               2281P   3239
-0.500556333,-16.572790506,0.,0.086518717,-16.493755207,0.,         2281P   3240
0.874235438,-14.006244793,28.012489587,0.874235438,                 2281P   3241
-13.927209494,27.854418989,0.086518717,-14.458328217,               2281P   3242
28.916656435,-0.500556333,-15.25,30.5,-0.500556333,                 2281P   3243
-16.041671783,32.083343565,-0.500556333,-16.572790506,              2281P   3244
33.145581011,0.086518717,-16.493755207,32.987510413,                2281P   3245
0.874235438,14.006244793,28.012489587,0.874235438,13.927209494,     2281P   3246
27.854418989,0.086518717,14.458328217,28.916656435,                 2281P   3247
-0.500556333,15.25,30.5,-0.500556333,16.041671783,32.083343565,     2281P   3248
-0.500556333,16.572790506,33.145581011,0.086518717,                 2281P   3249
16.493755207,32.987510413,0.874235438,14.006244793,0.,              2281P   3250
0.874235438,13.927209494,0.,0.086518717,14.458328217,0.,            2281P   3251
-0.500556333,15.25,0.,-0.500556333,16.041671783,0.,                 2281P   3252
-0.500556333,16.572790506,0.,0.086518717,16.493755207,0.,           2281P   3253
0.874235438,0.,1.,0.,1.;                                            2281P   3254
126,1,1,1,0,1,0,0.,0.,1.,1.,1.,1.,0.033007593,0.,0.,                2283P   3255
0.966992407,0.,0.,0.,1.,0.,0.,1.;                                   2283P   3256
124,1.,0.,0.,0.,0.,6.12323399573677E-017,1.,-0.749443667461656,     2285P   3257
0.,-1.,6.12323399573677E-017,0.749443667461656;                     2285P   3258
100,0.749443667,-15.25,0.,-14.,0.,-16.5,0.;                         2287P   3259
126,1,1,1,0,1,0,0.,0.,1.,1.,1.,1.,0.966992407,0.,0.,                2289P   3260
0.966992407,1.,0.,0.,1.,0.,0.,1.;                                   2289P   3261
124,-1.,-7.22789203751574E-015,-2.23411356754588E-016,              2291P   3262
1.67434226558742E-016,-7.22789203751574E-015,1.,                    2291P   3263
-6.98296267768627E-015,5.23333715891305E-015,                       2291P   3264
2.23411356754638E-016,-6.98296267768627E-015,-1.,                   2291P   3265
1.49888733492331;                                                   2291P   3266
100,0.749443667,0.,0.,16.5,0.,-16.5,0.;                             2293P   3267
126,1,1,1,0,1,0,0.,0.,1.,1.,1.,1.,0.966992407,1.,0.,                2295P   3268
0.033007593,1.,0.,0.,1.,0.,0.,1.;                                   2295P   3269
124,1.,1.22464679914735E-016,-1.22464679914735E-016,                2297P   3270
2.40741243048404E-032,1.22464679914735E-016,                        2297P   3271
6.12323399573677E-017,1.,-0.749443667461652,                        2297P   3272
1.22464679914735E-016,-1.,6.12323399573677E-017,                    2297P   3273
0.749443667461652;                                                  2297P   3274
100,0.749443667,15.25,0.,16.5,0.,14.,0.;                            2299P   3275
126,1,1,1,0,1,0,0.,0.,1.,1.,1.,1.,0.033007593,1.,0.,                2301P   3276
0.033007593,0.,0.,0.,1.,0.,0.,1.;                                   2301P   3277
100,0.749443667,0.,0.,14.,0.,-14.,0.;                               2303P   3278
102,4,2283,2289,2295,2301;                                          2305P   3279
102,4,2287,2293,2299,2303;                                          2307P   3280
142,1,2281,2305,2307,1;                                             2309P   3281
144,2281,1,0,2309;                                                  2311P   3282
314,75.2941176470588,75.2941176470588,75.2941176470588,;            2313P   3283
128,6,3,3,3,0,0,0,0,0,0.,0.,0.,0.,0.5,0.5,0.5,1.,1.,1.,1.,0.,       2315P   3284
0.,0.,0.,1.,1.,1.,1.,1.,0.780588314885162,0.780588314885162,1.,     2315P   3285
0.780588314885162,0.780588314885162,1.,0.333333333333333,           2315P   3286
0.260196104961721,0.260196104961721,0.333333333333333,              2315P   3287
0.260196104961721,0.260196104961721,0.333333333333333,              2315P   3288
0.333333333333333,0.260196104961721,0.260196104961721,              2315P   3289
0.333333333333333,0.260196104961721,0.260196104961721,              2315P   3290
0.333333333333333,1.,0.780588314885162,0.780588314885162,1.,        2315P   3291
0.780588314885162,0.780588314885162,1.,-16.493755207,0.,            2315P   3292
0.624651897,-16.572790506,0.,1.412368618,-16.041671783,0.,          2315P   3293
1.999443667,-15.25,0.,1.999443667,-14.458328217,0.,1.999443667,     2315P   3294
-13.927209494,0.,1.412368618,-14.006244793,0.,0.624651897,          2315P   3295
-16.493755207,32.987510413,0.624651897,-16.572790506,               2315P   3296
33.145581011,1.412368618,-16.041671783,32.083343565,                2315P   3297
1.999443667,-15.25,30.5,1.999443667,-14.458328217,28.916656435,     2315P   3298
1.999443667,-13.927209494,27.854418989,1.412368618,                 2315P   3299
-14.006244793,28.012489587,0.624651897,16.493755207,                2315P   3300
32.987510413,0.624651897,16.572790506,33.145581011,1.412368618,     2315P   3301
16.041671783,32.083343565,1.999443667,15.25,30.5,1.999443667,       2315P   3302
14.458328217,28.916656435,1.999443667,13.927209494,                 2315P   3303
27.854418989,1.412368618,14.006244793,28.012489587,0.624651897,     2315P   3304
16.493755207,0.,0.624651897,16.572790506,0.,1.412368618,            2315P   3305
16.041671783,0.,1.999443667,15.25,0.,1.999443667,14.458328217,      2315P   3306
0.,1.999443667,13.927209494,0.,1.412368618,14.006244793,0.,         2315P   3307
0.624651897,0.,1.,0.,1.;                                            2315P   3308
126,1,1,1,0,1,0,0.,0.,1.,1.,1.,1.,0.033007593,1.,0.,                2317P   3309
0.033007593,0.,0.,0.,1.,0.,0.,1.;                                   2317P   3310
100,0.749443667,0.,0.,16.5,0.,-16.5,0.;                             2319P   3311
126,1,1,1,0,1,0,0.,0.,1.,1.,1.,1.,0.033007593,0.,0.,                2321P   3312
0.966992407,0.,0.,0.,1.,0.,0.,1.;                                   2321P   3313
124,-1.,1.40883900352873E-014,0.,-30.5,-8.62665088092701E-031,      2323P   3314
-6.12323399573677E-017,1.,-0.749443667461656,                       2323P   3315
1.40883900352873E-014,1.,6.12323399573677E-017,                     2323P   3316
0.74944366746187;                                                   2323P   3317
100,0.749443667,-15.25,0.,-14.,0.,-16.5,0.;                         2325P   3318
126,1,1,1,0,1,0,0.,0.,1.,1.,1.,1.,0.966992407,0.,0.,                2327P   3319
0.966992407,1.,0.,0.,1.,0.,0.,1.;                                   2327P   3320
124,-1.,-7.22789203751574E-015,-2.63306241889336E-016,              2329P   3321
1.97333195587089E-016,-7.22789203751574E-015,1.,                    2329P   3322
-6.98296267768627E-015,5.23333715891305E-015,                       2329P   3323
2.63306241889386E-016,-6.98296267768626E-015,-1.,                   2329P   3324
1.49888733492331;                                                   2329P   3325
100,0.749443667,0.,0.,14.,0.,-14.,0.;                               2331P   3326
126,1,1,1,0,1,0,0.,0.,1.,1.,1.,1.,0.966992407,1.,0.,                2333P   3327
0.033007593,1.,0.,0.,1.,0.,0.,1.;                                   2333P   3328
124,-1.,1.39659253553725E-014,-1.22464679914735E-016,30.5,          2335P   3329
-1.22464679914736E-016,-6.12323399573659E-017,1.,                   2335P   3330
-0.749443667461648,1.39659253553725E-014,1.,                        2335P   3331
6.12323399573677E-017,0.749443667461437;                            2335P   3332
100,0.749443667,15.25,0.,16.5,0.,14.,0.;                            2337P   3333
102,4,2317,2321,2327,2333;                                          2339P   3334
102,4,2319,2325,2331,2337;                                          2341P   3335
142,1,2315,2339,2341,1;                                             2343P   3336
144,2315,1,0,2343;                                                  2345P   3337
314,75.2941176470588,75.2941176470588,75.2941176470588,;            2347P   3338
128,6,3,3,3,0,0,0,0,0,0.,0.,0.,0.,0.5,0.5,0.5,1.,1.,1.,1.,0.,       2349P   3339
0.,0.,0.,1.,1.,1.,1.,1.,0.780588314885162,0.780588314885162,1.,     2349P   3340
0.780588314885162,0.780588314885162,1.,0.333333333333333,           2349P   3341
0.260196104961721,0.260196104961721,0.333333333333333,              2349P   3342
0.260196104961721,0.260196104961721,0.333333333333333,              2349P   3343
0.333333333333333,0.260196104961721,0.260196104961721,              2349P   3344
0.333333333333333,0.260196104961721,0.260196104961721,              2349P   3345
0.333333333333333,1.,0.780588314885162,0.780588314885162,1.,        2349P   3346
0.780588314885162,0.780588314885162,1.,16.493755207,0.,             2349P   3347
0.624651897,16.572790506,0.,1.412368618,16.041671783,0.,            2349P   3348
1.999443667,15.25,0.,1.999443667,14.458328217,0.,1.999443667,       2349P   3349
13.927209494,0.,1.412368618,14.006244793,0.,0.624651897,            2349P   3350
16.493755207,-32.987510413,0.624651897,16.572790506,                2349P   3351
-33.145581011,1.412368618,16.041671783,-32.083343565,               2349P   3352
1.999443667,15.25,-30.5,1.999443667,14.458328217,-28.916656435,     2349P   3353
1.999443667,13.927209494,-27.854418989,1.412368618,                 2349P   3354
14.006244793,-28.012489587,0.624651897,-16.493755207,               2349P   3355
-32.987510413,0.624651897,-16.572790506,-33.145581011,              2349P   3356
1.412368618,-16.041671783,-32.083343565,1.999443667,-15.25,         2349P   3357
-30.5,1.999443667,-14.458328217,-28.916656435,1.999443667,          2349P   3358
-13.927209494,-27.854418989,1.412368618,-14.006244793,              2349P   3359
-28.012489587,0.624651897,-16.493755207,0.,0.624651897,             2349P   3360
-16.572790506,0.,1.412368618,-16.041671783,0.,1.999443667,          2349P   3361
-15.25,0.,1.999443667,-14.458328217,0.,1.999443667,                 2349P   3362
-13.927209494,0.,1.412368618,-14.006244793,0.,0.624651897,0.,       2349P   3363
1.,0.,1.;                                                           2349P   3364
126,1,1,1,0,1,0,0.,0.,1.,1.,1.,1.,0.033007593,1.,0.,                2351P   3365
0.033007593,0.,0.,0.,1.,0.,0.,1.;                                   2351P   3366
100,0.749443667,0.,0.,-16.5,0.,16.5,0.;                             2353P   3367
126,1,1,1,0,1,0,0.,0.,1.,1.,1.,1.,0.033007593,0.,0.,                2355P   3368
0.966992407,0.,0.,0.,1.,0.,0.,1.;                                   2355P   3369
124,1.,1.22464679914736E-016,1.22464679914735E-016,                 2357P   3370
-1.20370621524202E-032,1.22464679914736E-016,                       2357P   3371
-7.04419501764363E-015,-1.,0.749443667461652,                       2357P   3372
-1.22464679914735E-016,1.,-7.04419501764363E-015,                   2357P   3373
0.749443667461657;                                                  2357P   3374
100,0.749443667,15.25,0.,16.5,0.,14.,0.;                            2359P   3375
126,1,1,1,0,1,0,0.,0.,1.,1.,1.,1.,0.966992407,0.,0.,                2361P   3376
0.966992407,1.,0.,0.,1.,0.,0.,1.;                                   2361P   3377
124,1.,-7.105427357601E-015,0.,0.,-7.105427357601E-015,-1.,         2363P   3378
6.98296267768627E-015,-5.23333715891305E-015,                       2363P   3379
-4.96169340471387E-029,-6.98296267768627E-015,-1.,                  2363P   3380
1.49888733492331;                                                   2363P   3381
100,0.749443667,0.,0.,14.,0.,-14.,0.;                               2365P   3382
126,1,1,1,0,1,0,0.,0.,1.,1.,1.,1.,0.966992407,1.,0.,                2367P   3383
0.033007593,1.,0.,0.,1.,0.,0.,1.;                                   2367P   3384
124,1.,-1.39659253553725E-014,0.,-5.8333461968249E-017,             2369P   3385
8.55166289179392E-031,6.12323399573677E-017,-1.,                    2369P   3386
0.749443667461656,1.39659253553725E-014,1.,                         2369P   3387
6.12323399573677E-017,0.749443667461869;                            2369P   3388
100,0.749443667,-15.25,0.,-14.,0.,-16.5,0.;                         2371P   3389
102,4,2351,2355,2361,2367;                                          2373P   3390
102,4,2353,2359,2365,2371;                                          2375P   3391
142,1,2349,2373,2375,1;                                             2377P   3392
144,2349,1,0,2377;                                                  2379P   3393
314,50.1960784313725,100.,0.,;                                      2381P   3394
110,0.,20.4,5.5,0.,-979.6,5.5;                                      2383P   3395
110,0.,32.4,1.5,0.,20.4,1.5;                                        2385P   3396
120,2383,2385,0.,6.28318530717959;                                  2387P   3397
126,1,1,1,0,1,0,0.,0.,1.,1.,1.,1.,0.,0.,0.,0.,3.141592654,0.,       2389P   3398
0.,1.,0.,0.,1.;                                                     2389P   3399
124,1.40271576953299E-014,1.,-5.44075209289394E-033,-32.4,          2391P   3400
-6.12323399573677E-017,8.53474936543152E-031,-1.,37.9,-1.,          2391P   3401
1.40271576953299E-014,6.12323399573677E-017,5.49999999999954;       2391P   3402
100,5.5,0.,32.4,4.,32.4,-4.,32.4;                                   2393P   3403
126,1,1,1,0,1,0,0.,0.,1.,1.,1.,1.,0.,3.141592654,0.,1.,             2395P   3404
3.141592654,0.,0.,1.,0.,0.,1.;                                      2395P   3405
110,0.,32.4,9.5,0.,20.4,9.5;                                        2397P   3406
126,1,1,1,0,1,0,0.,0.,1.,1.,1.,1.,1.,3.141592654,0.,1.,0.,0.,       2399P   3407
0.,1.,0.,0.,1.;                                                     2399P   3408
124,1.40271576953299E-014,1.,5.44075209289394E-033,-20.4,           2401P   3409
-6.12323399573677E-017,8.53474936543152E-031,1.,14.9,1.,            2401P   3410
-1.40271576953299E-014,6.12323399573677E-017,5.50000000000028;      2401P   3411
100,5.5,0.,20.4,4.,20.4,-4.,20.4;                                   2403P   3412
126,1,1,1,0,1,0,0.,0.,1.,1.,1.,1.,1.,0.,0.,0.,0.,0.,0.,1.,0.,       2405P   3413
0.,1.;                                                              2405P   3414
110,0.,20.4,1.5,0.,32.4,1.5;                                        2407P   3415
102,4,2389,2395,2399,2405;                                          2409P   3416
102,4,2393,2397,2403,2407;                                          2411P   3417
142,1,2387,2409,2411,1;                                             2413P   3418
144,2387,1,0,2413;                                                  2415P   3419
314,50.1960784313725,100.,0.,;                                      2417P   3420
128,1,1,1,1,0,0,1,0,0,0.,0.,1.,1.,0.,0.,1.,1.,1.,1.,1.,1.,          2419P   3421
-4.048,32.4,1.452,-4.048,32.4,9.548,4.048,32.4,1.452,4.048,         2419P   3422
32.4,9.548,0.,1.,0.,1.;                                             2419P   3423
126,32,2,1,0,1,0,0.,0.,0.,0.0625,0.0625,0.125,0.125,0.1875,         2421P   3424
0.1875,0.25,0.25,0.3125,0.3125,0.375,0.375,0.4375,0.4375,0.5,       2421P   3425
0.5,0.5625,0.5625,0.625,0.625,0.6875,0.6875,0.75,0.75,0.8125,       2421P   3426
0.8125,0.875,0.875,0.9375,0.9375,1.,1.,1.,1.,1.,1.,1.,1.,1.,1.,     2421P   3427
1.,1.,1.,1.,1.,1.,1.,1.,1.,1.,1.,1.,1.,1.,1.,1.,1.,1.,1.,1.,1.,     2421P   3428
1.,1.,1.,1.,1.,0.994071146,0.5,0.,0.994071146,0.548661761,0.,       2421P   3429
0.984577708,0.596388499,0.,0.975084269,0.644115237,0.,              2421P   3430
0.95646222,0.689072842,0.,0.93784017,0.734030447,0.,                2421P   3431
0.910805144,0.774491222,0.,0.883770119,0.814951997,0.,              2421P   3432
0.849361058,0.849361058,0.,0.814951997,0.883770119,0.,              2421P   3433
0.774491222,0.910805144,0.,0.734030447,0.93784017,0.,               2421P   3434
0.689072842,0.95646222,0.,0.644115237,0.975084269,0.,               2421P   3435
0.596388499,0.984577708,0.,0.548661761,0.994071146,0.,0.5,          2421P   3436
0.994071146,0.,0.451338239,0.994071146,0.,0.403611501,              2421P   3437
0.984577708,0.,0.355884763,0.975084269,0.,0.310927158,              2421P   3438
0.95646222,0.,0.265969553,0.93784017,0.,0.225508778,                2421P   3439
0.910805144,0.,0.185048003,0.883770119,0.,0.150638942,              2421P   3440
0.849361058,0.,0.116229881,0.814951997,0.,0.089194856,              2421P   3441
0.774491222,0.,0.06215983,0.734030447,0.,0.04353778,                2421P   3442
0.689072842,0.,0.024915731,0.644115237,0.,0.015422292,              2421P   3443
0.596388499,0.,0.005928854,0.548661761,0.,0.005928854,0.5,0.,       2421P   3444
0.,1.,0.,0.,-1.;                                                    2421P   3445
124,1.40271576953299E-014,1.,5.44075209289394E-033,-32.4,           2423P   3446
-6.12323399573677E-017,8.53474936543152E-031,1.,26.9,1.,            2423P   3447
-1.40271576953299E-014,6.12323399573677E-017,5.50000000000045;      2423P   3448
100,5.5,0.,32.4,4.,32.4,-4.,32.4;                                   2425P   3449
126,32,2,1,0,1,0,0.,0.,0.,0.0625,0.0625,0.125,0.125,0.1875,         2427P   3450
0.1875,0.25,0.25,0.3125,0.3125,0.375,0.375,0.4375,0.4375,0.5,       2427P   3451
0.5,0.5625,0.5625,0.625,0.625,0.6875,0.6875,0.75,0.75,0.8125,       2427P   3452
0.8125,0.875,0.875,0.9375,0.9375,1.,1.,1.,1.,1.,1.,1.,1.,1.,1.,     2427P   3453
1.,1.,1.,1.,1.,1.,1.,1.,1.,1.,1.,1.,1.,1.,1.,1.,1.,1.,1.,1.,1.,     2427P   3454
1.,1.,1.,1.,1.,0.005928854,0.5,0.,0.005928854,0.451338239,0.,       2427P   3455
0.015422292,0.403611501,0.,0.024915731,0.355884763,0.,              2427P   3456
0.04353778,0.310927158,0.,0.06215983,0.265969553,0.,                2427P   3457
0.089194856,0.225508778,0.,0.116229881,0.185048003,0.,              2427P   3458
0.150638942,0.150638942,0.,0.185048003,0.116229881,0.,              2427P   3459
0.225508778,0.089194856,0.,0.265969553,0.06215983,0.,               2427P   3460
0.310927158,0.04353778,0.,0.355884763,0.024915731,0.,               2427P   3461
0.403611501,0.015422292,0.,0.451338239,0.005928854,0.,0.5,          2427P   3462
0.005928854,0.,0.548661761,0.005928854,0.,0.596388499,              2427P   3463
0.015422292,0.,0.644115237,0.024915731,0.,0.689072842,              2427P   3464
0.04353778,0.,0.734030447,0.06215983,0.,0.774491222,                2427P   3465
0.089194856,0.,0.814951997,0.116229881,0.,0.849361058,              2427P   3466
0.150638942,0.,0.883770119,0.185048003,0.,0.910805144,              2427P   3467
0.225508778,0.,0.93784017,0.265969553,0.,0.95646222,                2427P   3468
0.310927158,0.,0.975084269,0.355884763,0.,0.984577708,              2427P   3469
0.403611501,0.,0.994071146,0.451338239,0.,0.994071146,0.5,0.,       2427P   3470
0.,1.,0.,0.,-1.;                                                    2427P   3471
124,6.12323399573677E-017,-1.,5.44075209289394E-033,32.4,           2429P   3472
6.12323399573677E-017,9.19015154954858E-033,1.,26.9,-1.,            2429P   3473
-6.12323399573677E-017,6.12323399573677E-017,5.5;                   2429P   3474
100,5.5,0.,32.4,4.,32.4,-4.,32.4;                                   2431P   3475
102,2,2421,2427;                                                    2433P   3476
102,2,2425,2431;                                                    2435P   3477
142,1,2419,2433,2435,1;                                             2437P   3478
144,2419,1,0,2437;                                                  2439P   3479
314,50.1960784313725,100.,0.,;                                      2441P   3480
110,0.,20.4,5.5,0.,-979.6,5.5;                                      2443P   3481
110,0.,32.4,1.5,0.,20.4,1.5;                                        2445P   3482
120,2443,2445,0.,6.28318530717959;                                  2447P   3483
126,1,1,1,0,1,0,0.,0.,1.,1.,1.,1.,1.,3.141592654,0.,0.,             2449P   3484
3.141592654,0.,0.,1.,0.,0.,1.;                                      2449P   3485
110,0.,20.4,9.5,0.,32.4,9.5;                                        2451P   3486
126,1,1,1,0,1,0,0.,0.,1.,1.,1.,1.,0.,3.141592654,0.,0.,             2453P   3487
6.283185307,0.,0.,1.,0.,0.,1.;                                      2453P   3488
124,6.12323399573677E-017,-1.,-5.44075209289394E-033,32.4,          2455P   3489
6.12323399573677E-017,9.19015154954858E-033,-1.,37.9,1.,            2455P   3490
6.12323399573677E-017,6.12323399573677E-017,5.5;                    2455P   3491
100,5.5,0.,32.4,4.,32.4,-4.,32.4;                                   2457P   3492
126,1,1,1,0,1,0,0.,0.,1.,1.,1.,1.,0.,6.283185307,0.,1.,             2459P   3493
6.283185307,0.,0.,1.,0.,0.,1.;                                      2459P   3494
110,0.,32.4,1.5,0.,20.4,1.5;                                        2461P   3495
126,1,1,1,0,1,0,0.,0.,1.,1.,1.,1.,1.,6.283185307,0.,1.,             2463P   3496
3.141592654,0.,0.,1.,0.,0.,1.;                                      2463P   3497
124,6.12323399573677E-017,-1.,5.44075209289394E-033,20.4,           2465P   3498
6.12323399573677E-017,9.19015154954858E-033,1.,14.9,-1.,            2465P   3499
-6.12323399573677E-017,6.12323399573677E-017,5.5;                   2465P   3500
100,5.5,0.,20.4,4.,20.4,-4.,20.4;                                   2467P   3501
102,4,2449,2453,2459,2463;                                          2469P   3502
102,4,2451,2457,2461,2467;                                          2471P   3503
142,1,2447,2469,2471,1;                                             2473P   3504
144,2447,1,0,2473;                                                  2475P   3505
314,100.,100.,0.,;                                                  2477P   3506
110,125.674196,59.81,6.591715109,125.674196,-940.19,                2479P   3507
6.591715109;                                                        2479P   3508
110,125.674196,59.81,13.926609597,125.674196,56.31,                 2481P   3509
13.926609597;                                                       2481P   3510
120,2479,2481,0.,6.28318530717959;                                  2483P   3511
126,1,1,1,0,1,0,0.,0.,1.,1.,1.,1.,0.,0.167810952,0.,1.,             2485P   3512
0.167810952,0.,0.,1.,0.,0.,1.;                                      2485P   3513
110,124.449089256,59.81,13.823574526,124.449089256,56.31,           2487P   3514
13.823574526;                                                       2487P   3515
126,1,1,1,0,1,0,0.,0.,1.,1.,1.,1.,1.,0.167810952,0.,1.,0.,0.,       2489P   3516
0.,1.,0.,0.,1.;                                                     2489P   3517
124,-0.167024453543839,0.985952753390538,3.59835392685585E-016,     2491P   3518
91.1458603678644,-2.7088434846965E-019,-3.65007994306307E-016,      2491P   3519
1.,49.7182848910467,0.985952753390538,0.167024453543839,            2491P   3520
6.12323399573677E-017,-126.722251446294;                            2491P   3521
100,6.591715109,125.674196,56.31,133.009090488,56.31,               2493P   3522
132.906055416,57.535106744;                                         2493P   3523
126,1,1,1,0,1,0,0.,0.,1.,1.,1.,1.,1.,0.,0.,0.,0.,0.,0.,1.,0.,       2495P   3524
0.,1.;                                                              2495P   3525
110,125.674196,56.31,13.926609597,125.674196,59.81,                 2497P   3526
13.926609597;                                                       2497P   3527
126,1,1,1,0,1,0,0.,0.,1.,1.,1.,1.,0.,0.,0.,0.,0.167810952,0.,       2499P   3528
0.,1.,0.,0.,1.;                                                     2499P   3529
124,-2.9860305272822E-016,-1.,-3.59835392685585E-016,               2501P   3530
185.484195999849,-7.04419501764363E-015,3.59835392685587E-016,      2501P   3531
-1.,66.4017151089541,1.,-2.98603052728217E-016,                     2501P   3532
-7.04419501764363E-015,-119.082480890896;                           2501P   3533
100,6.591715109,125.674196,59.81,133.009090488,59.81,               2503P   3534
132.906055416,61.035106744;                                         2503P   3535
102,4,2485,2489,2495,2499;                                          2505P   3536
102,4,2487,2493,2497,2503;                                          2507P   3537
142,1,2483,2505,2507,1;                                             2509P   3538
144,2483,1,0,2509;                                                  2511P   3539
314,100.,100.,0.,;                                                  2513P   3540
110,145.38577256,59.81,-1.500750639,145.38577256,-940.19,           2515P   3541
-1.500750639;                                                       2515P   3542
110,145.38577256,59.81,32.256476335,145.38577256,56.31,             2517P   3543
32.256476335;                                                       2517P   3544
120,2515,2517,0.,6.28318530717959;                                  2519P   3545
126,1,1,1,0,1,0,0.,0.,1.,1.,1.,1.,0.,6.208702106,0.,0.,             2521P   3546
6.283185307,0.,0.,1.,0.,0.,1.;                                      2521P   3547
124,0.0744143509201278,-0.997227408556913,                          2523P   3548
-3.59835392685585E-016,194.211155967794,-7.05144125999907E-015,     2523P   3549
-1.65351483837844E-016,-1.,58.3092493607198,0.997227408556913,      2523P   3550
0.0744143509201278,-7.04419501764363E-015,-150.934150178952;        2523P   3551
100,-1.500750639,145.38577256,59.81,179.142999535,59.81,            2525P   3552
179.049404536,62.322022134;                                         2525P   3553
126,1,1,1,0,1,0,0.,0.,1.,1.,1.,1.,0.,6.283185307,0.,1.,             2527P   3554
6.283185307,0.,0.,1.,0.,0.,1.;                                      2527P   3555
110,145.38577256,59.81,32.256476335,145.38577256,56.31,             2529P   3556
32.256476335;                                                       2529P   3557
126,1,1,1,0,1,0,0.,0.,1.,1.,1.,1.,1.,6.283185307,0.,1.,             2531P   3558
6.208702106,0.,0.,1.,0.,0.,1.;                                      2531P   3559
124,1.43869930880155E-014,1.,3.59835392685585E-016,                 2533P   3560
89.0757725600827,-6.12323399573728E-017,-3.59835392685584E-016,     2533P   3561
1.,57.8107506392811,1.,-1.43869930880155E-014,                      2533P   3562
6.12323399573677E-017,-146.886523199365;                            2533P   3563
100,-1.500750639,145.38577256,56.31,179.142999535,56.31,            2535P   3564
179.049404536,58.822022134;                                         2535P   3565
126,1,1,1,0,1,0,0.,0.,1.,1.,1.,1.,1.,6.208702106,0.,0.,             2537P   3566
6.208702106,0.,0.,1.,0.,0.,1.;                                      2537P   3567
110,147.897794694,56.31,32.162881337,147.897794694,59.81,           2539P   3568
32.162881337;                                                       2539P   3569
102,4,2521,2527,2531,2537;                                          2541P   3570
102,4,2525,2529,2535,2539;                                          2543P   3571
142,1,2519,2541,2543,1;                                             2545P   3572
144,2519,1,0,2545;                                                  2547P   3573
128,1,1,1,1,0,0,1,0,0,0.,0.,1.,1.,0.,0.,1.,1.,1.,1.,1.,1.,          2549P   3574
-12.583036042,35.1,31.,-12.583036042,31.1,31.,-12.583036042,        2549P   3575
35.1,22.753628227,-12.583036042,31.1,22.753628227,0.,1.,0.,1.;      2549P   3576
126,1,1,1,0,1,0,0.,0.,1.,1.,1.,1.,1.,0.,0.,1.,1.,0.,0.,1.,0.,       2551P   3577
0.,1.;                                                              2551P   3578
110,-12.583036042,31.1,31.,-12.583036042,31.1,22.753628227;         2553P   3579
126,1,1,1,0,1,0,0.,0.,1.,1.,1.,1.,1.,1.,0.,0.,1.,0.,0.,1.,0.,       2555P   3580
0.,1.;                                                              2555P   3581
110,-12.583036042,31.1,22.753628227,-12.583036042,35.1,             2557P   3582
22.753628227;                                                       2557P   3583
126,1,1,1,0,1,0,0.,0.,1.,1.,1.,1.,0.,1.,0.,0.,0.,0.,0.,1.,0.,       2559P   3584
0.,1.;                                                              2559P   3585
110,-12.583036042,35.1,22.753628227,-12.583036042,35.1,31.;         2561P   3586
126,1,1,1,0,1,0,0.,0.,1.,1.,1.,1.,0.,0.,0.,1.,0.,0.,0.,1.,0.,       2563P   3587
0.,1.;                                                              2563P   3588
110,-12.583036042,35.1,31.,-12.583036042,31.1,31.;                  2565P   3589
102,4,2551,2555,2559,2563;                                          2567P   3590
102,4,2553,2557,2561,2565;                                          2569P   3591
142,1,2549,2567,2569,1;                                             2571P   3592
144,2549,1,0,2571;                                                  2573P   3593
128,1,1,1,1,0,0,1,0,0,0.,0.,1.,1.,0.,0.,1.,1.,1.,1.,1.,1.,          2575P   3594
12.416963958,31.1,7.,12.416963958,35.1,7.,4.914047876,31.1,7.,      2575P   3595
4.914047876,35.1,7.,0.,1.,0.,1.;                                    2575P   3596
126,1,1,1,0,1,0,0.,0.,1.,1.,1.,1.,1.,0.,0.,1.,1.,0.,0.,1.,0.,       2577P   3597
0.,1.;                                                              2577P   3598
110,12.416963958,35.1,7.,4.914047876,35.1,7.;                       2579P   3599
126,1,1,1,0,1,0,0.,0.,1.,1.,1.,1.,1.,1.,0.,0.,1.,0.,0.,1.,0.,       2581P   3600
0.,1.;                                                              2581P   3601
110,4.914047876,35.1,7.,4.914047876,31.1,7.;                        2583P   3602
126,1,1,1,0,1,0,0.,0.,1.,1.,1.,1.,0.,1.,0.,0.,0.,0.,0.,1.,0.,       2585P   3603
0.,1.;                                                              2585P   3604
110,4.914047876,31.1,7.,12.416963958,31.1,7.;                       2587P   3605
126,1,1,1,0,1,0,0.,0.,1.,1.,1.,1.,0.,0.,0.,1.,0.,0.,0.,1.,0.,       2589P   3606
0.,1.;                                                              2589P   3607
110,12.416963958,31.1,7.,12.416963958,35.1,7.;                      2591P   3608
102,4,2577,2581,2585,2589;                                          2593P   3609
102,4,2579,2583,2587,2591;                                          2595P   3610
142,1,2575,2593,2595,1;                                             2597P   3611
144,2575,1,0,2597;                                                  2599P   3612
128,1,1,1,1,0,0,1,0,0,0.,0.,1.,1.,0.,0.,1.,1.,1.,1.,1.,1.,          2601P   3613
12.416963958,35.096796564,31.,33.630167394,56.31,31.,               2601P   3614
12.416963958,35.096796564,10.961563539,33.630167394,56.31,          2601P   3615
10.961563539,0.,1.,0.,1.;                                           2601P   3616
126,1,1,1,0,1,0,0.,0.,1.,1.,1.,1.,1.,1.,0.,7.5506E-005,1.,0.,       2603P   3617
0.,1.,0.,0.,1.;                                                     2603P   3618
110,33.630167394,56.31,10.961563539,12.418565676,35.098398282,      2605P   3619
10.961563539;                                                       2605P   3620
126,1,1,1,0,1,0,0.,0.,1.,1.,1.,1.,0.,1.,0.,0.,0.,0.,0.,1.,0.,       2607P   3621
0.,1.;                                                              2607P   3622
110,12.416963958,35.096796564,10.961563539,12.416963958,            2609P   3623
35.096796564,31.;                                                   2609P   3624
126,1,1,1,0,1,0,0.,0.,1.,1.,1.,1.,0.,0.,0.,1.,0.,0.,0.,1.,0.,       2611P   3625
0.,1.;                                                              2611P   3626
110,12.416963958,35.096796564,31.,33.630167394,56.31,31.;           2613P   3627
126,1,1,1,0,1,0,0.,0.,1.,1.,1.,1.,1.,0.,0.,1.,1.,0.,0.,1.,0.,       2615P   3628
0.,1.;                                                              2615P   3629
110,33.630167394,56.31,31.,33.630167394,56.31,10.961563539;         2617P   3630
102,4,2603,2607,2611,2615;                                          2619P   3631
102,4,2605,2609,2613,2617;                                          2621P   3632
142,1,2601,2619,2621,1;                                             2623P   3633
144,2601,1,0,2623;                                                  2625P   3634
314,100.,100.,0.,;                                                  2627P   3635
110,146.754699221,59.81,-14.728362089,146.754699221,-940.19,        2629P   3636
-14.728362089;                                                      2629P   3637
110,146.754699221,59.81,32.289464728,146.754699221,56.31,           2631P   3638
32.289464728;                                                       2631P   3639
120,2629,2631,0.,6.28318530717959;                                  2633P   3640
126,1,1,1,0,1,0,0.,0.,1.,1.,1.,1.,1.,0.398293869,0.,1.,             2635P   3641
0.16688344,0.,0.,1.,0.,0.,1.;                                       2635P   3642
124,-0.387846325166532,0.921724052010588,3.59835392685585E-016,     2637P   3643
151.770688645742,8.31215142183651E-017,-3.55417674236791E-016,      2637P   3644
1.,71.0383620885396,0.921724052010588,0.387846325166532,            2637P   3645
6.12323399573677E-017,-171.835324676026;                            2637P   3646
100,-14.728362089,146.754699221,56.31,193.772526037,56.31,          2639P   3647
192.519213238,67.093565983;                                         2639P   3648
126,1,1,1,0,1,0,0.,0.,1.,1.,1.,1.,1.,0.16688344,0.,0.,              2641P   3649
0.16688344,0.,0.,1.,0.,0.,1.;                                       2641P   3650
110,138.944572769,56.31,31.636257649,138.944572769,59.81,           2643P   3651
31.636257649;                                                       2643P   3652
126,1,1,1,0,1,0,0.,0.,1.,1.,1.,1.,0.,0.16688344,0.,0.,              2645P   3653
0.398293869,0.,0.,1.,0.,0.,1.;                                      2645P   3654
124,-0.166109898745946,-0.986107246468969,                          2647P   3655
-3.59835392685585E-016,230.111181860127,-6.88655953179478E-015,     2647P   3656
1.52494680939074E-015,-1.,45.0816379114613,0.986107246468969,       2647P   3657
-0.166109898745946,-7.04419501764363E-015,-149.509201399515;        2647P   3658
100,-14.728362089,146.754699221,59.81,193.772526037,59.81,          2649P   3659
192.519213238,70.593565983;                                         2649P   3660
126,1,1,1,0,1,0,0.,0.,1.,1.,1.,1.,0.,0.398293869,0.,1.,             2651P   3661
0.398293869,0.,0.,1.,0.,0.,1.;                                      2651P   3662
110,128.519007873,59.81,28.609099762,128.519007873,56.31,           2653P   3663
28.609099762;                                                       2653P   3664
102,4,2635,2641,2645,2651;                                          2655P   3665
102,4,2639,2643,2649,2653;                                          2657P   3666
142,1,2633,2655,2657,1;                                             2659P   3667
144,2633,1,0,2659;                                                  2661P   3668
314,100.,100.,0.,;                                                  2663P   3669
110,145.38577256,59.81,-1.500750639,145.38577256,-940.19,           2665P   3670
-1.500750639;                                                       2665P   3671
110,145.38577256,59.81,32.256476335,145.38577256,56.31,             2667P   3672
32.256476335;                                                       2667P   3673
120,2665,2667,0.,6.28318530717959;                                  2669P   3674
126,1,1,1,0,1,0,0.,0.,1.,1.,1.,1.,1.,0.,0.,0.,0.,0.,0.,1.,0.,       2671P   3675
0.,1.;                                                              2671P   3676
110,145.38577256,56.31,32.256476335,145.38577256,59.81,             2673P   3677
32.256476335;                                                       2673P   3678
126,1,1,1,0,1,0,0.,0.,1.,1.,1.,1.,0.,0.,0.,0.,0.191986738,0.,       2675P   3679
0.,1.,0.,0.,1.;                                                     2675P   3680
124,-2.9860305272822E-016,-1.,-3.59835392685585E-016,               2677P   3681
205.195772560085,-7.04419501764363E-015,3.59835392685587E-016,      2677P   3682
-1.,58.3092493607198,1.,-2.98603052728217E-016,                     2677P   3683
-7.04419501764363E-015,-146.886523199366;                           2677P   3684
100,-1.500750639,145.38577256,59.81,179.142999535,59.81,            2679P   3685
178.522780848,66.251199791;                                         2679P   3686
126,1,1,1,0,1,0,0.,0.,1.,1.,1.,1.,0.,0.191986738,0.,1.,             2681P   3687
0.191986738,0.,0.,1.,0.,0.,1.;                                      2681P   3688
110,138.944572769,59.81,31.636257649,138.944572769,56.31,           2683P   3689
31.636257649;                                                       2683P   3690
126,1,1,1,0,1,0,0.,0.,1.,1.,1.,1.,1.,0.191986738,0.,1.,0.,0.,       2685P   3691
0.,1.,0.,0.,1.;                                                     2685P   3692
124,-0.190809505648173,0.98162708426077,3.59835392685585E-016,      2687P   3693
117.851338835828,8.55269005823769E-018,-3.64907879852726E-016,      2687P   3694
1.,57.8107506392811,0.98162708426077,0.190809505648173,             2687P   3695
6.12323399573677E-017,-154.959845913485;                            2687P   3696
100,-1.500750639,145.38577256,56.31,179.142999535,56.31,            2689P   3697
178.522780848,62.751199791;                                         2689P   3698
102,4,2671,2675,2681,2685;                                          2691P   3699
102,4,2673,2679,2683,2689;                                          2693P   3700
142,1,2669,2691,2693,1;                                             2695P   3701
144,2669,1,0,2695;                                                  2697P   3702
314,100.,100.,0.,;                                                  2699P   3703
110,144.683427924,59.81,0.768190585,144.683427924,-940.19,          2701P   3704
0.768190585;                                                        2701P   3705
110,144.683427924,59.81,32.327004903,144.683427924,56.31,           2703P   3706
32.327004903;                                                       2703P   3707
120,2701,2703,0.,6.28318530717959;                                  2705P   3708
126,1,1,1,0,1,0,0.,0.,1.,1.,1.,1.,1.,6.181155157,0.,1.,             2707P   3709
5.766670524,0.,0.,1.,0.,0.,1.;                                      2707P   3710
124,0.101853217224552,0.99479943814872,3.59835392685585E-016,       2709P   3711
73.9297989489309,-9.75642898024076E-017,-3.51727335646798E-016,     2709P   3712
1.,55.5418094148912,0.99479943814872,-0.101853217224552,            2709P   3713
6.12323399573677E-017,-137.427447561448;                            2709P   3714
100,0.768190585,144.683427924,56.31,176.242242242,56.31,            2711P   3715
173.569967756,69.019310668;                                         2711P   3716
126,1,1,1,0,1,0,0.,0.,1.,1.,1.,1.,1.,5.766670524,0.,0.,             2713P   3717
5.766670524,0.,0.,1.,0.,0.,1.;                                      2713P   3718
110,160.268830053,56.31,28.21002,160.268830053,59.81,28.21002;      2715P   3719
126,1,1,1,0,1,0,0.,0.,1.,1.,1.,1.,0.,5.766670524,0.,0.,             2717P   3720
6.181155157,0.,0.,1.,0.,0.,1.;                                      2717P   3721
124,0.493852588117261,-0.869545640670967,                           2719P   3722
-3.59835392685585E-016,125.238667354711,-6.30295470960214E-015,     2719P   3723
-3.16590064359715E-015,-1.,60.5781905851099,0.869545640670967,      2719P   3724
0.493852588117261,-7.04419501764363E-015,-154.577976739045;         2719P   3725
100,0.768190585,144.683427924,59.81,176.242242242,59.81,            2721P   3726
173.569967756,72.519310668;                                         2721P   3727
126,1,1,1,0,1,0,0.,0.,1.,1.,1.,1.,0.,6.181155157,0.,1.,             2723P   3728
6.181155157,0.,0.,1.,0.,0.,1.;                                      2723P   3729
110,147.897794694,59.81,32.162881337,147.897794694,56.31,           2725P   3730
32.162881337;                                                       2725P   3731
102,4,2707,2713,2717,2723;                                          2727P   3732
102,4,2711,2715,2721,2725;                                          2729P   3733
142,1,2705,2727,2729,1;                                             2731P   3734
144,2705,1,0,2731;                                                  2733P   3735
314,100.,100.,0.,;                                                  2735P   3736
110,156.658826654,59.81,19.647044139,156.658826654,-940.19,         2737P   3737
19.647044139;                                                       2737P   3738
110,156.658826654,59.81,28.93987364,156.658826654,56.31,            2739P   3739
28.93987364;                                                        2739P   3740
120,2737,2739,0.,6.28318530717959;                                  2741P   3741
126,1,1,1,0,1,0,0.,0.,1.,1.,1.,1.,1.,5.88421261,0.,1.,              2743P   3742
5.044295968,0.,0.,1.,0.,0.,1.;                                      2743P   3743
124,0.388471928643999,0.921460558383055,3.59835392685585E-016,      2745P   3744
43.9138260822677,-1.96209135159157E-016,-3.07787076671421E-016,     2745P   3745
1.,36.6629558605998,0.921460558383055,-0.388471928643999,           2745P   3746
6.12323399573677E-017,-102.833031443191;                            2745P   3747
100,19.647044139,156.658826654,56.31,165.951656154,56.31,           2747P   3748
162.862021697,63.229324488;                                         2747P   3749
126,1,1,1,0,1,0,0.,0.,1.,1.,1.,1.,1.,5.044295968,0.,0.,             2749P   3750
5.044295968,0.,0.,1.,0.,0.,1.;                                      2749P   3751
110,165.444478403,56.31,22.675080379,165.444478403,59.81,           2751P   3752
22.675080379;                                                       2751P   3753
126,1,1,1,0,1,0,0.,0.,1.,1.,1.,1.,0.,5.044295968,0.,0.,             2753P   3754
5.88421261,0.,0.,1.,0.,0.,1.;                                       2753P   3755
124,0.945422677642643,-0.325846529211246,                           2755P   3756
-3.59835392685585E-016,28.0389001945634,-2.63552303804973E-015,     2755P   3757
-6.54249060162364E-015,-1.,79.457044139401,0.325846529211246,       2755P   3758
0.945422677642643,-7.04419501764363E-015,-87.9454211460263;         2755P   3759
100,19.647044139,156.658826654,59.81,165.951656154,59.81,           2757P   3760
162.862021697,66.729324488;                                         2757P   3761
126,1,1,1,0,1,0,0.,0.,1.,1.,1.,1.,0.,5.88421261,0.,1.,              2759P   3762
5.88421261,0.,0.,1.,0.,0.,1.;                                       2759P   3763
110,160.268830053,59.81,28.21002,160.268830053,56.31,28.21002;      2761P   3764
102,4,2743,2749,2753,2759;                                          2763P   3765
102,4,2747,2751,2757,2761;                                          2765P   3766
142,1,2741,2763,2765,1;                                             2767P   3767
144,2741,1,0,2767;                                                  2769P   3768
314,100.,100.,0.,;                                                  2771P   3769
110,158.758370343,59.81,20.981976612,158.758370343,-940.19,         2773P   3770
20.981976612;                                                       2773P   3771
110,158.758370343,59.81,27.879123947,158.758370343,56.31,           2775P   3772
27.879123947;                                                       2775P   3773
120,2773,2775,0.,6.28318530717959;                                  2777P   3774
126,1,1,1,0,1,0,0.,0.,1.,1.,1.,1.,1.,4.960402602,0.,1.,             2779P   3775
4.712165488,0.,0.,1.,0.,0.,1.;                                      2779P   3776
124,0.969401947759576,0.245478845687241,3.59835392685585E-016,      2781P   3777
-8.96521689128152,-3.63856374673701E-016,                           2781P   3778
-2.89732272133237E-017,1.,35.3280233876212,0.245478845687241,       2781P   3779
-0.969401947759576,6.12323399573677E-017,36.5971787956746;          2781P   3780
100,20.981976612,158.758370343,56.31,165.655517678,56.31,           2783P   3781
165.444099841,58.004598015;                                         2783P   3782
126,1,1,1,0,1,0,0.,0.,1.,1.,1.,1.,1.,4.712165488,0.,0.,             2785P   3783
4.712165488,0.,0.,1.,0.,0.,1.;                                      2785P   3784
110,165.655517505,56.31,20.980435156,165.655517505,59.81,           2787P   3785
20.980435156;                                                       2787P   3786
126,1,1,1,0,1,0,0.,0.,1.,1.,1.,1.,0.,4.712165488,0.,0.,             2789P   3787
4.960402602,0.,0.,1.,0.,0.,1.;                                      2789P   3788
124,0.999999975025679,0.00022349192809844,                          2791P   3789
-3.59835392685585E-016,-0.0133630873369971,                         2791P   3790
-3.58261062972546E-016,-7.04427526202535E-015,-1.,                  2791P   3791
80.7919766123793,-0.00022349192809844,0.999999975025679,            2791P   3792
-7.04419501764363E-015,-38.792540679617;                            2791P   3793
100,20.981976612,158.758370343,59.81,165.655517678,59.81,           2793P   3794
165.444099841,61.504598015;                                         2793P   3795
126,1,1,1,0,1,0,0.,0.,1.,1.,1.,1.,0.,4.960402602,0.,1.,             2795P   3796
4.960402602,0.,0.,1.,0.,0.,1.;                                      2795P   3797
110,165.444478403,59.81,22.675080379,165.444478403,56.31,           2797P   3798
22.675080379;                                                       2797P   3799
102,4,2779,2785,2789,2795;                                          2799P   3800
102,4,2783,2787,2793,2797;                                          2801P   3801
142,1,2777,2799,2801,1;                                             2803P   3802
144,2777,1,0,2803;                                                  2805P   3803
314,100.,100.,0.,;                                                  2807P   3804
110,158.761148593,59.81,20.979240313,158.761148593,-940.19,         2809P   3805
20.979240313;                                                       2809P   3806
110,158.761148593,59.81,27.873609329,158.761148593,56.31,           2811P   3807
27.873609329;                                                       2811P   3808
120,2809,2811,0.,6.28318530717959;                                  2813P   3809
126,1,1,1,0,1,0,0.,0.,1.,1.,1.,1.,1.,4.712562287,0.,1.,             2815P   3810
4.464325174,0.,0.,1.,0.,0.,1.;                                      2815P   3811
124,0.999999984982335,0.000173307039009609,                         2817P   3812
3.59835392685585E-016,-0.00975653514489377,                         2817P   3813
-3.59845999277227E-016,6.11699770313637E-017,1.,                    2817P   3814
35.3307596870625,0.000173307039009609,-0.999999984982335,           2817P   3815
6.12323399573677E-017,77.2617250427203;                             2817P   3816
100,20.979240313,158.761148593,56.31,165.655517609,56.31,           2819P   3817
165.444184936,58.003915395;                                         2819P   3818
126,1,1,1,0,1,0,0.,0.,1.,1.,1.,1.,1.,4.464325174,0.,0.,             2821P   3819
4.464325174,0.,0.,1.,0.,0.,1.;                                      2821P   3820
110,165.444478403,56.31,19.286483161,165.444478403,59.81,           2823P   3821
19.286483161;                                                       2823P   3822
126,1,1,1,0,1,0,0.,0.,1.,1.,1.,1.,0.,4.464325174,0.,0.,             2825P   3823
4.712562287,0.,0.,1.,0.,0.,1.;                                      2825P   3824
124,0.969389627210072,0.245527494707857,-3.59835392685585E-016,     2827P   3825
-9.82526151549264,1.38072285774314E-015,-6.91691906462192E-015,     2827P   3826
-1.,80.7892403129377,-0.245527494707857,0.969389627210072,          2827P   3827
-7.04419501764363E-015,1.98027378044786;                            2827P   3828
100,20.979240313,158.761148593,59.81,165.655517609,59.81,           2829P   3829
165.444184936,61.503915395;                                         2829P   3830
126,1,1,1,0,1,0,0.,0.,1.,1.,1.,1.,0.,4.712562287,0.,1.,             2831P   3831
4.712562287,0.,0.,1.,0.,0.,1.;                                      2831P   3832
110,165.655517505,59.81,20.980435156,165.655517505,56.31,           2833P   3833
20.980435156;                                                       2833P   3834
102,4,2815,2821,2825,2831;                                          2835P   3835
102,4,2819,2823,2829,2833;                                          2837P   3836
142,1,2813,2835,2837,1;                                             2839P   3837
144,2813,1,0,2839;                                                  2841P   3838
314,100.,100.,0.,;                                                  2843P   3839
110,156.658826654,59.81,22.3145194,156.658826654,-940.19,           2845P   3840
22.3145194;                                                         2845P   3841
110,156.658826654,59.81,31.6073489,156.658826654,56.31,             2847P   3842
31.6073489;                                                         2847P   3843
120,2845,2847,0.,6.28318530717959;                                  2849P   3844
126,1,1,1,0,1,0,0.,0.,1.,1.,1.,1.,1.,4.380481993,0.,1.,             2851P   3845
3.540565351,0.,0.,1.,0.,0.,1.;                                      2851P   3846
124,0.945422677642599,-0.325846529211374,3.59835392685585E-016,     2853P   3847
26.8984373423382,-3.20244195012782E-016,1.75141556594826E-016,      2853P   3848
1.,33.9954806000077,-0.325846529211374,-0.945422677642599,          2853P   3849
6.12323399573677E-017,126.598005313688;                             2853P   3850
100,22.3145194,156.658826654,56.31,165.951656154,56.31,             2855P   3851
162.862021697,63.229324488;                                         2855P   3852
126,1,1,1,0,1,0,0.,0.,1.,1.,1.,1.,1.,3.540565351,0.,0.,             2857P   3853
3.540565351,0.,0.,1.,0.,0.,1.;                                      2857P   3854
110,160.268830053,56.31,13.75154354,160.268830053,59.81,            2859P   3855
13.75154354;                                                        2859P   3856
126,1,1,1,0,1,0,0.,0.,1.,1.,1.,1.,0.,3.540565351,0.,0.,             2861P   3857
4.380481993,0.,0.,1.,0.,0.,1.;                                      2861P   3858
124,0.388471928645138,0.921460558382575,-3.59835392685585E-016,     2863P   3859
40.6887141277782,6.35116192532231E-015,-3.06804614612637E-015,      2863P   3860
-1.,82.1245193999914,-0.921460558382575,0.388471928645138,          2863P   3861
-7.04419501764363E-015,143.434943232188;                            2863P   3862
100,22.3145194,156.658826654,59.81,165.951656154,59.81,             2865P   3863
162.862021697,66.729324488;                                         2865P   3864
126,1,1,1,0,1,0,0.,0.,1.,1.,1.,1.,0.,4.380481993,0.,1.,             2867P   3865
4.380481993,0.,0.,1.,0.,0.,1.;                                      2867P   3866
110,165.444478403,59.81,19.286483161,165.444478403,56.31,           2869P   3867
19.286483161;                                                       2869P   3868
102,4,2851,2857,2861,2867;                                          2871P   3869
102,4,2855,2859,2865,2869;                                          2873P   3870
142,1,2849,2871,2873,1;                                             2875P   3871
144,2849,1,0,2875;                                                  2877P   3872
314,100.,100.,0.,;                                                  2879P   3873
110,144.683427924,59.81,41.193372954,144.683427924,-940.19,         2881P   3874
41.193372954;                                                       2881P   3875
110,144.683427924,59.81,72.752187272,144.683427924,56.31,           2883P   3876
72.752187272;                                                       2883P   3877
120,2881,2883,0.,6.28318530717959;                                  2885P   3878
126,1,1,1,0,1,0,0.,0.,1.,1.,1.,1.,1.,3.658107437,0.,1.,             2887P   3879
3.243622804,0.,0.,1.,0.,0.,1.;                                      2887P   3880
124,0.493852588117646,-0.869545640670749,3.59835392685585E-016,     2889P   3881
122.195257612294,-1.24461325696107E-016,3.43133046633243E-016,      2889P   3882
1.,15.1166270457177,-0.869545640670749,-0.493852588117646,          2889P   3883
6.12323399573677E-017,194.811056220015;                             2889P   3884
100,41.193372954,144.683427924,56.31,176.242242242,56.31,           2891P   3885
173.569967756,69.019310668;                                         2891P   3886
126,1,1,1,0,1,0,0.,0.,1.,1.,1.,1.,1.,3.243622804,0.,0.,             2893P   3887
3.243622804,0.,0.,1.,0.,0.,1.;                                      2893P   3888
110,147.897794694,56.31,9.798682203,147.897794694,59.81,            2895P   3889
9.798682203;                                                        2895P   3890
126,1,1,1,0,1,0,0.,0.,1.,1.,1.,1.,0.,3.243622804,0.,0.,             2897P   3891
3.658107437,0.,0.,1.,0.,0.,1.;                                      2897P   3892
124,0.101853217223483,0.994799438148829,-3.59835392685585E-016,     2899P   3893
70.4480009155581,6.97091085334677E-015,-1.07543797176632E-015,      2899P   3894
-1.,101.003372954281,-0.994799438148829,0.101853217223483,          2899P   3895
-7.04419501764363E-015,179.032524840632;                            2899P   3896
100,41.193372954,144.683427924,59.81,176.242242242,59.81,           2901P   3897
173.569967756,72.519310668;                                         2901P   3898
126,1,1,1,0,1,0,0.,0.,1.,1.,1.,1.,0.,3.658107437,0.,1.,             2903P   3899
3.658107437,0.,0.,1.,0.,0.,1.;                                      2903P   3900
110,160.268830053,59.81,13.75154354,160.268830053,56.31,            2905P   3901
13.75154354;                                                        2905P   3902
102,4,2887,2893,2897,2903;                                          2907P   3903
102,4,2891,2895,2901,2905;                                          2909P   3904
142,1,2885,2907,2909,1;                                             2911P   3905
144,2885,1,0,2911;                                                  2913P   3906
314,100.,100.,0.,;                                                  2915P   3907
110,145.38577256,59.81,43.462314179,145.38577256,-940.19,           2917P   3908
43.462314179;                                                       2917P   3909
110,145.38577256,59.81,77.219541153,145.38577256,56.31,             2919P   3910
77.219541153;                                                       2919P   3911
120,2917,2919,0.,6.28318530717959;                                  2921P   3912
126,1,1,1,0,1,0,0.,0.,1.,1.,1.,1.,1.,3.216075854,0.,1.,             2923P   3913
2.949605916,0.,0.,1.,0.,0.,1.;                                      2923P   3914
124,0.074414350918878,-0.997227408557006,3.59835392685585E-016,     2925P   3915
190.720860038039,3.428565051123E-017,3.6339428098811E-016,1.,       2925P   3916
12.8476858213286,-0.997227408557006,-0.074414350918878,             2925P   3917
6.12323399573677E-017,192.635263490073;                             2925P   3918
100,43.462314179,145.38577256,56.31,179.142999535,56.31,            2927P   3919
177.951587761,65.199209939;                                         2927P   3920
126,1,1,1,0,1,0,0.,0.,1.,1.,1.,1.,1.,2.949605916,0.,0.,             2929P   3921
2.949605916,0.,0.,1.,0.,0.,1.;                                      2929P   3922
110,138.944572769,56.31,10.325305891,138.944572769,59.81,           2931P   3923
10.325305891;                                                       2931P   3924
126,1,1,1,0,1,0,0.,0.,1.,1.,1.,1.,0.,2.949605916,0.,0.,             2933P   3925
3.216075854,0.,0.,1.,0.,0.,1.;                                      2933P   3926
124,-0.190809505647559,0.981627084260889,                           2935P   3927
-3.59835392685585E-016,114.415644040829,6.98343262952743E-015,      2935P   3928
9.90875201665761E-016,-1.,103.27231417867,-0.981627084260889,       2935P   3929
-0.190809505647559,-7.04419501764363E-015,197.589242722633;         2935P   3930
100,43.462314179,145.38577256,59.81,179.142999535,59.81,            2937P   3931
177.951587761,68.699209939;                                         2937P   3932
126,1,1,1,0,1,0,0.,0.,1.,1.,1.,1.,0.,3.216075854,0.,1.,             2939P   3933
3.216075854,0.,0.,1.,0.,0.,1.;                                      2939P   3934
110,147.897794694,59.81,9.798682203,147.897794694,56.31,            2941P   3935
9.798682203;                                                        2941P   3936
102,4,2923,2929,2933,2939;                                          2943P   3937
102,4,2927,2931,2937,2941;                                          2945P   3938
142,1,2921,2943,2945,1;                                             2947P   3939
144,2921,1,0,2947;                                                  2949P   3940
314,100.,100.,0.,;                                                  2951P   3941
110,146.754699221,59.81,56.689925628,146.754699221,-940.19,         2953P   3942
56.689925628;                                                       2953P   3943
110,146.754699221,59.81,103.707752445,146.754699221,56.31,          2955P   3944
103.707752445;                                                      2955P   3945
120,2953,2955,0.,6.28318530717959;                                  2957P   3946
126,1,1,1,0,1,0,0.,0.,1.,1.,1.,1.,1.,2.974709213,0.,1.,             2959P   3947
2.743298785,0.,0.,1.,0.,0.,1.;                                      2959P   3948
124,-0.166109898745275,-0.986107246469082,                          2961P   3949
3.59835392685585E-016,226.659806497391,1.20153874794187E-016,       2961P   3950
3.44664990473048E-016,1.,-0.37992562793113,-0.986107246469082,      2961P   3951
0.166109898745275,6.12323399573677E-017,192.052149584569;           2961P   3952
100,56.689925628,146.754699221,56.31,193.772526037,56.31,           2963P   3953
192.519213238,67.093565983;                                         2963P   3954
126,1,1,1,0,1,0,0.,0.,1.,1.,1.,1.,1.,2.743298785,0.,0.,             2965P   3955
2.743298785,0.,0.,1.,0.,0.,1.;                                      2965P   3956
110,128.519007873,56.31,13.352463778,128.519007873,59.81,           2967P   3957
13.352463778;                                                       2967P   3958
126,1,1,1,0,1,0,0.,0.,1.,1.,1.,1.,0.,2.743298785,0.,0.,             2969P   3959
2.974709213,0.,0.,1.,0.,0.,1.;                                      2969P   3960
124,-0.387846325166475,0.921724052010612,                           2971P   3961
-3.59835392685585E-016,148.544654463692,6.63236480953339E-015,      2971P   3962
2.40039621514609E-015,-1.,116.49992562793,-0.921724052010612,       2971P   3963
-0.387846325166475,-7.04419501764363E-015,215.154350353498;         2971P   3964
100,56.689925628,146.754699221,59.81,193.772526037,59.81,           2973P   3965
192.519213238,70.593565983;                                         2973P   3966
126,1,1,1,0,1,0,0.,0.,1.,1.,1.,1.,0.,2.974709213,0.,1.,             2975P   3967
2.974709213,0.,0.,1.,0.,0.,1.;                                      2975P   3968
110,138.944572769,59.81,10.325305891,138.944572769,56.31,           2977P   3969
10.325305891;                                                       2977P   3970
102,4,2959,2965,2969,2975;                                          2979P   3971
102,4,2963,2967,2973,2977;                                          2981P   3972
142,1,2957,2979,2981,1;                                             2983P   3973
144,2957,1,0,2983;                                                  2985P   3974
314,100.,100.,0.,;                                                  2987P   3975
110,125.674196,59.81,6.591715109,125.674196,-940.19,                2989P   3976
6.591715109;                                                        2989P   3977
110,125.674196,59.81,13.926609597,125.674196,56.31,                 2991P   3978
13.926609597;                                                       2991P   3979
120,2989,2991,0.,6.28318530717959;                                  2993P   3980
126,1,1,1,0,1,0,0.,0.,1.,1.,1.,1.,1.,6.283185307,0.,1.,             2995P   3981
5.884891439,0.,0.,1.,0.,0.,1.;                                      2995P   3982
124,1.43869930880155E-014,1.,3.59835392685585E-016,                 2997P   3983
69.3641959998476,-6.12323399573728E-017,-3.59835392685584E-016,     2997P   3984
1.,49.7182848910467,1.,-1.43869930880155E-014,                      2997P   3985
6.12323399573677E-017,-119.082480890895;                            2997P   3986
100,6.591715109,125.674196,56.31,133.009090488,56.31,               2999P   3987
132.434944669,59.154811873;                                         2999P   3988
126,1,1,1,0,1,0,0.,0.,1.,1.,1.,1.,1.,5.884891439,0.,0.,             3001P   3989
5.884891439,0.,0.,1.,0.,0.,1.;                                      3001P   3990
110,128.519007873,56.31,13.352463778,128.519007873,59.81,           3003P   3991
13.352463778;                                                       3003P   3992
126,1,1,1,0,1,0,0.,0.,1.,1.,1.,1.,0.,5.884891439,0.,0.,             3005P   3993
6.283185307,0.,0.,1.,0.,0.,1.;                                      3005P   3994
124,0.387846325166485,-0.921724052010608,                           3007P   3995
-3.59835392685585E-016,132.06023646381,-6.63236480953337E-015,      3007P   3996
-2.40039621514616E-015,-1.,66.4017151089542,0.921724052010608,      3007P   3997
0.387846325166485,-7.04419501764363E-015,-132.442302769411;         3007P   3998
100,6.591715109,125.674196,59.81,133.009090488,59.81,               3009P   3999
132.434944669,62.654811873;                                         3009P   4000
126,1,1,1,0,1,0,0.,0.,1.,1.,1.,1.,0.,6.283185307,0.,1.,             3011P   4001
6.283185307,0.,0.,1.,0.,0.,1.;                                      3011P   4002
110,125.674196,59.81,13.926609597,125.674196,56.31,                 3013P   4003
13.926609597;                                                       3013P   4004
102,4,2995,3001,3005,3011;                                          3015P   4005
102,4,2999,3003,3009,3013;                                          3017P   4006
142,1,2993,3015,3017,1;                                             3019P   4007
144,2993,1,0,3019;                                                  3021P   4008
314,100.,100.,0.,;                                                  3023P   4009
128,1,1,1,1,0,0,1,0,0,0.,0.,1.,1.,0.,0.,1.,1.,1.,1.,1.,1.,          3025P   4010
33.630167394,56.31,10.961563539,124.449089256,56.31,                3025P   4011
13.823574526,33.630167394,59.81,10.961563539,124.449089256,         3025P   4012
59.81,13.823574526,0.,1.,0.,1.;                                     3025P   4013
126,1,1,1,0,1,0,0.,0.,1.,1.,1.,1.,1.,0.,0.,1.,1.,0.,0.,1.,0.,       3027P   4014
0.,1.;                                                              3027P   4015
110,124.449089256,56.31,13.823574526,124.449089256,59.81,           3029P   4016
13.823574526;                                                       3029P   4017
126,1,1,1,0,1,0,0.,0.,1.,1.,1.,1.,1.,1.,0.,0.,1.,0.,0.,1.,0.,       3031P   4018
0.,1.;                                                              3031P   4019
110,124.449089256,59.81,13.823574526,33.630167394,59.81,            3033P   4020
10.961563539;                                                       3033P   4021
126,1,1,1,0,1,0,0.,0.,1.,1.,1.,1.,0.,1.,0.,0.,0.,0.,0.,1.,0.,       3035P   4022
0.,1.;                                                              3035P   4023
110,33.630167394,59.81,10.961563539,33.630167394,56.31,             3037P   4024
10.961563539;                                                       3037P   4025
126,1,1,1,0,1,0,0.,0.,1.,1.,1.,1.,0.,0.,0.,1.,0.,0.,0.,1.,0.,       3039P   4026
0.,1.;                                                              3039P   4027
110,33.630167394,56.31,10.961563539,124.449089256,56.31,            3041P   4028
13.823574526;                                                       3041P   4029
102,4,3027,3031,3035,3039;                                          3043P   4030
102,4,3029,3033,3037,3041;                                          3045P   4031
142,1,3025,3043,3045,1;                                             3047P   4032
144,3025,1,0,3047;                                                  3049P   4033
128,1,1,1,1,0,0,1,0,0,0.,0.,1.,1.,0.,0.,1.,1.,1.,1.,1.,1.,          3051P   4034
33.630167394,34.950128672,10.961563539,33.630167394,                3051P   4035
59.95826961,10.961563539,12.289684738,34.950128672,                 3051P   4036
10.961563539,12.289684738,59.95826961,10.961563539,0.,1.,0.,1.;     3051P   4037
126,1,1,1,0,1,0,0.,0.,1.,1.,1.,1.,0.005928854,0.99396073,0.,        3053P   4038
0.854116721,0.,0.,0.,1.,0.,0.,1.;                                   3053P   4039
110,12.418565676,35.098398282,10.961563539,33.630167394,56.31,      3055P   4040
10.961563539;                                                       3055P   4041
126,1,1,1,0,1,0,0.,0.,1.,1.,1.,1.,0.854116721,0.,0.,                3057P   4042
0.994071146,0.,0.,0.,1.,0.,0.,1.;                                   3057P   4043
110,33.630167394,56.31,10.961563539,33.630167394,59.81,             3059P   4044
10.961563539;                                                       3059P   4045
126,1,1,1,0,1,0,0.,0.,1.,1.,1.,1.,0.994071146,0.,0.,                3061P   4046
0.005992902,0.994035785,0.,0.,1.,0.,0.,1.;                          3061P   4047
110,33.630167394,59.81,10.961563539,12.416963958,35.1,              3063P   4048
10.961563539;                                                       3063P   4049
102,3,3053,3057,3061;                                               3065P   4050
102,3,3055,3059,3063;                                               3067P   4051
142,1,3051,3065,3067,1;                                             3069P   4052
144,3051,1,0,3069;                                                  3071P   4053
128,1,1,1,1,0,0,1,0,0,0.,0.,1.,1.,0.,0.,1.,1.,1.,1.,1.,1.,          3073P   4054
12.416963958,35.1,10.961563539,33.757446615,59.95826,               3073P   4055
10.961563539,12.416963958,35.1,6.976230619,33.757446615,            3073P   4056
59.95826,6.976230619,0.,1.,0.,1.;                                   3073P   4057
126,1,1,1,0,1,0,0.,0.,1.,1.,1.,1.,0.,0.994035785,0.,0.,0.,0.,       3075P   4058
0.,1.,0.,0.,1.;                                                     3075P   4059
110,12.416963958,35.1,7.,12.416963958,35.1,10.961563539;            3077P   4060
126,1,1,1,0,1,0,0.,0.,1.,1.,1.,1.,0.,0.,0.,0.994035785,0.,0.,       3079P   4061
0.,1.,0.,0.,1.;                                                     3079P   4062
110,12.416963958,35.1,10.961563539,33.630167394,59.81,              3081P   4063
10.961563539;                                                       3081P   4064
126,1,1,1,0,1,0,0.,0.,1.,1.,1.,1.,0.994035785,0.,0.,0.,             3083P   4065
0.994035785,0.,0.,1.,0.,0.,1.;                                      3083P   4066
110,33.630167394,59.81,10.961563539,12.416963958,35.1,7.;           3085P   4067
102,3,3075,3079,3083;                                               3087P   4068
102,3,3077,3081,3085;                                               3089P   4069
142,1,3073,3087,3089,1;                                             3091P   4070
144,3073,1,0,3091;                                                  3093P   4071
128,1,1,1,1,0,0,1,0,0,0.,0.,1.,1.,0.,0.,1.,1.,1.,1.,1.,1.,          3095P   4072
33.757446615,59.937279221,10.961563539,12.289684738,                3095P   4073
38.469517344,10.961563539,33.756015865,59.93870997,6.976230359,     3095P   4074
12.288253988,38.470948093,6.976230359,0.,1.,0.,1.;                  3095P   4075
126,1,1,1,0,1,0,0.,0.,1.,1.,1.,1.,0.993921926,5.77E-007,0.,         3097P   4076
0.993988174,0.994035785,0.,0.,1.,0.,0.,1.;                          3097P   4077
110,12.420167392,38.6,10.961561239,12.417322962,38.6,               3099P   4078
6.999999742;                                                        3099P   4079
126,1,1,1,0,1,0,0.,0.,1.,1.,1.,1.,0.994004897,0.994035721,0.,       3101P   4080
0.005928854,0.,0.,0.,1.,0.,0.,1.;                                   3101P   4081
110,12.416963958,38.599640996,7.,33.630167394,59.81,                3103P   4082
10.961563539;                                                       3103P   4083
126,1,1,1,0,1,0,0.,0.,1.,1.,1.,1.,0.005928854,0.,0.,                3105P   4084
0.994071146,0.,0.,0.,1.,0.,0.,1.;                                   3105P   4085
110,33.630167394,59.81,10.961563539,12.416963958,38.596796564,      3107P   4086
10.961563539;                                                       3107P   4087
102,3,3097,3101,3105;                                               3109P   4088
102,3,3099,3103,3107;                                               3111P   4089
142,1,3095,3109,3111,1;                                             3113P   4090
144,3095,1,0,3113;                                                  3115P   4091
128,1,1,1,1,0,0,1,0,0,0.,0.,1.,1.,0.,0.,1.,1.,1.,1.,1.,1.,          3117P   4092
12.416963958,34.95174,7.,33.757446615,34.95174,10.985332921,        3117P   4093
12.416963958,59.95826,7.,33.757446615,59.95826,10.985332921,0.,     3117P   4094
1.,0.,1.;                                                           3117P   4095
126,1,1,1,0,1,0,0.,0.,1.,1.,1.,1.,0.,0.145885173,0.,0.,             3119P   4096
0.005928854,0.,0.,1.,0.,0.,1.;                                      3119P   4097
110,12.416963958,38.599820498,7.,12.416963958,35.1,7.;              3121P   4098
126,1,1,1,0,1,0,0.,0.,1.,1.,1.,1.,0.,0.005928854,0.,                3123P   4099
0.994035785,0.994071146,0.,0.,1.,0.,0.,1.;                          3123P   4100
110,12.416963958,35.1,7.,33.630167394,59.81,10.961563539;           3125P   4101
126,1,1,1,0,1,0,0.,0.,1.,1.,1.,1.,0.994035785,0.994071146,0.,       3127P   4102
0.,0.145877995,0.,0.,1.,0.,0.,1.;                                   3127P   4103
110,33.630167394,59.81,10.961563539,12.416963958,38.599640996,      3129P   4104
7.;                                                                 3129P   4105
102,3,3119,3123,3127;                                               3131P   4106
102,3,3121,3125,3129;                                               3133P   4107
142,1,3117,3131,3133,1;                                             3135P   4108
144,3117,1,0,3135;                                                  3137P   4109
128,1,1,1,1,0,0,1,0,0,0.,0.,1.,1.,0.,0.,1.,1.,1.,1.,1.,1.,          3139P   4110
12.416963958,31.1,7.,12.416963958,38.6,7.,12.416963958,31.1,        3139P   4111
3.5,12.416963958,38.6,3.5,0.,1.,0.,1.;                              3139P   4112
126,1,1,1,0,1,0,0.,0.,1.,1.,1.,1.,1.,0.,0.,1.,0.142857143,0.,       3141P   4113
0.,1.,0.,0.,1.;                                                     3141P   4114
110,12.416963958,38.6,7.,12.416963958,38.6,6.5;                     3143P   4115
126,16,2,1,0,1,0,0.,0.,0.,0.125,0.125,0.25,0.25,0.375,0.375,        3145P   4116
0.5,0.5,0.625,0.625,0.75,0.75,0.875,0.875,1.,1.,1.,1.,1.,1.,1.,     3145P   4117
1.,1.,1.,1.,1.,1.,1.,1.,1.,1.,1.,1.,1.,1.,0.142857143,0.,1.,        3145P   4118
0.227278346,0.,0.992314112,0.310077419,0.,0.984628224,              3145P   4119
0.392876492,0.,0.969551813,0.470871513,0.,0.954475402,              3145P   4120
0.548866535,0.,0.932587845,0.6190602,0.,0.910700288,                3145P   4121
0.689253865,0.,0.882842712,0.74894867,0.,0.854985137,               3145P   4122
0.808643475,0.,0.822228093,0.855545382,0.,0.78947105,               3145P   4123
0.902447289,0.,0.753073373,0.934753885,0.,0.716675696,              3145P   4124
0.967060481,0.,0.678036129,0.98353024,0.,0.639396561,1.,0.,0.6,     3145P   4125
1.,0.,0.,1.,0.,0.,-1.;                                              3145P   4126
124,-7.1493352967317E-015,7.04419501764349E-015,-1.,                3147P   4127
18.9169639583482,1.,1.98671101174158E-014,                          3147P   4128
-7.14933529673156E-015,23.183036041651,1.98671101174157E-014,       3147P   4129
-1.,-7.04419501764363E-015,42.0999999999999;                        3147P   4130
100,6.5,12.416963958,35.6,15.416963958,35.6,12.416963958,38.6;      3149P   4131
126,1,1,1,0,1,0,0.,0.,1.,1.,1.,1.,0.6,1.,0.,0.,1.,0.,0.,1.,0.,      3151P   4132
0.,1.;                                                              3151P   4133
110,12.416963958,35.6,3.5,12.416963958,31.1,3.5;                    3153P   4134
126,1,1,1,0,1,0,0.,0.,1.,1.,1.,1.,0.,1.,0.,0.,0.,0.,0.,1.,0.,       3155P   4135
0.,1.;                                                              3155P   4136
110,12.416963958,31.1,3.5,12.416963958,31.1,7.;                     3157P   4137
126,1,1,1,0,1,0,0.,0.,1.,1.,1.,1.,0.,0.,0.,0.533333333,0.,0.,       3159P   4138
0.,1.,0.,0.,1.;                                                     3159P   4139
110,12.416963958,31.1,7.,12.416963958,35.1,7.;                      3161P   4140
126,1,1,1,0,1,0,0.,0.,1.,1.,1.,1.,0.533333333,0.,0.,                3163P   4141
0.999976066,0.,0.,0.,1.,0.,0.,1.;                                   3163P   4142
110,12.416963958,35.1,7.,12.416963958,38.599820498,7.;              3165P   4143
102,6,3141,3145,3151,3155,3159,3163;                                3167P   4144
102,6,3143,3149,3153,3157,3161,3165;                                3169P   4145
142,1,3139,3167,3169,1;                                             3171P   4146
144,3139,1,0,3171;                                                  3173P   4147
128,1,1,1,1,0,0,1,0,0,0.,0.,1.,1.,0.,0.,1.,1.,1.,1.,1.,1.,          3175P   4148
-16.083036042,31.1,31.,-16.083036042,35.6,31.,-16.083036042,        3175P   4149
31.1,23.,-16.083036042,35.6,23.,0.,1.,0.,1.;                        3175P   4150
126,1,1,1,0,1,0,0.,0.,1.,1.,1.,1.,1.,0.,0.,1.,1.,0.,0.,1.,0.,       3177P   4151
0.,1.;                                                              3177P   4152
110,-16.083036042,35.6,31.,-16.083036042,35.6,23.;                  3179P   4153
126,1,1,1,0,1,0,0.,0.,1.,1.,1.,1.,1.,1.,0.,0.,1.,0.,0.,1.,0.,       3181P   4154
0.,1.;                                                              3181P   4155
110,-16.083036042,35.6,23.,-16.083036042,31.1,23.;                  3183P   4156
126,1,1,1,0,1,0,0.,0.,1.,1.,1.,1.,0.,1.,0.,0.,0.,0.,0.,1.,0.,       3185P   4157
0.,1.;                                                              3185P   4158
110,-16.083036042,31.1,23.,-16.083036042,31.1,31.;                  3187P   4159
126,1,1,1,0,1,0,0.,0.,1.,1.,1.,1.,0.,0.,0.,1.,0.,0.,0.,1.,0.,       3189P   4160
0.,1.;                                                              3189P   4161
110,-16.083036042,31.1,31.,-16.083036042,35.6,31.;                  3191P   4162
102,4,3177,3181,3185,3189;                                          3193P   4163
102,4,3179,3183,3187,3191;                                          3195P   4164
142,1,3175,3193,3195,1;                                             3197P   4165
144,3175,1,0,3197;                                                  3199P   4166
110,-13.083036042,35.6,4.94278851,-13.083036042,35.6,               3201P   4167
1004.94278851;                                                      3201P   4168
110,-13.083036042,38.6,23.,-13.083036042,38.6,31.;                  3203P   4169
120,3201,3203,0.,6.28318530717959;                                  3205P   4170
126,1,1,1,0,1,0,0.,0.,1.,1.,1.,1.,1.,0.,0.,0.,0.,0.,0.,1.,0.,       3207P   4171
0.,1.;                                                              3207P   4172
110,-13.083036042,38.6,31.,-13.083036042,38.6,23.;                  3209P   4173
126,1,1,1,0,1,0,0.,0.,1.,1.,1.,1.,0.,0.,0.,0.,1.570796327,0.,       3211P   4174
0.,1.,0.,0.,1.;                                                     3211P   4175
100,23.,-13.083036042,35.6,-13.083036042,38.6,-16.083036042,        3213P   4176
35.6;                                                               3213P   4177
126,1,1,1,0,1,0,0.,0.,1.,1.,1.,1.,0.,1.570796327,0.,1.,             3215P   4178
1.570796327,0.,0.,1.,0.,0.,1.;                                      3215P   4179
110,-16.083036042,35.6,23.,-16.083036042,35.6,31.;                  3217P   4180
126,1,1,1,0,1,0,0.,0.,1.,1.,1.,1.,1.,1.570796327,0.,1.,0.,0.,       3219P   4181
0.,1.,0.,0.,1.;                                                     3219P   4182
124,-1.,-9.1038288019263E-015,6.98296267768623E-015,                3221P   4183
-26.1660720833909,-9.10382880192632E-015,1.,                        3221P   4184
-2.31296463463584E-015,-4.62353759912773E-014,                      3221P   4185
-6.98296267768621E-015,-2.3129646346359E-015,-1.,                   3221P   4186
62.0000000000001;                                                   3221P   4187
100,31.,-13.083036042,35.6,-10.083036042,35.6,-13.083036042,        3223P   4188
38.6;                                                               3223P   4189
102,4,3207,3211,3215,3219;                                          3225P   4190
102,4,3209,3213,3217,3223;                                          3227P   4191
142,1,3205,3225,3227,1;                                             3229P   4192
144,3205,1,0,3229;                                                  3231P   4193
128,1,1,1,1,0,0,1,0,0,0.,0.,1.,1.,0.,0.,1.,1.,1.,1.,1.,1.,          3233P   4194
-13.083036042,38.645,23.,-13.083036042,31.1,23.,-16.083036042,      3233P   4195
38.645,23.,-16.083036042,31.1,23.,0.,1.,0.,1.;                      3233P   4196
126,16,2,1,0,1,0,0.,0.,0.,0.125,0.125,0.25,0.25,0.375,0.375,        3235P   4197
0.5,0.5,0.625,0.625,0.75,0.75,0.875,0.875,1.,1.,1.,1.,1.,1.,1.,     3235P   4198
1.,1.,1.,1.,1.,1.,1.,1.,1.,1.,1.,1.,1.,0.403578529,1.,0.,           3235P   4199
0.364416937,1.,0.,0.326007824,0.98078528,0.,0.287598711,            3235P   4200
0.961570561,0.,0.251418118,0.923879533,0.,0.215237525,              3235P   4201
0.886188504,0.,0.182675852,0.831469612,0.,0.150114178,              3235P   4202
0.77675072,0.,0.122422751,0.707106781,0.,0.094731324,               3235P   4203
0.637462842,0.,0.072974309,0.555570233,0.,0.051217295,              3235P   4204
0.473677624,0.,0.036230802,0.382683432,0.,0.02124431,               3235P   4205
0.291689241,0.,0.013604262,0.195090322,0.,0.005964215,              3235P   4206
0.098491403,0.,0.005964215,0.,0.,0.,1.,0.,0.,-1.;                   3235P   4207
124,-1.,-9.17784367023461E-015,6.98296267768623E-015,               3237P   4208
-26.1660720833909,-9.17784367023466E-015,1.,                        3237P   4209
-6.93889390390725E-015,3.74076371108439E-014,                       3237P   4210
-6.98296267768617E-015,-6.93889390390732E-015,-1.,                  3237P   4211
46.0000000000003;                                                   3237P   4212
100,23.,-13.083036042,35.6,-10.083036042,35.6,-13.083036042,        3239P   4213
38.6;                                                               3239P   4214
126,1,1,1,0,1,0,0.,0.,1.,1.,1.,1.,0.005964215,0.,0.,1.,0.,0.,       3241P   4215
0.,1.,0.,0.,1.;                                                     3241P   4216
110,-13.083036042,38.6,23.,-13.083036042,31.1,23.;                  3243P   4217
126,1,1,1,0,1,0,0.,0.,1.,1.,1.,1.,1.,0.,0.,1.,1.,0.,0.,1.,0.,       3245P   4218
0.,1.;                                                              3245P   4219
110,-13.083036042,31.1,23.,-16.083036042,31.1,23.;                  3247P   4220
126,1,1,1,0,1,0,0.,0.,1.,1.,1.,1.,1.,1.,0.,0.403578529,1.,0.,       3249P   4221
0.,1.,0.,0.,1.;                                                     3249P   4222
110,-16.083036042,31.1,23.,-16.083036042,35.6,23.;                  3251P   4223
102,4,3235,3241,3245,3249;                                          3253P   4224
102,4,3239,3243,3247,3251;                                          3255P   4225
142,1,3233,3253,3255,1;                                             3257P   4226
144,3233,1,0,3257;                                                  3259P   4227
128,8,1,3,1,0,0,1,0,0,0.,0.,0.,0.,0.128272420345515,                3261P   4228
0.324854700898312,0.549763167593223,0.644294961925792,              3261P   4229
0.877732521477579,1.,1.,1.,1.,0.,0.,1.,1.,1.,1.,1.,1.,1.,1.,1.,     3261P   4230
1.,1.,1.,1.,1.,1.,1.,1.,1.,1.,1.,-13.083036042,38.6,23.,            3261P   4231
-12.537689522,38.6,21.936170208,-11.156579068,38.6,                 3261P   4232
19.241981483,-12.080207172,38.6,13.793045726,-8.177007244,38.6,     3261P   4233
10.163556677,-3.596512562,38.6,7.84314237,1.137228333,38.6,         3261P   4234
9.79303486,3.577993115,38.6,7.342372846,4.416963958,38.6,6.5,       3261P   4235
-13.083036042,31.1,23.,-12.537689522,31.1,21.936170208,             3261P   4236
-11.156579068,31.1,19.241981483,-12.080207172,31.1,                 3261P   4237
13.793045726,-8.177007244,31.1,10.163556677,-3.596512562,31.1,      3261P   4238
7.84314237,1.137228333,31.1,9.79303486,3.577993115,31.1,            3261P   4239
7.342372846,4.416963958,31.1,6.5,0.,1.,0.,1.;                       3261P   4240
126,1,1,1,0,1,0,0.,0.,1.,1.,1.,1.,1.,1.,0.,0.999929314,1.,0.,       3263P   4241
0.,1.,0.,0.,1.;                                                     3263P   4242
126,3,3,1,0,1,0,0.,0.,0.,0.,7.06859276903087E-005,                  3265P   4243
7.06859276903087E-005,7.06859276903087E-005,                        3265P   4244
7.06859276903087E-005,1.,1.,1.,1.,4.416963958,31.1,6.5,             3265P   4245
4.416478928,31.1,6.500486997,4.415993898,31.1,6.500973994,          3265P   4246
4.415508867,31.1,6.501460991,0.,7.06859276903087E-005,0.,0.,0.;     3265P   4247
126,1,1,1,0,1,0,0.,0.,1.,1.,1.,1.,0.999929314,1.,0.,                3267P   4248
0.999929314,0.466666667,0.,0.,1.,0.,0.,1.;                          3267P   4249
110,4.415508867,31.1,6.501460991,4.415508867,35.1,6.501460991;      3269P   4250
126,1,1,1,0,1,0,0.,0.,1.,1.,1.,1.,0.999929314,0.466666667,0.,       3271P   4251
0.003499902,0.466666667,0.,0.,1.,0.,0.,1.;                          3271P   4252
126,8,3,1,0,1,0,7.06859276917377E-005,7.06859276917377E-005,        3273P   4253
7.06859276917377E-005,7.06859276917377E-005,0.122267478522421,      3273P   4254
0.355705038074208,0.450236832406777,0.675145299101688,              3273P   4255
0.871727579654485,0.996500097904883,0.996500097904883,              3273P   4256
0.996500097904883,0.996500097904883,1.,1.,1.,1.,1.,1.,1.,1.,1.,     3273P   4257
4.415508867,35.1,6.501460991,3.577023003,35.1,7.343346682,          3273P   4258
1.136485149,35.1,9.792728732,-3.596512562,35.1,7.84314237,          3273P   4259
-8.177007244,35.1,10.163556677,-12.080207172,35.1,13.793045726,     3273P   4260
-11.162459069,35.1,19.20729247,-12.508153715,35.1,21.878056191,     3273P   4261
-13.038402944,35.1,22.912918819,7.06859276917377E-005,              3273P   4262
0.996500097904883,0.,1.,0.;                                         3273P   4263
126,1,1,1,0,1,0,0.,0.,1.,1.,1.,1.,0.003499902,0.466666667,0.,       3275P   4264
0.003499902,1.,0.,0.,1.,0.,0.,1.;                                   3275P   4265
110,-13.038402944,35.1,22.912918819,-13.038402937,31.1,             3277P   4266
22.912918806;                                                       3277P   4267
126,1,1,1,0,1,0,0.,0.,1.,1.,1.,1.,0.003499903,1.,0.,0.,1.,0.,       3279P   4268
0.,1.,0.,0.,1.;                                                     3279P   4269
126,3,3,1,0,1,0,0.996500097398962,0.996500097398962,                3281P   4270
0.996500097398962,0.996500097398962,1.,1.,1.,1.,1.,1.,1.,1.,        3281P   4271
-13.038402937,31.1,22.912918806,-13.05327657,31.1,22.941946981,     3281P   4272
-13.068156306,31.1,22.97097349,-13.083036042,31.1,23.,              3281P   4273
0.996500097398962,1.,0.,0.,0.;                                      3281P   4274
126,1,1,1,0,1,0,0.,0.,1.,1.,1.,1.,0.,1.,0.,0.,0.,0.,0.,1.,0.,       3283P   4275
0.,1.;                                                              3283P   4276
110,-13.083036042,31.1,23.,-13.083036042,38.6,23.;                  3285P   4277
126,1,1,1,0,1,0,0.,0.,1.,1.,1.,1.,0.,0.,0.,1.,0.,0.,0.,1.,0.,       3287P   4278
0.,1.;                                                              3287P   4279
126,8,3,1,0,1,0,0.,0.,0.,0.,0.128272420345515,                      3289P   4280
0.324854700898312,0.549763167593223,0.644294961925792,              3289P   4281
0.877732521477579,1.,1.,1.,1.,1.,1.,1.,1.,1.,1.,1.,1.,1.,           3289P   4282
-13.083036042,38.6,23.,-12.537689522,38.6,21.936170208,             3289P   4283
-11.156579068,38.6,19.241981483,-12.080207172,38.6,                 3289P   4284
13.793045726,-8.177007244,38.6,10.163556677,-3.596512562,38.6,      3289P   4285
7.84314237,1.137228333,38.6,9.79303486,3.577993115,38.6,            3289P   4286
7.342372846,4.416963958,38.6,6.5,0.,1.,0.,-1.,0.;                   3289P   4287
126,1,1,1,0,1,0,0.,0.,1.,1.,1.,1.,1.,0.,0.,1.,1.,0.,0.,1.,0.,       3291P   4288
0.,1.;                                                              3291P   4289
110,4.416963958,38.6,6.5,4.416963958,31.1,6.5;                      3293P   4290
102,8,3263,3267,3271,3275,3279,3283,3287,3291;                      3295P   4291
102,8,3265,3269,3273,3277,3281,3285,3289,3293;                      3297P   4292
142,1,3261,3295,3297,1;                                             3299P   4293
144,3261,1,0,3299;                                                  3301P   4294
128,1,1,1,1,0,0,1,0,0,0.,0.,1.,1.,0.,0.,1.,1.,1.,1.,1.,1.,          3303P   4295
4.416963958,31.1,6.5,4.416963958,38.645,6.5,4.416963958,31.1,       3303P   4296
3.5,4.416963958,38.645,3.5,0.,1.,0.,1.;                             3303P   4297
126,16,2,1,0,1,0,0.,0.,0.,0.125,0.125,0.25,0.25,0.375,0.375,        3305P   4298
0.5,0.5,0.625,0.625,0.75,0.75,0.875,0.875,1.,1.,1.,1.,1.,1.,1.,     3305P   4299
1.,1.,1.,1.,1.,1.,1.,1.,1.,1.,1.,1.,1.,0.994035785,0.,0.,           3305P   4300
0.994035785,0.098491403,0.,0.986395738,0.195090322,0.,              3305P   4301
0.97875569,0.291689241,0.,0.963769198,0.382683432,0.,               3305P   4302
0.948782705,0.473677624,0.,0.927025691,0.555570233,0.,              3305P   4303
0.905268676,0.637462842,0.,0.877577249,0.707106781,0.,              3305P   4304
0.849885822,0.77675072,0.,0.817324148,0.831469612,0.,               3305P   4305
0.784762475,0.886188504,0.,0.748581882,0.923879533,0.,              3305P   4306
0.712401289,0.961570561,0.,0.673992176,0.98078528,0.,               3305P   4307
0.635583063,1.,0.,0.596421471,1.,0.,0.,1.,0.,0.,-1.;                3305P   4308
124,3.31625668301944E-016,-6.12323399573616E-017,-1.,               3307P   4309
10.9169639583046,1.,1.83813534853581E-014,                          3307P   4310
3.31625668301943E-016,31.1830360416948,1.83813534853581E-014,       3307P   4311
-1.,6.12323399573677E-017,42.1;                                     3307P   4312
100,6.5,4.416963958,35.6,7.416963958,35.6,4.416963958,38.6;         3309P   4313
126,1,1,1,0,1,0,0.,0.,1.,1.,1.,1.,0.596421471,1.,0.,0.,1.,0.,       3311P   4314
0.,1.,0.,0.,1.;                                                     3311P   4315
110,4.416963958,35.6,3.5,4.416963958,31.1,3.5;                      3313P   4316
126,1,1,1,0,1,0,0.,0.,1.,1.,1.,1.,0.,1.,0.,0.,0.,0.,0.,1.,0.,       3315P   4317
0.,1.;                                                              3315P   4318
110,4.416963958,31.1,3.5,4.416963958,31.1,6.5;                      3317P   4319
126,1,1,1,0,1,0,0.,0.,1.,1.,1.,1.,0.,0.,0.,0.994035785,0.,0.,       3319P   4320
0.,1.,0.,0.,1.;                                                     3319P   4321
110,4.416963958,31.1,6.5,4.416963958,38.6,6.5;                      3321P   4322
102,4,3305,3311,3315,3319;                                          3323P   4323
102,4,3309,3313,3317,3321;                                          3325P   4324
142,1,3303,3323,3325,1;                                             3327P   4325
144,3303,1,0,3327;                                                  3329P   4326
128,1,1,1,1,0,0,1,0,0,0.,0.,1.,1.,0.,0.,1.,1.,1.,1.,1.,1.,          3331P   4327
12.416963958,35.6,3.5,12.416963958,31.1,3.5,4.416963958,35.6,       3331P   4328
3.5,4.416963958,31.1,3.5,0.,1.,0.,1.;                               3331P   4329
126,1,1,1,0,1,0,0.,0.,1.,1.,1.,1.,1.,0.,0.,1.,1.,0.,0.,1.,0.,       3333P   4330
0.,1.;                                                              3333P   4331
110,12.416963958,31.1,3.5,4.416963958,31.1,3.5;                     3335P   4332
126,1,1,1,0,1,0,0.,0.,1.,1.,1.,1.,1.,1.,0.,0.,1.,0.,0.,1.,0.,       3337P   4333
0.,1.;                                                              3337P   4334
110,4.416963958,31.1,3.5,4.416963958,35.6,3.5;                      3339P   4335
126,1,1,1,0,1,0,0.,0.,1.,1.,1.,1.,0.,1.,0.,0.,0.,0.,0.,1.,0.,       3341P   4336
0.,1.;                                                              3341P   4337
110,4.416963958,35.6,3.5,12.416963958,35.6,3.5;                     3343P   4338
126,1,1,1,0,1,0,0.,0.,1.,1.,1.,1.,0.,0.,0.,1.,0.,0.,0.,1.,0.,       3345P   4339
0.,1.;                                                              3345P   4340
110,12.416963958,35.6,3.5,12.416963958,31.1,3.5;                    3347P   4341
102,4,3333,3337,3341,3345;                                          3349P   4342
102,4,3335,3339,3343,3347;                                          3351P   4343
142,1,3331,3349,3351,1;                                             3353P   4344
144,3331,1,0,3353;                                                  3355P   4345
110,-6.918378468,35.6,6.5,993.081621532,35.6,6.5;                   3357P   4346
110,4.416963958,35.6,3.5,12.416963958,35.6,3.5;                     3359P   4347
120,3357,3359,0.,6.28318530717959;                                  3361P   4348
126,1,1,1,0,1,0,0.,0.,1.,1.,1.,1.,1.,0.,0.,0.,0.,0.,0.,1.,0.,       3363P   4349
0.,1.;                                                              3363P   4350
110,12.416963958,35.6,3.5,4.416963958,35.6,3.5;                     3365P   4351
126,1,1,1,0,1,0,0.,0.,1.,1.,1.,1.,0.,0.,0.,0.,1.570796327,0.,       3367P   4352
0.,1.,0.,0.,1.;                                                     3367P   4353
124,-7.04419501764363E-015,3.31625668301945E-016,1.,                3369P   4354
-2.08303604169546,3.31625668301945E-016,1.,                         3369P   4355
-3.31625668301943E-016,-2.9295572490767E-015,-1.,                   3369P   4356
3.31625668301943E-016,-7.04419501764363E-015,10.9169639583046;      3369P   4357
100,6.5,4.416963958,35.6,7.416963958,35.6,4.416963958,38.6;         3371P   4358
126,1,1,1,0,1,0,0.,0.,1.,1.,1.,1.,0.,1.570796327,0.,1.,             3373P   4359
1.570796327,0.,0.,1.,0.,0.,1.;                                      3373P   4360
110,4.416963958,38.6,6.5,12.416963958,38.6,6.5;                     3375P   4361
126,1,1,1,0,1,0,0.,0.,1.,1.,1.,1.,1.,1.570796327,0.,1.,0.,0.,       3377P   4362
0.,1.,0.,0.,1.;                                                     3377P   4363
124,-7.1493352967317E-015,7.04419501764349E-015,-1.,                3379P   4364
18.9169639583482,1.,1.98671101174158E-014,                          3379P   4365
-7.14933529673156E-015,23.183036041651,1.98671101174157E-014,       3379P   4366
-1.,-7.04419501764363E-015,42.0999999999999;                        3379P   4367
100,6.5,12.416963958,35.6,15.416963958,35.6,12.416963958,38.6;      3381P   4368
102,4,3363,3367,3373,3377;                                          3383P   4369
102,4,3365,3371,3375,3381;                                          3385P   4370
142,1,3361,3383,3385,1;                                             3387P   4371
144,3361,1,0,3387;                                                  3389P   4372
128,1,1,1,1,0,0,1,0,0,0.,0.,1.,1.,0.,0.,1.,1.,1.,1.,1.,1.,          3391P   4373
12.573186613,38.6,31.,12.573186613,38.6,6.5,-13.083036042,38.6,     3391P   4374
31.,-13.083036042,38.6,6.5,0.,1.,0.,1.;                             3391P   4375
126,1,1,1,0,1,0,0.,0.,1.,1.,1.,1.,1.,0.006089075,0.,1.,             3393P   4376
0.317904267,0.,0.,1.,0.,0.,1.;                                      3393P   4377
110,12.416963958,38.6,6.5,4.416963958,38.6,6.5;                     3395P   4378
126,78,2,1,0,1,0,0.,0.,0.,0.015625,0.015625,0.03125,0.03125,        3397P   4379
0.0625,0.0625,0.09375,0.09375,0.125,0.125,0.15625,0.15625,          3397P   4380
0.1875,0.1875,0.21875,0.21875,0.234375,0.234375,0.25,0.25,          3397P   4381
0.265625,0.265625,0.28125,0.28125,0.3125,0.3125,0.34375,            3397P   4382
0.34375,0.359375,0.359375,0.375,0.375,0.40625,0.40625,0.4375,       3397P   4383
0.4375,0.453125,0.453125,0.46875,0.46875,0.5,0.5,0.5625,0.5625,     3397P   4384
0.625,0.625,0.65625,0.65625,0.671875,0.671875,0.6875,0.6875,        3397P   4385
0.71875,0.71875,0.75,0.75,0.765625,0.765625,0.78125,0.78125,        3397P   4386
0.796875,0.796875,0.8125,0.8125,0.84375,0.84375,0.875,0.875,        3397P   4387
0.90625,0.90625,0.9375,0.9375,0.96875,0.96875,0.984375,             3397P   4388
0.984375,1.,1.,1.,1.,1.,1.,1.,1.,1.,1.,1.,1.,1.,1.,1.,1.,1.,1.,     3397P   4389
1.,1.,1.,1.,1.,1.,1.,1.,1.,1.,1.,1.,1.,1.,1.,1.,1.,1.,1.,1.,1.,     3397P   4390
1.,1.,1.,1.,1.,1.,1.,1.,1.,1.,1.,1.,1.,1.,1.,1.,1.,1.,1.,1.,1.,     3397P   4391
1.,1.,1.,1.,1.,1.,1.,1.,1.,1.,1.,1.,1.,1.,1.,1.,1.,1.,1.,1.,1.,     3397P   4392
1.,1.,0.317904267,0.,0.991212257,0.326262091,0.,0.986858556,        3397P   4393
0.330453488,0.,0.979602387,0.337439151,0.,0.973958131,              3397P   4394
0.343077624,0.,0.959847493,0.357173806,0.,0.949844421,              3397P   4395
0.368850294,0.,0.937840736,0.382862078,0.,0.929587029,              3397P   4396
0.395821588,0.,0.920339514,0.410341521,0.,0.915113693,              3397P   4397
0.424590694,0.,0.909896604,0.438816061,0.,0.907545727,              3397P   4398
0.455517044,0.,0.905449693,0.47040758,0.,0.905518317,               3397P   4399
0.488220929,0.,0.905575525,0.503070594,0.,0.907189087,              3397P   4400
0.522180656,0.,0.907834283,0.529821963,0.,0.908835545,              3397P   4401
0.53946843,0.,0.909429241,0.545188275,0.,0.910715656,               3397P   4402
0.556874531,0.,0.911989745,0.568448811,0.,0.912599122,              3397P   4403
0.574333745,0.,0.913603445,0.584032786,0.,0.914255645,              3397P   4404
0.591780861,0.,0.915885581,0.611144331,0.,0.915966676,              3397P   4405
0.626377954,0.,0.916064022,0.644664572,0.,0.914006368,              3397P   4406
0.660144115,0.,0.912882028,0.668602423,0.,0.911074581,              3397P   4407
0.676552802,0.,0.909267173,0.684503012,0.,0.906657727,              3397P   4408
0.692591567,0.,0.901785698,0.707693493,0.,0.893956168,              3397P   4409
0.723706517,0.,0.886989902,0.737953987,0.,0.877225523,              3397P   4410
0.753823664,0.,0.872848504,0.760937467,0.,0.867772141,              3397P   4411
0.768615047,0.,0.862847395,0.776063318,0.,0.857774901,              3397P   4412
0.783252257,0.,0.847268191,0.798142782,0.,0.836226462,              3397P   4413
0.811784725,0.,0.812564173,0.841019241,0.,0.787152426,              3397P   4414
0.863696643,0.,0.759515302,0.888359968,0.,0.730563471,              3397P   4415
0.904575569,0.,0.715222319,0.913167979,0.,0.699621383,              3397P   4416
0.919316797,0.,0.691598412,0.922478901,0.,0.683518272,              3397P   4417
0.924989701,0.,0.675537829,0.927469521,0.,0.667009069,              3397P   4418
0.929448198,0.,0.651402546,0.933068921,0.,0.63295535,               3397P   4419
0.935224431,0.,0.617512791,0.937028856,0.,0.597895124,              3397P   4420
0.938027853,0.,0.589976107,0.938431115,0.,0.580127858,              3397P   4421
0.938770735,0.,0.573786086,0.938989432,0.,0.562277313,              3397P   4422
0.939317584,0.,0.549803546,0.93967325,0.,0.544399602,               3397P   4423
0.93985079,0.,0.534413929,0.940178857,0.,0.526550842,               3397P   4424
0.940552744,0.,0.506695862,0.94149684,0.,0.491164635,               3397P   4425
0.943192452,0.,0.472496067,0.945230581,0.,0.456567474,              3397P   4426
0.948695355,0.,0.440349934,0.952222981,0.,0.423042633,              3397P   4427
0.957965858,0.,0.407623402,0.963082238,0.,0.390388328,              3397P   4428
0.970284067,0.,0.376025767,0.976285592,0.,0.358314381,              3397P   4429
0.984634082,0.,0.351229826,0.987973479,0.,0.34240436,               3397P   4430
0.992253547,0.,0.337109081,0.994821588,0.,0.326530612,1.,0.,0.,     3397P   4431
1.,0.,0.,1.;                                                        3397P   4432
126,8,3,1,0,1,0,0.,0.,0.,0.,0.122267478522421,                      3399P   4433
0.355705038074208,0.450236832406777,0.675145299101688,              3399P   4434
0.871727579654485,1.,1.,1.,1.,1.,1.,1.,1.,1.,1.,1.,1.,1.,           3399P   4435
4.416963958,38.6,6.5,3.577993115,38.6,7.342372846,1.137228333,      3399P   4436
38.6,9.79303486,-3.596512562,38.6,7.84314237,-8.177007244,38.6,     3399P   4437
10.163556677,-12.080207172,38.6,13.793045726,-11.156579068,         3399P   4438
38.6,19.241981483,-12.537689522,38.6,21.936170208,                  3399P   4439
-13.083036042,38.6,23.,0.,1.,0.,1.,0.;                              3399P   4440
126,1,1,1,0,1,0,0.,0.,1.,1.,1.,1.,0.326530612,1.,0.,0.,1.,0.,       3401P   4441
0.,1.,0.,0.,1.;                                                     3401P   4442
110,-13.083036042,38.6,23.,-13.083036042,38.6,31.;                  3403P   4443
126,1,1,1,0,1,0,0.,0.,1.,1.,1.,1.,0.,1.,0.,0.,0.006089075,0.,       3405P   4444
0.,1.,0.,0.,1.;                                                     3405P   4445
110,-13.083036042,38.6,31.,12.416963958,38.6,31.;                   3407P   4446
126,1,1,1,0,1,0,0.,0.,1.,1.,1.,1.,0.,0.006089075,0.,                3409P   4447
0.817895366,0.006089075,0.,0.,1.,0.,0.,1.;                          3409P   4448
110,12.416963958,38.6,31.,12.416963958,38.6,10.961563539;           3411P   4449
126,1,1,1,0,1,0,0.,0.,1.,1.,1.,1.,0.81789546,0.005964215,0.,        3413P   4450
0.979591847,0.006075082,0.,0.,1.,0.,0.,1.;                          3413P   4451
110,12.420167392,38.6,10.961561239,12.417322962,38.6,               3415P   4452
6.999999742;                                                        3415P   4453
126,1,1,1,0,1,0,0.,0.,1.,1.,1.,1.,0.979591837,0.006089075,0.,       3417P   4454
1.,0.006089075,0.,0.,1.,0.,0.,1.;                                   3417P   4455
110,12.416963958,38.6,7.,12.416963958,38.6,6.5;                     3419P   4456
102,7,3393,3397,3401,3405,3409,3413,3417;                           3421P   4457
102,7,3395,3399,3403,3407,3411,3415,3419;                           3423P   4458
142,1,3391,3421,3423,1;                                             3425P   4459
126,1,1,1,0,1,0,0.,0.,1.,1.,1.,1.,0.306122449,0.337392716,0.,       3427P   4460
0.306122449,0.649207909,0.,0.,1.,0.,0.,1.;                          3427P   4461
110,3.916963958,38.6,23.5,-4.083036042,38.6,23.5;                   3429P   4462
126,16,2,1,0,1,0,0.,0.,0.,0.125,0.125,0.25,0.25,0.375,0.375,        3431P   4463
0.5,0.5,0.625,0.625,0.75,0.75,0.875,0.875,1.,1.,1.,1.,1.,1.,1.,     3431P   4464
1.,1.,1.,1.,1.,1.,1.,1.,1.,1.,1.,1.,1.,0.306122449,0.649207909,     3431P   4465
0.,0.320379652,0.667360826,0.,0.338622972,0.68190012,0.,            3431P   4466
0.356866292,0.696439414,0.,0.378119674,0.706587203,0.,              3431P   4467
0.399373057,0.716734992,0.,0.422499404,0.72194835,0.,               3431P   4468
0.445625751,0.727161707,0.,0.469387755,0.727161707,0.,              3431P   4469
0.493149759,0.727161707,0.,0.516276106,0.72194835,0.,               3431P   4470
0.539402453,0.716734992,0.,0.560655836,0.706587203,0.,              3431P   4471
0.581909219,0.696439414,0.,0.600152539,0.68190012,0.,               3431P   4472
0.618395859,0.667360826,0.,0.632653061,0.649207909,0.,0.,1.,0.,     3431P   4473
0.,1.;                                                              3431P   4474
124,-0.600000000000006,-0.799999999999996,                          3433P   4475
-3.59835392685585E-016,29.1471423332872,-5.41945477850352E-015,     3433P   4476
4.51438532473469E-015,-1.,58.0999999999999,0.799999999999996,       3433P   4477
-0.600000000000006,-7.04419501764363E-015,43.5264288333568;         3433P   4478
100,19.5,-1.083036042,38.6,3.916963958,38.6,-2.483036042,43.4;      3435P   4479
126,1,1,1,0,1,0,0.,0.,1.,1.,1.,1.,0.632653061,0.649207909,0.,       3437P   4480
0.632653061,0.337392716,0.,0.,1.,0.,0.,1.;                          3437P   4481
110,-4.083036042,38.6,15.5,3.916963958,38.6,15.5;                   3439P   4482
126,16,2,1,0,1,0,0.,0.,0.,0.125,0.125,0.25,0.25,0.375,0.375,        3441P   4483
0.5,0.5,0.625,0.625,0.75,0.75,0.875,0.875,1.,1.,1.,1.,1.,1.,1.,     3441P   4484
1.,1.,1.,1.,1.,1.,1.,1.,1.,1.,1.,1.,1.,0.632653061,0.337392716,     3441P   4485
0.,0.618395859,0.319239799,0.,0.600152539,0.304700505,0.,           3441P   4486
0.581909219,0.290161211,0.,0.560655836,0.280013422,0.,              3441P   4487
0.539402453,0.269865633,0.,0.516276106,0.264652276,0.,              3441P   4488
0.493149759,0.259438918,0.,0.469387755,0.259438918,0.,              3441P   4489
0.445625751,0.259438918,0.,0.422499404,0.264652276,0.,              3441P   4490
0.399373057,0.269865633,0.,0.378119674,0.280013422,0.,              3441P   4491
0.356866292,0.290161211,0.,0.338622972,0.304700505,0.,              3441P   4492
0.320379652,0.319239799,0.,0.306122449,0.337392716,0.,0.,1.,0.,     3441P   4493
0.,1.;                                                              3441P   4494
124,0.600000000000027,0.79999999999998,-3.59835392685585E-016,      3443P   4495
-30.5132144166775,5.4194547785034E-015,-4.51438532473483E-015,      3443P   4496
-1.,58.1000000000002,-0.79999999999998,0.600000000000027,           3443P   4497
-7.04419501764363E-015,-2.92642883335732;                           3443P   4498
100,19.5,0.916963958,38.6,5.916963958,38.6,-0.483036042,43.4;       3445P   4499
102,4,3427,3431,3437,3441;                                          3447P   4500
102,4,3429,3435,3439,3445;                                          3449P   4501
142,1,3391,3447,3449,1;                                             3451P   4502
144,3391,1,1,3425,3451;                                             3453P   4503
128,1,1,1,1,0,0,1,0,0,0.,0.,1.,1.,0.,0.,1.,1.,1.,1.,1.,1.,          3455P   4504
33.630167394,59.98226,31.,33.630167394,31.1,31.,-16.083036042,      3455P   4505
59.98226,31.,-16.083036042,31.1,31.,0.,1.,0.,1.;                    3455P   4506
126,1,1,1,0,1,0,0.,0.,1.,1.,1.,1.,0.127145867,0.,0.,                3457P   4507
0.861617596,0.426711657,0.,0.,1.,0.,0.,1.;                          3457P   4508
110,33.630167394,56.31,31.,12.416963958,35.096796564,31.;           3459P   4509
126,1,1,1,0,1,0,0.,0.,1.,1.,1.,1.,0.861617596,0.426711657,0.,       3461P   4510
0.861506683,0.426711657,0.,0.,1.,0.,0.,1.;                          3461P   4511
110,12.416963958,35.096796564,31.,12.416963958,35.1,31.;            3463P   4512
126,1,1,1,0,1,0,0.,0.,1.,1.,1.,1.,0.861506683,0.426711657,0.,       3465P   4513
0.861506683,0.929596168,0.,0.,1.,0.,0.,1.;                          3465P   4514
110,12.416963958,35.1,31.,-12.583036042,35.1,31.;                   3467P   4515
126,1,1,1,0,1,0,0.,0.,1.,1.,1.,1.,0.861506683,0.929596168,0.,       3469P   4516
1.,0.929596168,0.,0.,1.,0.,0.,1.;                                   3469P   4517
110,-12.583036042,35.1,31.,-12.583036042,31.1,31.;                  3471P   4518
126,1,1,1,0,1,0,0.,0.,1.,1.,1.,1.,1.,0.929596168,0.,1.,1.,0.,       3473P   4519
0.,1.,0.,0.,1.;                                                     3473P   4520
110,-12.583036042,31.1,31.,-16.083036042,31.1,31.;                  3475P   4521
126,1,1,1,0,1,0,0.,0.,1.,1.,1.,1.,1.,1.,0.,0.844195018,1.,0.,       3477P   4522
0.,1.,0.,0.,1.;                                                     3477P   4523
110,-16.083036042,31.1,31.,-16.083036042,35.6,31.;                  3479P   4524
126,16,2,1,0,1,0,0.,0.,0.,0.125,0.125,0.25,0.25,0.375,0.375,        3481P   4525
0.5,0.5,0.625,0.625,0.75,0.75,0.875,0.875,1.,1.,1.,1.,1.,1.,1.,     3481P   4526
1.,1.,1.,1.,1.,1.,1.,1.,1.,1.,1.,1.,1.,0.844195018,1.,0.,           3481P   4527
0.833964717,1.,0.,0.823930989,0.998840466,0.,0.81389726,            3481P   4528
0.997680932,0.,0.804445694,0.995406424,0.,0.794994129,              3481P   4529
0.993131915,0.,0.786487945,0.989829841,0.,0.77798176,               3481P   4530
0.986527767,0.,0.770747845,0.982325024,0.,0.76351393,               3481P   4531
0.978122281,0.,0.757830279,0.973180378,0.,0.752146629,              3481P   4532
0.968238476,0.,0.748231662,0.962747327,0.,0.744316695,              3481P   4533
0.957256179,0.,0.742320863,0.951426807,0.,0.74032503,               3481P   4534
0.945597435,0.,0.74032503,0.939653859,0.,0.,1.,0.,0.,-1.;           3481P   4535
124,-1.,-9.1038288019263E-015,6.98296267768623E-015,                3483P   4536
-26.1660720833909,-9.10382880192632E-015,1.,                        3483P   4537
-2.31296463463584E-015,-4.62353759912773E-014,                      3483P   4538
-6.98296267768621E-015,-2.3129646346359E-015,-1.,                   3483P   4539
62.0000000000001;                                                   3483P   4540
100,31.,-13.083036042,35.6,-10.083036042,35.6,-13.083036042,        3485P   4541
38.6;                                                               3485P   4542
126,1,1,1,0,1,0,0.,0.,1.,1.,1.,1.,0.74032503,0.939653859,0.,        3487P   4543
0.74032503,0.426711657,0.,0.,1.,0.,0.,1.;                           3487P   4544
110,-13.083036042,38.6,31.,12.416963958,38.6,31.;                   3489P   4545
126,1,1,1,0,1,0,0.,0.,1.,1.,1.,1.,0.74032503,0.426711657,0.,        3491P   4546
0.740435944,0.426711657,0.,0.,1.,0.,0.,1.;                          3491P   4547
110,12.416963958,38.6,31.,12.416963958,38.596796564,31.;            3493P   4548
126,1,1,1,0,1,0,0.,0.,1.,1.,1.,1.,0.740435944,0.426711657,0.,       3495P   4549
0.005964215,0.,0.,0.,1.,0.,0.,1.;                                   3495P   4550
110,12.416963958,38.596796564,31.,33.630167394,59.81,31.;           3497P   4551
126,1,1,1,0,1,0,0.,0.,1.,1.,1.,1.,0.005964215,0.,0.,                3499P   4552
0.127145867,0.,0.,0.,1.,0.,0.,1.;                                   3499P   4553
110,33.630167394,59.81,31.,33.630167394,56.31,31.;                  3501P   4554
102,11,3457,3461,3465,3469,3473,3477,3481,3487,3491,3495,3499;      3503P   4555
102,11,3459,3463,3467,3471,3475,3479,3485,3489,3493,3497,3501;      3505P   4556
142,1,3455,3503,3505,1;                                             3507P   4557
144,3455,1,0,3507;                                                  3509P   4558
314,100.,100.,0.,;                                                  3511P   4559
128,1,1,1,1,0,0,1,0,0,0.,0.,1.,1.,0.,0.,1.,1.,1.,1.,1.,1.,          3513P   4560
124.449089256,56.31,28.137989014,33.630167394,56.31,31.,            3513P   4561
124.449089256,59.81,28.137989014,33.630167394,59.81,31.,0.,1.,      3513P   4562
0.,1.;                                                              3513P   4563
126,1,1,1,0,1,0,0.,0.,1.,1.,1.,1.,1.,0.,0.,1.,1.,0.,0.,1.,0.,       3515P   4564
0.,1.;                                                              3515P   4565
110,33.630167394,56.31,31.,33.630167394,59.81,31.;                  3517P   4566
126,1,1,1,0,1,0,0.,0.,1.,1.,1.,1.,1.,1.,0.,0.,1.,0.,0.,1.,0.,       3519P   4567
0.,1.;                                                              3519P   4568
110,33.630167394,59.81,31.,124.449089256,59.81,28.137989014;        3521P   4569
126,1,1,1,0,1,0,0.,0.,1.,1.,1.,1.,0.,1.,0.,0.,0.,0.,0.,1.,0.,       3523P   4570
0.,1.;                                                              3523P   4571
110,124.449089256,59.81,28.137989014,124.449089256,56.31,           3525P   4572
28.137989014;                                                       3525P   4573
126,1,1,1,0,1,0,0.,0.,1.,1.,1.,1.,0.,0.,0.,1.,0.,0.,0.,1.,0.,       3527P   4574
0.,1.;                                                              3527P   4575
110,124.449089256,56.31,28.137989014,33.630167394,56.31,31.;        3529P   4576
102,4,3515,3519,3523,3527;                                          3531P   4577
102,4,3517,3521,3525,3529;                                          3533P   4578
142,1,3513,3531,3533,1;                                             3535P   4579
144,3513,1,0,3535;                                                  3537P   4580
314,100.,100.,0.,;                                                  3539P   4581
128,1,1,1,1,0,0,1,0,0,0.,0.,1.,1.,0.,0.,1.,1.,1.,1.,1.,1.,          3541P   4582
166.447669779,56.31,32.39178467,166.447669779,56.31,                3541P   4583
9.569778869,33.630167394,56.31,32.39178467,33.630167394,56.31,      3541P   4584
9.569778869,0.,1.,0.,1.;                                            3541P   4585
126,4,2,1,0,1,0,0.,0.,0.,0.5,0.5,1.,1.,1.,1.,1.,1.,1.,1.,           3543P   4586
0.165747259,0.285569757,0.,0.119469081,0.266671751,0.,              3543P   4587
0.086197332,0.246982071,0.,0.052925583,0.227292391,0.,              3543P   4588
0.033105198,0.207074343,0.,0.,1.,0.,0.,-1.;                         3543P   4589
124,-0.387846325166532,0.921724052010588,3.59835392685585E-016,     3545P   4590
151.770688645742,8.31215142183651E-017,-3.55417674236791E-016,      3545P   4591
1.,71.0383620885396,0.921724052010588,0.387846325166532,            3545P   4592
6.12323399573677E-017,-171.835324676026;                            3545P   4593
100,-14.728362089,146.754699221,56.31,193.772526037,56.31,          3547P   4594
192.519213238,67.093565983;                                         3547P   4595
126,4,2,1,0,1,0,0.,0.,0.,0.5,0.5,1.,1.,1.,1.,1.,1.,1.,1.,           3549P   4596
0.033105198,0.207074343,0.,0.019548377,0.195090313,0.,              3549P   4597
0.012738615,0.182938185,0.,0.005928854,0.170786057,0.,              3549P   4598
0.005928854,0.158577724,0.,0.,1.,0.,0.,-1.;                         3549P   4599
124,-0.190809505648173,0.98162708426077,3.59835392685585E-016,      3551P   4600
117.851338835828,8.55269005823769E-018,-3.64907879852726E-016,      3551P   4601
1.,57.8107506392811,0.98162708426077,0.190809505648173,             3551P   4602
6.12323399573677E-017,-154.959845913485;                            3551P   4603
100,-1.500750639,145.38577256,56.31,179.142999535,56.31,            3553P   4604
178.522780848,62.751199791;                                         3553P   4605
126,2,2,1,0,1,0,0.,0.,0.,1.,1.,1.,1.,1.,1.,0.005928854,             3555P   4606
0.158577724,0.,0.005928854,0.149107928,0.,0.010029939,              3555P   4607
0.139664387,0.,0.,1.,0.,0.,-1.;                                     3555P   4608
124,1.43869930880155E-014,1.,3.59835392685585E-016,                 3557P   4609
89.0757725600827,-6.12323399573728E-017,-3.59835392685584E-016,     3557P   4610
1.,57.8107506392811,1.,-1.43869930880155E-014,                      3557P   4611
6.12323399573677E-017,-146.886523199365;                            3557P   4612
100,-1.500750639,145.38577256,56.31,179.142999535,56.31,            3559P   4613
179.049404536,58.822022134;                                         3559P   4614
126,8,2,1,0,1,0,0.,0.,0.,0.25,0.25,0.5,0.5,0.75,0.75,1.,1.,1.,      3561P   4615
1.,1.,1.,1.,1.,1.,1.,1.,1.,0.010029939,0.139664387,0.,              3561P   4616
0.01733374,0.12740671,0.,0.031977077,0.115344594,0.,                3561P   4617
0.046620415,0.103282478,0.,0.0684462,0.091545323,0.,                3561P   4618
0.090271984,0.079808168,0.,0.119046075,0.068521888,0.,              3561P   4619
0.147820165,0.057235607,0.,0.18323388,0.046521276,0.,0.,1.,0.,      3561P   4620
0.,-1.;                                                             3561P   4621
124,0.101853217224552,0.99479943814872,3.59835392685585E-016,       3563P   4622
73.9297989489309,-9.75642898024076E-017,-3.51727335646798E-016,     3563P   4623
1.,55.5418094148912,0.99479943814872,-0.101853217224552,            3563P   4624
6.12323399573677E-017,-137.427447561448;                            3563P   4625
100,0.768190585,144.683427924,56.31,176.242242242,56.31,            3565P   4626
173.569967756,69.019310668;                                         3565P   4627
126,8,2,1,0,1,0,0.,0.,0.,0.25,0.25,0.5,0.5,0.75,0.75,1.,1.,1.,      3567P   4628
1.,1.,1.,1.,1.,1.,1.,1.,1.,0.18323388,0.046521276,0.,               3567P   4629
0.199902507,0.039727434,0.,0.224446336,0.033679823,0.,              3567P   4630
0.248990166,0.027632211,0.,0.280330999,0.022596499,0.,              3567P   4631
0.311671833,0.017560787,0.,0.348432884,0.013758189,0.,              3567P   4632
0.385193936,0.009955592,0.,0.425760311,0.007553156,0.,0.,1.,0.,     3567P   4633
0.,-1.;                                                             3567P   4634
124,0.388471928643999,0.921460558383055,3.59835392685585E-016,      3569P   4635
43.9138260822677,-1.96209135159157E-016,-3.07787076671421E-016,     3569P   4636
1.,36.6629558605998,0.921460558383055,-0.388471928643999,           3569P   4637
6.12323399573677E-017,-102.833031443191;                            3569P   4638
100,19.647044139,156.658826654,56.31,165.951656154,56.31,           3571P   4639
162.862021697,63.229324488;                                         3571P   4640
126,4,2,1,0,1,0,0.,0.,0.,0.5,0.5,1.,1.,1.,1.,1.,1.,1.,1.,           3573P   4641
0.425760311,0.007553156,0.,0.443965045,0.006761033,0.,              3573P   4642
0.462600444,0.006362264,0.,0.481235843,0.005963495,0.,              3573P   4643
0.500015188,0.005964216,0.,0.,1.,0.,0.,-1.;                         3573P   4644
124,0.969401947759576,0.245478845687241,3.59835392685585E-016,      3575P   4645
-8.96521689128152,-3.63856374673701E-016,                           3575P   4646
-2.89732272133237E-017,1.,35.3280233876212,0.245478845687241,       3575P   4647
-0.969401947759576,6.12323399573677E-017,36.5971787956746;          3575P   4648
100,20.981976612,158.758370343,56.31,165.655517678,56.31,           3577P   4649
165.444099841,58.004598015;                                         3577P   4650
126,4,2,1,0,1,0,0.,0.,0.,0.5,0.5,1.,1.,1.,1.,1.,1.,1.,1.,           3579P   4651
0.500015188,0.005964216,0.,0.518786968,0.005963657,0.,              3579P   4652
0.537414744,0.006362426,0.,0.556042519,0.006761195,0.,              3579P   4653
0.574239689,0.007553156,0.,0.,1.,0.,0.,-1.;                         3579P   4654
124,0.999999984982335,0.000173307039009609,                         3581P   4655
3.59835392685585E-016,-0.00975653514489377,                         3581P   4656
-3.59845999277227E-016,6.11699770313637E-017,1.,                    3581P   4657
35.3307596870625,0.000173307039009609,-0.999999984982335,           3581P   4658
6.12323399573677E-017,77.2617250427203;                             3581P   4659
100,20.979240313,158.761148593,56.31,165.655517609,56.31,           3583P   4660
165.444184936,58.003915395;                                         3583P   4661
126,8,2,1,0,1,0,0.,0.,0.,0.25,0.25,0.5,0.5,0.75,0.75,1.,1.,1.,      3585P   4662
1.,1.,1.,1.,1.,1.,1.,1.,1.,0.574239689,0.007553156,0.,              3585P   4663
0.614806064,0.009955592,0.,0.651567116,0.013758189,0.,              3585P   4664
0.688328167,0.017560787,0.,0.719669001,0.022596499,0.,              3585P   4665
0.751009834,0.027632211,0.,0.775553664,0.033679823,0.,              3585P   4666
0.800097493,0.039727434,0.,0.81676612,0.046521276,0.,0.,1.,0.,      3585P   4667
0.,-1.;                                                             3585P   4668
124,0.945422677642599,-0.325846529211374,3.59835392685585E-016,     3587P   4669
26.8984373423382,-3.20244195012782E-016,1.75141556594826E-016,      3587P   4670
1.,33.9954806000077,-0.325846529211374,-0.945422677642599,          3587P   4671
6.12323399573677E-017,126.598005313688;                             3587P   4672
100,22.3145194,156.658826654,56.31,165.951656154,56.31,             3589P   4673
162.862021697,63.229324488;                                         3589P   4674
126,8,2,1,0,1,0,0.,0.,0.,0.25,0.25,0.5,0.5,0.75,0.75,1.,1.,1.,      3591P   4675
1.,1.,1.,1.,1.,1.,1.,1.,1.,0.81676612,0.046521276,0.,               3591P   4676
0.852179835,0.057235607,0.,0.880953925,0.068521888,0.,              3591P   4677
0.909728016,0.079808168,0.,0.9315538,0.091545323,0.,                3591P   4678
0.953379585,0.103282478,0.,0.968022923,0.115344594,0.,              3591P   4679
0.98266626,0.12740671,0.,0.989970061,0.139664387,0.,0.,1.,0.,       3591P   4680
0.,-1.;                                                             3591P   4681
124,0.493852588117646,-0.869545640670749,3.59835392685585E-016,     3593P   4682
122.195257612294,-1.24461325696107E-016,3.43133046633243E-016,      3593P   4683
1.,15.1166270457177,-0.869545640670749,-0.493852588117646,          3593P   4684
6.12323399573677E-017,194.811056220015;                             3593P   4685
100,41.193372954,144.683427924,56.31,176.242242242,56.31,           3595P   4686
173.569967756,69.019310668;                                         3595P   4687
126,4,2,1,0,1,0,0.,0.,0.,0.5,0.5,1.,1.,1.,1.,1.,1.,1.,1.,           3597P   4688
0.989970061,0.139664387,0.,0.997313525,0.15657413,0.,               3597P   4689
0.991519033,0.17350163,0.,0.985724541,0.190429131,0.,               3597P   4690
0.966894802,0.207074343,0.,0.,1.,0.,0.,-1.;                         3597P   4691
124,0.074414350918878,-0.997227408557006,3.59835392685585E-016,     3599P   4692
190.720860038039,3.428565051123E-017,3.6339428098811E-016,1.,       3599P   4693
12.8476858213286,-0.997227408557006,-0.074414350918878,             3599P   4694
6.12323399573677E-017,192.635263490073;                             3599P   4695
100,43.462314179,145.38577256,56.31,179.142999535,56.31,            3601P   4696
177.951587761,65.199209939;                                         3601P   4697
126,4,2,1,0,1,0,0.,0.,0.,0.5,0.5,1.,1.,1.,1.,1.,1.,1.,1.,           3603P   4698
0.966894802,0.207074343,0.,0.947074417,0.227292391,0.,              3603P   4699
0.913802668,0.246982071,0.,0.880530919,0.266671751,0.,              3603P   4700
0.834252741,0.285569757,0.,0.,1.,0.,0.,-1.;                         3603P   4701
124,-0.166109898745275,-0.986107246469082,                          3605P   4702
3.59835392685585E-016,226.659806497391,1.20153874794187E-016,       3605P   4703
3.44664990473048E-016,1.,-0.37992562793113,-0.986107246469082,      3605P   4704
0.166109898745275,6.12323399573677E-017,192.052149584569;           3605P   4705
100,56.689925628,146.754699221,56.31,193.772526037,56.31,           3607P   4706
192.519213238,67.093565983;                                         3607P   4707
126,4,2,1,0,1,0,0.,0.,0.,0.5,0.5,1.,1.,1.,1.,1.,1.,1.,1.,           3609P   4708
0.834252741,0.285569757,0.,0.82179951,0.290655118,0.,               3609P   4709
0.815447349,0.296063301,0.,0.809095188,0.301471484,0.,              3609P   4710
0.809095188,0.30698871,0.,0.,1.,0.,0.,1.;                           3609P   4711
124,0.387846325166485,-0.921724052010608,                           3611P   4712
-3.59835392685585E-016,128.834202281773,-6.63236480953337E-015,     3611P   4713
-2.40039621514616E-015,-1.,62.9017151089542,0.921724052010608,      3611P   4714
0.387846325166485,-7.04419501764363E-015,-131.084840631328;         3611P   4715
100,6.591715109,125.674196,56.31,133.009090488,56.31,               3613P   4716
132.434944669,59.154811873;                                         3613P   4717
126,2,2,1,0,1,0,0.,0.,0.,1.,1.,1.,1.,1.,1.,0.809095188,             3615P   4718
0.30698871,0.,0.809095188,0.311633325,0.,0.813609913,               3615P   4719
0.316212696,0.,0.,1.,0.,0.,1.;                                      3615P   4720
124,-2.9860305272822E-016,-1.,-3.59835392685585E-016,               3617P   4721
181.984195999849,-7.04419501764363E-015,3.59835392685587E-016,      3617P   4722
-1.,62.9017151089542,1.,-2.98603052728217E-016,                     3617P   4723
-7.04419501764363E-015,-119.082480890896;                           3617P   4724
100,6.591715109,125.674196,56.31,133.009090488,56.31,               3619P   4725
132.906055416,57.535106744;                                         3619P   4726
126,1,1,1,0,1,0,0.,0.,1.,1.,1.,1.,0.813609913,0.316212696,0.,       3621P   4727
0.939015673,1.,0.,0.,1.,0.,0.,1.;                                   3621P   4728
110,124.449089256,56.31,13.823574526,33.630167394,56.31,            3623P   4729
10.961563539;                                                       3623P   4730
126,1,1,1,0,1,0,0.,0.,1.,1.,1.,1.,0.939015673,1.,0.,                3625P   4731
0.060984327,1.,0.,0.,1.,0.,0.,1.;                                   3625P   4732
110,33.630167394,56.31,10.961563539,33.630167394,56.31,31.;         3627P   4733
126,1,1,1,0,1,0,0.,0.,1.,1.,1.,1.,0.060984327,1.,0.,                3629P   4734
0.186390087,0.316212696,0.,0.,1.,0.,0.,1.;                          3629P   4735
110,33.630167394,56.31,31.,124.449089256,56.31,28.137989014;        3631P   4736
126,8,2,1,0,1,0,0.,0.,0.,0.25,0.25,0.5,0.5,0.75,0.75,1.,1.,1.,      3633P   4737
1.,1.,1.,1.,1.,1.,1.,1.,1.,0.186390087,0.316212696,0.,              3633P   4738
0.190195071,0.31235323,0.,0.190793794,0.308440128,0.,               3633P   4739
0.191392518,0.304527026,0.,0.18877301,0.300638537,0.,               3633P   4740
0.186153502,0.296750047,0.,0.180368143,0.292963925,0.,              3633P   4741
0.174582784,0.289177803,0.,0.165747259,0.285569757,0.,0.,1.,0.,     3633P   4742
0.,1.;                                                              3633P   4743
124,-0.167024453543822,0.985952753390541,                           3635P   4744
-3.59835392685585E-016,91.1458603678623,7.0053447828947E-015,       3635P   4745
8.21772127292324E-016,-1.,91.6798484304365,-0.985952753390541,      3635P   4746
-0.167024453543822,-7.04419501764363E-015,168.683814985684;         3635P   4747
100,35.36984843,125.674196,56.31,133.009090488,56.31,               3637P   4748
131.864821616,60.244060451;                                         3637P   4749
102,17,3543,3549,3555,3561,3567,3573,3579,3585,3591,3597,3603,      3639P   4750
3609,3615,3621,3625,3629,3633;                                      3639P   4751
102,17,3547,3553,3559,3565,3571,3577,3583,3589,3595,3601,3607,      3641P   4752
3613,3619,3623,3627,3631,3637;                                      3641P   4753
142,1,3541,3639,3641,1;                                             3643P   4754
144,3541,1,0,3643;                                                  3645P   4755
314,100.,100.,0.,;                                                  3647P   4756
110,125.674196,59.81,35.36984843,125.674196,-940.19,                3649P   4757
35.36984843;                                                        3649P   4758
110,125.674196,59.81,42.704742919,125.674196,56.31,                 3651P   4759
42.704742919;                                                       3651P   4760
120,3649,3651,0.,6.28318530717959;                                  3653P   4761
126,1,1,1,0,1,0,0.,0.,1.,1.,1.,1.,1.,2.973781701,0.,0.,             3655P   4762
2.973781701,0.,0.,1.,0.,0.,1.;                                      3655P   4763
110,124.449089256,56.31,28.137989014,124.449089256,59.81,           3657P   4764
28.137989014;                                                       3657P   4765
126,1,1,1,0,1,0,0.,0.,1.,1.,1.,1.,0.,2.973781701,0.,0.,             3659P   4766
3.539886522,0.,0.,1.,0.,0.,1.;                                      3659P   4767
124,-0.167024453543824,0.98595275339054,-3.59835392685585E-016,     3661P   4768
87.6950257309957,7.0053447828947E-015,8.21772127292336E-016,        3661P   4769
-1.,95.1798484304365,-0.98595275339054,-0.167024453543824,          3661P   4770
-7.04419501764363E-015,169.268400573088;                            3661P   4771
100,35.36984843,125.674196,59.81,133.009090488,59.81,               3663P   4772
131.864821616,63.744060451;                                         3663P   4773
126,1,1,1,0,1,0,0.,0.,1.,1.,1.,1.,0.,3.539886522,0.,1.,             3665P   4774
3.539886522,0.,0.,1.,0.,0.,1.;                                      3665P   4775
110,128.519007873,59.81,28.609099762,128.519007873,56.31,           3667P   4776
28.609099762;                                                       3667P   4777
126,1,1,1,0,1,0,0.,0.,1.,1.,1.,1.,1.,3.539886522,0.,1.,             3669P   4778
2.973781701,0.,0.,1.,0.,0.,1.;                                      3669P   4779
124,0.387846325166459,-0.921724052010618,3.59835392685585E-016,     3671P   4780
128.834202281776,-8.31215142183373E-017,3.55417674236798E-016,      3671P   4781
1.,20.9401515695625,-0.921724052010618,-0.387846325166459,          3671P   4782
6.12323399573677E-017,173.046404170719;                             3671P   4783
100,35.36984843,125.674196,56.31,133.009090488,56.31,               3673P   4784
131.864821616,60.244060451;                                         3673P   4785
102,4,3655,3659,3665,3669;                                          3675P   4786
102,4,3657,3663,3667,3673;                                          3677P   4787
142,1,3653,3675,3677,1;                                             3679P   4788
144,3653,1,0,3679;                                                  3681P   4789
314,100.,100.,0.,;                                                  3683P   4790
128,1,1,1,1,0,0,1,0,0,0.,0.,1.,1.,0.,0.,1.,1.,1.,1.,1.,1.,          3685P   4791
166.447669779,59.81,32.39178467,166.447669779,59.81,                3685P   4792
9.569778869,33.630167394,59.81,32.39178467,33.630167394,59.81,      3685P   4793
9.569778869,0.,1.,0.,1.;                                            3685P   4794
126,8,2,1,0,1,0,0.,0.,0.,0.25,0.25,0.5,0.5,0.75,0.75,1.,1.,1.,      3687P   4795
1.,1.,1.,1.,1.,1.,1.,1.,1.,0.186390087,0.316212696,0.,              3687P   4796
0.190195071,0.31235323,0.,0.190793794,0.308440128,0.,               3687P   4797
0.191392518,0.304527026,0.,0.18877301,0.300638537,0.,               3687P   4798
0.186153502,0.296750047,0.,0.180368143,0.292963925,0.,              3687P   4799
0.174582784,0.289177803,0.,0.165747259,0.285569757,0.,0.,1.,0.,     3687P   4800
0.,1.;                                                              3687P   4801
124,-0.167024453543824,0.98595275339054,-3.59835392685585E-016,     3689P   4802
87.6950257309957,7.0053447828947E-015,8.21772127292336E-016,        3689P   4803
-1.,95.1798484304365,-0.98595275339054,-0.167024453543824,          3689P   4804
-7.04419501764363E-015,169.268400573088;                            3689P   4805
100,35.36984843,125.674196,59.81,133.009090488,59.81,               3691P   4806
131.864821616,63.744060451;                                         3691P   4807
126,4,2,1,0,1,0,0.,0.,0.,0.5,0.5,1.,1.,1.,1.,1.,1.,1.,1.,           3693P   4808
0.165747259,0.285569757,0.,0.119469081,0.266671751,0.,              3693P   4809
0.086197332,0.246982071,0.,0.052925583,0.227292391,0.,              3693P   4810
0.033105198,0.207074343,0.,0.,1.,0.,0.,-1.;                         3693P   4811
124,-0.387846325166532,0.921724052010588,3.59835392685585E-016,     3695P   4812
148.544654463705,8.31215142183651E-017,-3.55417674236791E-016,      3695P   4813
1.,74.5383620885396,0.921724052010588,0.387846325166532,            3695P   4814
6.12323399573677E-017,-173.192786814109;                            3695P   4815
100,-14.728362089,146.754699221,59.81,193.772526037,59.81,          3697P   4816
192.519213238,70.593565983;                                         3697P   4817
126,4,2,1,0,1,0,0.,0.,0.,0.5,0.5,1.,1.,1.,1.,1.,1.,1.,1.,           3699P   4818
0.033105198,0.207074343,0.,0.019548377,0.195090313,0.,              3699P   4819
0.012738615,0.182938185,0.,0.005928854,0.170786057,0.,              3699P   4820
0.005928854,0.158577724,0.,0.,1.,0.,0.,-1.;                         3699P   4821
124,-0.190809505648173,0.98162708426077,3.59835392685585E-016,      3701P   4822
114.415644040916,8.55269005823769E-018,-3.64907879852726E-016,      3701P   4823
1.,61.3107506392812,0.98162708426077,0.190809505648173,             3701P   4824
6.12323399573677E-017,-155.627679183254;                            3701P   4825
100,-1.500750639,145.38577256,59.81,179.142999535,59.81,            3703P   4826
178.522780848,66.251199791;                                         3703P   4827
126,2,2,1,0,1,0,0.,0.,0.,1.,1.,1.,1.,1.,1.,0.005928854,             3705P   4828
0.158577724,0.,0.005928854,0.149107928,0.,0.010029939,              3705P   4829
0.139664387,0.,0.,1.,0.,0.,-1.;                                     3705P   4830
124,1.43869930880155E-014,1.,3.59835392685585E-016,                 3707P   4831
85.5757725600827,-6.12323399573728E-017,-3.59835392685584E-016,     3707P   4832
1.,61.3107506392812,1.,-1.43869930880155E-014,                      3707P   4833
6.12323399573677E-017,-146.886523199365;                            3707P   4834
100,-1.500750639,145.38577256,59.81,179.142999535,59.81,            3709P   4835
179.049404536,62.322022134;                                         3709P   4836
126,8,2,1,0,1,0,0.,0.,0.,0.25,0.25,0.5,0.5,0.75,0.75,1.,1.,1.,      3711P   4837
1.,1.,1.,1.,1.,1.,1.,1.,1.,0.010029939,0.139664387,0.,              3711P   4838
0.01733374,0.12740671,0.,0.031977077,0.115344594,0.,                3711P   4839
0.046620415,0.103282478,0.,0.0684462,0.091545323,0.,                3711P   4840
0.090271984,0.079808168,0.,0.119046075,0.068521888,0.,              3711P   4841
0.147820165,0.057235607,0.,0.18323388,0.046521276,0.,0.,1.,0.,      3711P   4842
0.,-1.;                                                             3711P   4843
124,0.101853217224552,0.99479943814872,3.59835392685585E-016,       3713P   4844
70.4480009154103,-9.75642898024076E-017,-3.51727335646798E-016,     3713P   4845
1.,59.0418094148912,0.99479943814872,-0.101853217224552,            3713P   4846
6.12323399573677E-017,-137.070961301162;                            3713P   4847
100,0.768190585,144.683427924,59.81,176.242242242,59.81,            3715P   4848
173.569967756,72.519310668;                                         3715P   4849
126,8,2,1,0,1,0,0.,0.,0.,0.25,0.25,0.5,0.5,0.75,0.75,1.,1.,1.,      3717P   4850
1.,1.,1.,1.,1.,1.,1.,1.,1.,0.18323388,0.046521276,0.,               3717P   4851
0.199902507,0.039727434,0.,0.224446336,0.033679823,0.,              3717P   4852
0.248990166,0.027632211,0.,0.280330999,0.022596499,0.,              3717P   4853
0.311671833,0.017560787,0.,0.348432884,0.013758189,0.,              3717P   4854
0.385193936,0.009955592,0.,0.425760311,0.007553156,0.,0.,1.,0.,     3717P   4855
0.,-1.;                                                             3717P   4856
124,0.388471928643999,0.921460558383055,3.59835392685585E-016,      3719P   4857
40.688714127927,-1.96209135159157E-016,-3.07787076671421E-016,      3719P   4858
1.,40.1629558605998,0.921460558383055,-0.388471928643999,           3719P   4859
6.12323399573677E-017,-101.473379692937;                            3719P   4860
100,19.647044139,156.658826654,59.81,165.951656154,59.81,           3721P   4861
162.862021697,66.729324488;                                         3721P   4862
126,4,2,1,0,1,0,0.,0.,0.,0.5,0.5,1.,1.,1.,1.,1.,1.,1.,1.,           3723P   4863
0.425760311,0.007553156,0.,0.443965045,0.006761033,0.,              3723P   4864
0.462600444,0.006362264,0.,0.481235843,0.005963495,0.,              3723P   4865
0.500015188,0.005964216,0.,0.,1.,0.,0.,-1.;                         3723P   4866
124,0.969401947759577,0.245478845687238,3.59835392685585E-016,      3725P   4867
-9.82439285118681,-3.63856374673701E-016,                           3725P   4868
-2.89732272133224E-017,1.,38.8280233876212,0.245478845687238,       3725P   4869
-0.969401947759577,6.12323399573677E-017,39.9900856128337;          3725P   4870
100,20.981976612,158.758370343,59.81,165.655517678,59.81,           3727P   4871
165.444099841,61.504598015;                                         3727P   4872
126,4,2,1,0,1,0,0.,0.,0.,0.5,0.5,1.,1.,1.,1.,1.,1.,1.,1.,           3729P   4873
0.500015188,0.005964216,0.,0.518786968,0.005963657,0.,              3729P   4874
0.537414744,0.006362426,0.,0.556042519,0.006761195,0.,              3729P   4875
0.574239689,0.007553156,0.,0.,1.,0.,0.,-1.;                         3729P   4876
124,0.999999984982335,0.000173307039009609,                         3731P   4877
3.59835392685585E-016,-0.0103631097814261,                          3731P   4878
-3.59845999277227E-016,6.11699770313637E-017,1.,                    3731P   4879
38.8307596870625,0.000173307039009609,-0.999999984982335,           3731P   4880
6.12323399573677E-017,80.7617249901585;                             3731P   4881
100,20.979240313,158.761148593,59.81,165.655517609,59.81,           3733P   4882
165.444184936,61.503915395;                                         3733P   4883
126,8,2,1,0,1,0,0.,0.,0.,0.25,0.25,0.5,0.5,0.75,0.75,1.,1.,1.,      3735P   4884
1.,1.,1.,1.,1.,1.,1.,1.,1.,0.574239689,0.007553156,0.,              3735P   4885
0.614806064,0.009955592,0.,0.651567116,0.013758189,0.,              3735P   4886
0.688328167,0.017560787,0.,0.719669001,0.022596499,0.,              3735P   4887
0.751009834,0.027632211,0.,0.775553664,0.033679823,0.,              3735P   4888
0.800097493,0.039727434,0.,0.81676612,0.046521276,0.,0.,1.,0.,      3735P   4889
0.,-1.;                                                             3735P   4890
124,0.945422677642599,-0.325846529211374,3.59835392685585E-016,     3737P   4891
28.038900194578,-3.20244195012782E-016,1.75141556594826E-016,       3737P   4892
1.,37.4954806000077,-0.325846529211374,-0.945422677642599,          3737P   4893
6.12323399573677E-017,129.906984685437;                             3737P   4894
100,22.3145194,156.658826654,59.81,165.951656154,59.81,             3739P   4895
162.862021697,66.729324488;                                         3739P   4896
126,8,2,1,0,1,0,0.,0.,0.,0.25,0.25,0.5,0.5,0.75,0.75,1.,1.,1.,      3741P   4897
1.,1.,1.,1.,1.,1.,1.,1.,1.,0.81676612,0.046521276,0.,               3741P   4898
0.852179835,0.057235607,0.,0.880953925,0.068521888,0.,              3741P   4899
0.909728016,0.079808168,0.,0.9315538,0.091545323,0.,                3741P   4900
0.953379585,0.103282478,0.,0.968022923,0.115344594,0.,              3741P   4901
0.98266626,0.12740671,0.,0.989970061,0.139664387,0.,0.,1.,0.,       3741P   4902
0.,-1.;                                                             3741P   4903
124,0.493852588117646,-0.869545640670749,3.59835392685585E-016,     3743P   4904
125.238667354642,-1.24461325696107E-016,3.43133046633243E-016,      3743P   4905
1.,18.6166270457177,-0.869545640670749,-0.493852588117646,          3743P   4906
6.12323399573677E-017,196.539540278427;                             3743P   4907
100,41.193372954,144.683427924,59.81,176.242242242,59.81,           3745P   4908
173.569967756,72.519310668;                                         3745P   4909
126,4,2,1,0,1,0,0.,0.,0.,0.5,0.5,1.,1.,1.,1.,1.,1.,1.,1.,           3747P   4910
0.989970061,0.139664387,0.,0.997313525,0.15657413,0.,               3747P   4911
0.991519033,0.17350163,0.,0.985724541,0.190429131,0.,               3747P   4912
0.966894802,0.207074343,0.,0.,1.,0.,0.,-1.;                         3747P   4913
124,0.074414350918878,-0.997227408557006,3.59835392685585E-016,     3749P   4914
194.211155967988,3.428565051123E-017,3.6339428098811E-016,1.,       3749P   4915
16.3476858213286,-0.997227408557006,-0.074414350918878,             3749P   4916
6.12323399573677E-017,192.895713718289;                             3749P   4917
100,43.462314179,145.38577256,59.81,179.142999535,59.81,            3751P   4918
177.951587761,68.699209939;                                         3751P   4919
126,4,2,1,0,1,0,0.,0.,0.,0.5,0.5,1.,1.,1.,1.,1.,1.,1.,1.,           3753P   4920
0.966894802,0.207074343,0.,0.947074417,0.227292391,0.,              3753P   4921
0.913802668,0.246982071,0.,0.880530919,0.266671751,0.,              3753P   4922
0.834252741,0.285569757,0.,0.,1.,0.,0.,-1.;                         3753P   4923
124,-0.166109898745275,-0.986107246469082,                          3755P   4924
3.59835392685585E-016,230.111181860032,1.20153874794187E-016,       3755P   4925
3.44664990473048E-016,1.,3.12007437206887,-0.986107246469082,       3755P   4926
0.166109898745275,6.12323399573677E-017,191.470764938961;           3755P   4927
100,56.689925628,146.754699221,59.81,193.772526037,59.81,           3757P   4928
192.519213238,70.593565983;                                         3757P   4929
126,4,2,1,0,1,0,0.,0.,0.,0.5,0.5,1.,1.,1.,1.,1.,1.,1.,1.,           3759P   4930
0.834252741,0.285569757,0.,0.82179951,0.290655118,0.,               3759P   4931
0.815447349,0.296063301,0.,0.809095188,0.301471484,0.,              3759P   4932
0.809095188,0.30698871,0.,0.,1.,0.,0.,1.;                           3759P   4933
124,0.387846325166485,-0.921724052010608,                           3761P   4934
-3.59835392685585E-016,132.06023646381,-6.63236480953337E-015,      3761P   4935
-2.40039621514616E-015,-1.,66.4017151089542,0.921724052010608,      3761P   4936
0.387846325166485,-7.04419501764363E-015,-132.442302769411;         3761P   4937
100,6.591715109,125.674196,59.81,133.009090488,59.81,               3763P   4938
132.434944669,62.654811873;                                         3763P   4939
126,2,2,1,0,1,0,0.,0.,0.,1.,1.,1.,1.,1.,1.,0.809095188,             3765P   4940
0.30698871,0.,0.809095188,0.311633325,0.,0.813609913,               3765P   4941
0.316212696,0.,0.,1.,0.,0.,1.;                                      3765P   4942
124,-2.9860305272822E-016,-1.,-3.59835392685585E-016,               3767P   4943
185.484195999849,-7.04419501764363E-015,3.59835392685587E-016,      3767P   4944
-1.,66.4017151089541,1.,-2.98603052728217E-016,                     3767P   4945
-7.04419501764363E-015,-119.082480890896;                           3767P   4946
100,6.591715109,125.674196,59.81,133.009090488,59.81,               3769P   4947
132.906055416,61.035106744;                                         3769P   4948
126,1,1,1,0,1,0,0.,0.,1.,1.,1.,1.,0.813609913,0.316212696,0.,       3771P   4949
0.939015673,1.,0.,0.,1.,0.,0.,1.;                                   3771P   4950
110,124.449089256,59.81,13.823574526,33.630167394,59.81,            3773P   4951
10.961563539;                                                       3773P   4952
126,1,1,1,0,1,0,0.,0.,1.,1.,1.,1.,0.939015673,1.,0.,                3775P   4953
0.060984327,1.,0.,0.,1.,0.,0.,1.;                                   3775P   4954
110,33.630167394,59.81,10.961563539,33.630167394,59.81,31.;         3777P   4955
126,1,1,1,0,1,0,0.,0.,1.,1.,1.,1.,0.060984327,1.,0.,                3779P   4956
0.186390087,0.316212696,0.,0.,1.,0.,0.,1.;                          3779P   4957
110,33.630167394,59.81,31.,124.449089256,59.81,28.137989014;        3781P   4958
102,17,3687,3693,3699,3705,3711,3717,3723,3729,3735,3741,3747,      3783P   4959
3753,3759,3765,3771,3775,3779;                                      3783P   4960
102,17,3691,3697,3703,3709,3715,3721,3727,3733,3739,3745,3751,      3785P   4961
3757,3763,3769,3773,3777,3781;                                      3785P   4962
142,1,3685,3783,3785,1;                                             3787P   4963
144,3685,1,0,3787;                                                  3789P   4964
128,1,1,1,1,0,0,1,0,0,0.,0.,1.,1.,0.,0.,1.,1.,1.,1.,1.,1.,          3791P   4965
33.630167394,59.81,31.,12.416963958,38.596796564,31.,               3791P   4966
33.630167394,59.81,10.961563539,12.416963958,38.596796564,          3791P   4967
10.961563539,0.,1.,0.,1.;                                           3791P   4968
126,1,1,1,0,1,0,0.,0.,1.,1.,1.,1.,0.,0.,0.,1.,0.,0.,0.,1.,0.,       3793P   4969
0.,1.;                                                              3793P   4970
110,33.630167394,59.81,31.,12.416963958,38.596796564,31.;           3795P   4971
126,1,1,1,0,1,0,0.,0.,1.,1.,1.,1.,1.,0.,0.,1.,1.,0.,0.,1.,0.,       3797P   4972
0.,1.;                                                              3797P   4973
110,12.416963958,38.596796564,31.,12.416963958,38.596796564,        3799P   4974
10.961563539;                                                       3799P   4975
126,1,1,1,0,1,0,0.,0.,1.,1.,1.,1.,1.,1.,0.,0.,1.,0.,0.,1.,0.,       3801P   4976
0.,1.;                                                              3801P   4977
110,12.416963958,38.596796564,10.961563539,33.630167394,59.81,      3803P   4978
10.961563539;                                                       3803P   4979
126,1,1,1,0,1,0,0.,0.,1.,1.,1.,1.,0.,1.,0.,0.,0.,0.,0.,1.,0.,       3805P   4980
0.,1.;                                                              3805P   4981
110,33.630167394,59.81,10.961563539,33.630167394,59.81,31.;         3807P   4982
102,4,3793,3797,3801,3805;                                          3809P   4983
102,4,3795,3799,3803,3807;                                          3811P   4984
142,1,3791,3809,3811,1;                                             3813P   4985
144,3791,1,0,3813;                                                  3815P   4986
314,100.,50.1960784313725,0.,;                                      3817P   4987
110,0.,1041.7,19.5,0.,41.7,19.5;                                    3819P   4988
110,-5.412658774,44.8,16.375,-6.506524047,43.53691318,              3821P   4989
15.74345659;                                                        3821P   4990
120,3819,3821,0.,6.28318530717959;                                  3823P   4991
126,1,1,1,0,1,0,0.,0.,1.,1.,1.,1.,0.,0.,0.,0.,3.141592654,0.,       3825P   4992
0.,1.,0.,0.,1.;                                                     3825P   4993
124,-0.866025403784432,0.500000000000012,                           3827P   4994
-4.65617578955777E-017,-22.4000000000005,3.56242117400433E-015,     3827P   4995
6.07717095554332E-015,-1.,64.2999999999997,-0.500000000000012,      3827P   4996
-0.866025403784432,-7.04419501764363E-015,58.2979380895427;         3827P   4997
100,19.5,0.,44.8,6.25,44.8,-6.25,44.8;                              3829P   4998
126,1,1,1,0,1,0,0.,0.,1.,1.,1.,1.,0.,3.141592654,0.,                3831P   4999
0.994035785,3.141592654,0.,0.,1.,0.,0.,1.;                          3831P   5000
110,5.412658774,44.8,22.625,6.5,43.544446501,23.25277675;           3833P   5001
126,16,2,1,0,1,0,0.,0.,0.,0.125,0.125,0.25,0.25,0.375,0.375,        3835P   5002
0.5,0.5,0.625,0.625,0.75,0.75,0.875,0.875,1.,1.,1.,1.,1.,1.,1.,     3835P   5003
1.,1.,1.,1.,1.,1.,1.,1.,1.,1.,1.,1.,1.,0.994035785,3.141592654,     3835P   5004
0.,0.81307224,3.088845114,0.,0.67204224,3.031689229,0.,             3835P   5005
0.521591498,2.970715355,0.,0.417845527,2.905278673,0.,              3835P   5006
0.309236142,2.836774444,0.,0.25385783,2.764764794,0.,               3835P   5007
0.197117795,2.690984467,0.,0.197939428,2.615868367,0.,              3835P   5008
0.198767612,2.540153411,0.,0.258041774,2.465883266,0.,              3835P   5009
0.31478882,2.394779582,0.,0.423512639,2.327159695,0.,               3835P   5010
0.526629138,2.263027235,0.,0.674728937,2.203211543,0.,              3835P   5011
0.814795795,2.146640257,0.,0.994035785,2.094395102,0.,0.,1.,0.,     3835P   5012
0.,1.;                                                              3835P   5013
126,7,3,1,0,1,0,0.,0.,0.,0.,0.500000000000001,                      3837P   5014
0.500000000000001,0.75,0.75,1.,1.,1.,1.,1.,1.,1.,1.,1.,1.,1.,       3837P   5015
1.,6.5,43.544446501,23.25277675,6.5,44.134327499,22.073014753,      3837P   5016
6.5,44.55277065,20.796615176,6.5,44.548592651,18.830968653,6.5,     3837P   5017
44.443169349,18.175514702,6.5,44.086964186,16.933306056,6.5,        3837P   5018
43.837660286,16.333650822,6.5,43.544446501,15.74722325,0.,1.,       3837P   5019
1.,0.,0.;                                                           3837P   5020
126,16,2,1,0,1,0,0.,0.,0.,0.125,0.125,0.25,0.25,0.375,0.375,        3839P   5021
0.5,0.5,0.625,0.625,0.75,0.75,0.875,0.875,1.,1.,1.,1.,1.,1.,1.,     3839P   5022
1.,1.,1.,1.,1.,1.,1.,1.,1.,1.,1.,1.,1.,0.994035785,2.094395102,     3839P   5023
0.,0.814236021,2.041986784,0.,0.673855545,1.985225713,0.,           3839P   5024
0.52399452,1.924631303,0.,0.4202886,1.859617369,0.,0.31192656,      3839P   5025
1.791684484,0.,0.255957711,1.720271926,0.,0.19781043,               3839P   5026
1.646079832,0.,0.197928039,1.570493972,0.,0.198045159,              3839P   5027
1.495221815,0.,0.255944736,1.421337284,0.,0.311987597,              3839P   5028
1.349822072,0.,0.420572292,1.281797498,0.,0.524610818,              3839P   5029
1.216620942,0.,0.675038649,1.155888927,0.,0.814994176,              3839P   5030
1.099384881,0.,0.994035785,1.047197551,0.,0.,1.,0.,0.,1.;           3839P   5031
126,5,3,1,0,1,0,0.,0.,0.,0.,0.5,0.5,1.,1.,1.,1.,1.,1.,1.,1.,1.,     3841P   5032
1.,6.5,43.544446501,15.74722325,5.491417621,44.126751808,           3841P   5033
15.164917942,4.390624432,44.550398523,14.529374698,2.105971553,     3841P   5034
44.549600883,13.210329744,1.005656099,44.12506232,12.57506232,      3841P   5035
0.,43.544446501,11.994446501,0.,1.,0.5,0.,-0.866025404;             3841P   5036
126,16,2,1,0,1,0,0.,0.,0.,0.125,0.125,0.25,0.25,0.375,0.375,        3843P   5037
0.5,0.5,0.625,0.625,0.75,0.75,0.875,0.875,1.,1.,1.,1.,1.,1.,1.,     3843P   5038
1.,1.,1.,1.,1.,1.,1.,1.,1.,1.,1.,1.,1.,0.994035785,1.047197551,     3843P   5039
0.,0.81307224,0.994450012,0.,0.67204224,0.937294126,0.,             3843P   5040
0.521591498,0.876320252,0.,0.417845527,0.81088357,0.,               3843P   5041
0.309236142,0.742379342,0.,0.25385783,0.670369692,0.,               3843P   5042
0.197117795,0.596589365,0.,0.197939428,0.521473265,0.,              3843P   5043
0.198767612,0.445758308,0.,0.258041774,0.371488164,0.,              3843P   5044
0.31478882,0.30038448,0.,0.423512639,0.232764593,0.,                3843P   5045
0.526629138,0.168632133,0.,0.674728937,0.10881644,0.,               3843P   5046
0.814795795,0.052245154,0.,0.994035785,0.,0.,0.,1.,0.,0.,1.;        3843P   5047
126,7,3,1,0,1,0,0.,0.,0.,0.,0.5,0.5,0.75,0.75,1.,1.,1.,1.,1.,       3845P   5048
1.,1.,1.,1.,1.,1.,1.,0.,43.544446501,11.994446501,-1.02170386,      3845P   5049
44.134327499,12.584327499,-2.127098319,44.55277065,                 3845P   5050
13.222527288,-3.829398142,44.548592651,14.205350549,                3845P   5051
-4.397037915,44.443169349,14.533077524,-5.472822159,                3845P   5052
44.086964186,15.154181847,-5.992138826,43.837660286,                3845P   5053
15.454009465,-6.5,43.544446501,15.74722325,0.,1.,-0.5,0.,           3845P   5054
-0.866025404;                                                       3845P   5055
126,1,1,1,0,1,0,0.,0.,1.,1.,1.,1.,0.994035785,0.,0.,0.,0.,0.,       3847P   5056
0.,1.,0.,0.,1.;                                                     3847P   5057
110,-6.5,43.544446501,15.74722325,-5.412658774,44.8,16.375;         3849P   5058
102,6,3825,3831,3835,3839,3843,3847;                                3851P   5059
102,6,3829,3833,3837,3841,3845,3849;                                3853P   5060
142,1,3823,3851,3853,1;                                             3855P   5061
144,3823,1,0,3855;                                                  3857P   5062
314,100.,50.1960784313725,0.,;                                      3859P   5063
110,0.,-958.3,19.5,0.,41.7,19.5;                                    3861P   5064
110,5.412658774,38.6,22.625,6.506524047,39.86308682,                3863P   5065
23.25654341;                                                        3863P   5066
120,3861,3863,0.,6.28318530717959;                                  3865P   5067
126,1,1,1,0,1,0,0.,0.,1.,1.,1.,1.,0.,0.,0.,0.,3.141592654,0.,       3867P   5068
0.,1.,0.,0.,1.;                                                     3867P   5069
124,0.866025403784444,0.499999999999991,-7.14232093526861E-017,     3869P   5070
-19.2999999999996,3.12381437405576E-017,8.8740366612588E-017,       3869P   5071
1.,19.1,0.499999999999991,-0.866025403784444,                       3869P   5072
6.12323399573677E-017,52.9285805860795;                             3869P   5073
100,19.5,0.,38.6,6.25,38.6,-6.25,38.6;                              3871P   5074
126,1,1,1,0,1,0,0.,0.,1.,1.,1.,1.,0.,3.141592654,0.,                3873P   5075
0.994035785,3.141592654,0.,0.,1.,0.,0.,1.;                          3873P   5076
110,-5.412658774,38.6,16.375,-6.5,39.855553499,15.74722325;         3875P   5077
126,16,2,1,0,1,0,0.,0.,0.,0.125,0.125,0.25,0.25,0.375,0.375,        3877P   5078
0.5,0.5,0.625,0.625,0.75,0.75,0.875,0.875,1.,1.,1.,1.,1.,1.,1.,     3877P   5079
1.,1.,1.,1.,1.,1.,1.,1.,1.,1.,1.,1.,1.,0.994035785,3.141592654,     3877P   5080
0.,0.814795795,3.089347499,0.,0.674728937,3.032776213,0.,           3877P   5081
0.526629138,2.972960521,0.,0.423512639,2.908828061,0.,              3877P   5082
0.31478882,2.841208174,0.,0.258041774,2.77010449,0.,                3877P   5083
0.198767612,2.695834345,0.,0.197939428,2.620119389,0.,              3877P   5084
0.197117795,2.545003289,0.,0.25385783,2.471222962,0.,               3877P   5085
0.309236142,2.399213312,0.,0.417845527,2.330709083,0.,              3877P   5086
0.521591498,2.265272401,0.,0.67204224,2.204298527,0.,               3877P   5087
0.81307224,2.147142641,0.,0.994035785,2.094395102,0.,0.,1.,0.,      3877P   5088
0.,1.;                                                              3877P   5089
126,7,3,1,0,1,0,0.,0.,0.,0.,0.25,0.25,0.5,0.5,1.,1.,1.,1.,1.,       3879P   5090
1.,1.,1.,1.,1.,1.,1.,-6.5,39.855553499,15.74722325,                 3879P   5091
-5.992138826,39.562339714,15.454009465,-5.472822159,                3879P   5092
39.313035814,15.154181847,-4.397037915,38.956830651,                3879P   5093
14.533077524,-3.829398142,38.851407349,14.205350549,                3879P   5094
-2.127098319,38.84722935,13.222527288,-1.02170386,39.265672501,     3879P   5095
12.584327499,0.,39.855553499,11.994446501,0.,1.,-0.5,0.,            3879P   5096
-0.866025404;                                                       3879P   5097
126,16,2,1,0,1,0,0.,0.,0.,0.125,0.125,0.25,0.25,0.375,0.375,        3881P   5098
0.5,0.5,0.625,0.625,0.75,0.75,0.875,0.875,1.,1.,1.,1.,1.,1.,1.,     3881P   5099
1.,1.,1.,1.,1.,1.,1.,1.,1.,1.,1.,1.,1.,0.994035785,2.094395102,     3881P   5100
0.,0.814994176,2.042207772,0.,0.675038649,1.985703726,0.,           3881P   5101
0.524610818,1.924971712,0.,0.420572292,1.859795156,0.,              3881P   5102
0.311987597,1.791770581,0.,0.255944736,1.72025537,0.,               3881P   5103
0.198045159,1.646370839,0.,0.197928039,1.571098682,0.,              3881P   5104
0.19781043,1.495512821,0.,0.255957711,1.421320728,0.,               3881P   5105
0.31192656,1.34990817,0.,0.4202886,1.281975284,0.,0.52399452,       3881P   5106
1.216961351,0.,0.673855545,1.15636694,0.,0.814236021,               3881P   5107
1.099605869,0.,0.994035785,1.047197551,0.,0.,1.,0.,0.,1.;           3881P   5108
126,5,3,1,0,1,0,0.,0.,0.,0.,0.5,0.5,1.,1.,1.,1.,1.,1.,1.,1.,1.,     3883P   5109
1.,0.,39.855553499,11.994446501,1.005656099,39.27493768,            3883P   5110
12.57506232,2.105971553,38.850399117,13.210329744,4.390624432,      3883P   5111
38.849601477,14.529374698,5.491417621,39.273248192,                 3883P   5112
15.164917942,6.5,39.855553499,15.74722325,0.,1.,0.5,0.,             3883P   5113
-0.866025404;                                                       3883P   5114
126,16,2,1,0,1,0,0.,0.,0.,0.125,0.125,0.25,0.25,0.375,0.375,        3885P   5115
0.5,0.5,0.625,0.625,0.75,0.75,0.875,0.875,1.,1.,1.,1.,1.,1.,1.,     3885P   5116
1.,1.,1.,1.,1.,1.,1.,1.,1.,1.,1.,1.,1.,0.994035785,1.047197551,     3885P   5117
0.,0.814795795,0.994952397,0.,0.674728937,0.938381111,0.,           3885P   5118
0.526629138,0.878565418,0.,0.423512639,0.814432959,0.,              3885P   5119
0.31478882,0.746813071,0.,0.258041774,0.675709388,0.,               3885P   5120
0.198767612,0.601439243,0.,0.197939428,0.525724286,0.,              3885P   5121
0.197117795,0.450608186,0.,0.25385783,0.376827859,0.,               3885P   5122
0.309236142,0.30481821,0.,0.417845527,0.236313981,0.,               3885P   5123
0.521591498,0.170877299,0.,0.67204224,0.109903425,0.,               3885P   5124
0.81307224,0.052747539,0.,0.994035785,0.,0.,0.,1.,0.,0.,1.;         3885P   5125
126,7,3,1,0,1,0,0.,0.,0.,0.,0.25,0.25,0.499999999999999,            3887P   5126
0.499999999999999,1.,1.,1.,1.,1.,1.,1.,1.,1.,1.,1.,1.,6.5,          3887P   5127
39.855553499,15.74722325,6.5,39.562339714,16.333650822,6.5,         3887P   5128
39.313035814,16.933306056,6.5,38.956830651,18.175514702,6.5,        3887P   5129
38.851407349,18.830968653,6.5,38.84722935,20.796615176,6.5,         3887P   5130
39.265672501,22.073014753,6.5,39.855553499,23.25277675,0.,1.,       3887P   5131
1.,0.,0.;                                                           3887P   5132
126,1,1,1,0,1,0,0.,0.,1.,1.,1.,1.,0.994035785,0.,0.,0.,0.,0.,       3889P   5133
0.,1.,0.,0.,1.;                                                     3889P   5134
110,6.5,39.855553499,23.25277675,5.412658774,38.6,22.625;           3891P   5135
102,6,3867,3873,3877,3881,3885,3889;                                3893P   5136
102,6,3871,3875,3879,3883,3887,3891;                                3895P   5137
142,1,3865,3893,3895,1;                                             3897P   5138
144,3865,1,0,3897;                                                  3899P   5139
314,100.,50.1960784313725,0.,;                                      3901P   5140
110,0.,1044.8,19.5,0.,44.8,19.5;                                    3903P   5141
110,-5.21949385,51.187248742,16.48652382,-5.412658774,44.8,         3905P   5142
16.375;                                                             3905P   5143
120,3903,3905,0.,6.28318530717959;                                  3907P   5144
126,1,1,1,0,1,0,0.,0.,1.,1.,1.,1.,0.,0.,0.,0.,3.141592654,0.,       3909P   5145
0.,1.,0.,0.,1.;                                                     3909P   5146
124,-0.866025403784431,0.500000000000012,                           3911P   5147
-4.65617578955777E-017,-25.5936243708787,3.56242117400434E-015,     3911P   5148
6.07717095554332E-015,-1.,70.6872487417559,-0.500000000000012,      3911P   5149
-0.866025403784431,-7.04419501764363E-015,63.8294577601937;         3911P   5150
100,19.5,0.,51.187248742,6.026952359,51.187248742,-6.026952359,     3913P   5151
51.187248742;                                                       3913P   5152
126,1,1,1,0,1,0,0.,0.,1.,1.,1.,1.,0.,3.141592654,0.,1.,             3915P   5153
3.141592654,0.,0.,1.,0.,0.,1.;                                      3915P   5154
110,5.21949385,51.187248742,22.51347618,5.412658774,44.8,           3917P   5155
22.625;                                                             3917P   5156
126,1,1,1,0,1,0,0.,0.,1.,1.,1.,1.,1.,3.141592654,0.,1.,0.,0.,       3919P   5157
0.,1.,0.,0.,1.;                                                     3919P   5158
124,0.866025403784445,0.499999999999988,4.65617578955777E-017,      3921P   5159
-22.3999999999995,-7.09398351611144E-017,2.97478829884574E-017,     3921P   5160
1.,25.3,0.499999999999988,-0.866025403784445,                       3921P   5161
6.12323399573677E-017,58.2979380895432;                             3921P   5162
100,19.5,0.,44.8,6.25,44.8,-6.25,44.8;                              3923P   5163
126,1,1,1,0,1,0,0.,0.,1.,1.,1.,1.,1.,0.,0.,0.,0.,0.,0.,1.,0.,       3925P   5164
0.,1.;                                                              3925P   5165
110,-5.412658774,44.8,16.375,-5.21949385,51.187248742,              3927P   5166
16.48652382;                                                        3927P   5167
102,4,3909,3915,3919,3925;                                          3929P   5168
102,4,3913,3917,3923,3927;                                          3931P   5169
142,1,3907,3929,3931,1;                                             3933P   5170
144,3907,1,0,3933;                                                  3935P   5171
314,100.,50.1960784313725,0.,;                                      3937P   5172
128,3,3,3,3,0,0,0,0,0,0.,0.,0.,0.,1.,1.,1.,1.,0.,0.,0.,0.,1.,       3939P   5173
1.,1.,1.,1.,0.76426398604132,0.76426398604132,1.,                   3939P   5174
0.333333333333334,0.254754662013773,0.254754662013773,              3939P   5175
0.333333333333334,0.333333333333334,0.254754662013773,              3939P   5176
0.254754662013773,0.333333333333334,1.,0.76426398604132,            3939P   5177
0.76426398604132,1.,2.839603552,53.587510413,21.139445875,          3939P   5178
4.27339713,53.753624719,21.967246983,5.309960415,52.597772333,      3939P   5179
22.565707075,5.216227516,50.937381359,22.51159036,6.118495301,      3939P   5180
53.587510413,15.460238772,9.207891096,53.753624719,                 3939P   5181
13.420452724,11.441374564,52.597772333,11.945786245,                3939P   5182
11.239408236,50.937381359,12.079135329,0.439288198,                 3939P   5183
53.587510413,12.181347022,0.661096837,53.753624719,8.485958758,     3939P   5184
0.821453735,52.597772333,5.814372096,0.806953205,50.937381359,      3939P   5185
6.055954609,-2.839603552,53.587510413,17.860554125,-4.27339713,     3939P   5186
53.753624719,17.032753017,-5.309960415,52.597772333,                3939P   5187
16.434292925,-5.216227516,50.937381359,16.48840964,0.,1.,0.,1.;     3939P   5188
126,1,1,1,0,1,0,0.,0.,1.,1.,1.,1.,0.935901247,0.,0.,                3941P   5189
0.935901247,1.,0.,0.,1.,0.,0.,1.;                                   3941P   5190
124,0.866025403784445,0.499999999999989,4.65617578955777E-017,      3943P   5191
-25.5936243708775,-7.09398351611144E-017,2.97478829884574E-017,     3943P   5192
1.,31.6872487417562,0.499999999999989,-0.866025403784445,           3943P   5193
6.12323399573677E-017,63.8294577601943;                             3943P   5194
100,19.5,0.,51.187248742,6.026952359,51.187248742,-6.026952359,     3945P   5195
51.187248742;                                                       3945P   5196
126,1,1,1,0,1,0,0.,0.,1.,1.,1.,1.,0.935901247,1.,0.,                3947P   5197
0.064098753,1.,0.,0.,1.,0.,0.,1.;                                   3947P   5198
124,-0.86549784450768,0.0302238507236526,0.499999999999994,         3949P   5199
-16.1128135678732,0.0348994967024958,0.999390827019096,             3949P   5200
2.87412944032481E-016,0.137772849815218,-0.499695413509542,         3949P   5201
0.0174497483512479,-0.866025403784442,30.6767570882311;             3949P   5202
100,17.735762354,-3.055749239,51.1,-0.555749239,51.1,               3951P   5203
-2.968500497,53.598477068;                                          3951P   5204
126,1,1,1,0,1,0,0.,0.,1.,1.,1.,1.,0.064098753,1.,0.,                3953P   5205
0.064098753,0.,0.,0.,1.,0.,0.,1.;                                   3953P   5206
124,-0.866025403784432,0.500000000000011,                           3955P   5207
-4.65617578955777E-017,-26.8000000000005,3.56242117400432E-015,     3955P   5208
6.07717095554333E-015,-1.,73.0999999999997,-0.500000000000011,      3955P   5209
-0.866025403784432,-7.04419501764363E-015,65.9189616428457;         3955P   5210
100,19.5,0.,53.6,3.528475291,53.6,-3.528475291,53.6;                3957P   5211
126,1,1,1,0,1,0,0.,0.,1.,1.,1.,1.,0.064098753,0.,0.,                3959P   5212
0.935901247,0.,0.,0.,1.,0.,0.,1.;                                   3959P   5213
124,-5.48779665903358E-016,0.866025403784442,0.499999999999994,     3961P   5214
-51.8302677172229,1.,4.67738235064457E-016,                         3961P   5215
2.87412944032481E-016,48.0442507609742,1.50377933763786E-017,       3961P   5216
0.499999999999994,-0.866025403784442,14.1296076390373;              3961P   5217
100,21.264237646,3.055749239,51.1,5.555749239,51.1,3.142997981,     3963P   5218
53.598477068;                                                       3963P   5219
102,4,3941,3947,3953,3959;                                          3965P   5220
102,4,3945,3951,3957,3963;                                          3967P   5221
142,1,3939,3965,3967,1;                                             3969P   5222
144,3939,1,0,3969;                                                  3971P   5223
314,100.,50.1960784313725,0.,;                                      3973P   5224
128,1,1,1,1,0,0,1,0,0,0.,0.,1.,1.,0.,0.,1.,1.,1.,1.,1.,1.,          3975P   5225
1.307009732,53.6,24.377826727,-4.877826727,53.6,20.807009732,       3975P   5226
4.877826727,53.6,18.192990268,-1.307009732,53.6,14.622173273,       3975P   5227
0.,1.,0.,1.;                                                        3975P   5228
126,32,2,1,0,1,0,0.,0.,0.,0.0625,0.0625,0.125,0.125,0.1875,         3977P   5229
0.1875,0.25,0.25,0.3125,0.3125,0.375,0.375,0.4375,0.4375,0.5,       3977P   5230
0.5,0.5625,0.5625,0.625,0.625,0.6875,0.6875,0.75,0.75,0.8125,       3977P   5231
0.8125,0.875,0.875,0.9375,0.9375,1.,1.,1.,1.,1.,1.,1.,1.,1.,1.,     3977P   5232
1.,1.,1.,1.,1.,1.,1.,1.,1.,1.,1.,1.,1.,1.,1.,1.,1.,1.,1.,1.,1.,     3977P   5233
1.,1.,1.,1.,1.,0.005928854,0.5,0.,0.005928854,0.451338239,0.,       3977P   5234
0.015422292,0.403611501,0.,0.024915731,0.355884763,0.,              3977P   5235
0.04353778,0.310927158,0.,0.06215983,0.265969553,0.,                3977P   5236
0.089194856,0.225508778,0.,0.116229881,0.185048003,0.,              3977P   5237
0.150638942,0.150638942,0.,0.185048003,0.116229881,0.,              3977P   5238
0.225508778,0.089194856,0.,0.265969553,0.06215983,0.,               3977P   5239
0.310927158,0.04353778,0.,0.355884763,0.024915731,0.,               3977P   5240
0.403611501,0.015422292,0.,0.451338239,0.005928854,0.,0.5,          3977P   5241
0.005928854,0.,0.548661761,0.005928854,0.,0.596388499,              3977P   5242
0.015422292,0.,0.644115237,0.024915731,0.,0.689072842,              3977P   5243
0.04353778,0.,0.734030447,0.06215983,0.,0.774491222,                3977P   5244
0.089194856,0.,0.814951997,0.116229881,0.,0.849361058,              3977P   5245
0.150638942,0.,0.883770119,0.185048003,0.,0.910805144,              3977P   5246
0.225508778,0.,0.93784017,0.265969553,0.,0.95646222,                3977P   5247
0.310927158,0.,0.975084269,0.355884763,0.,0.984577708,              3977P   5248
0.403611501,0.,0.994071146,0.451338239,0.,0.994071146,0.5,0.,       3977P   5249
0.,1.,0.,0.,-1.;                                                    3977P   5250
124,0.866025403784438,-0.500000000000002,                           3979P   5251
-4.65617578955777E-017,26.8000000000001,-3.56242117400426E-015,     3979P   5252
-6.07717095554336E-015,-1.,73.1000000000003,0.500000000000002,      3979P   5253
0.866025403784438,-7.04419501764363E-015,-26.9189616428457;         3979P   5254
100,19.5,0.,53.6,3.528475291,53.6,-3.528475291,53.6;                3981P   5255
126,32,2,1,0,1,0,0.,0.,0.,0.0625,0.0625,0.125,0.125,0.1875,         3983P   5256
0.1875,0.25,0.25,0.3125,0.3125,0.375,0.375,0.4375,0.4375,0.5,       3983P   5257
0.5,0.5625,0.5625,0.625,0.625,0.6875,0.6875,0.75,0.75,0.8125,       3983P   5258
0.8125,0.875,0.875,0.9375,0.9375,1.,1.,1.,1.,1.,1.,1.,1.,1.,1.,     3983P   5259
1.,1.,1.,1.,1.,1.,1.,1.,1.,1.,1.,1.,1.,1.,1.,1.,1.,1.,1.,1.,1.,     3983P   5260
1.,1.,1.,1.,1.,0.994071146,0.5,0.,0.994071146,0.548661761,0.,       3983P   5261
0.984577708,0.596388499,0.,0.975084269,0.644115237,0.,              3983P   5262
0.95646222,0.689072842,0.,0.93784017,0.734030447,0.,                3983P   5263
0.910805144,0.774491222,0.,0.883770119,0.814951997,0.,              3983P   5264
0.849361058,0.849361058,0.,0.814951997,0.883770119,0.,              3983P   5265
0.774491222,0.910805144,0.,0.734030447,0.93784017,0.,               3983P   5266
0.689072842,0.95646222,0.,0.644115237,0.975084269,0.,               3983P   5267
0.596388499,0.984577708,0.,0.548661761,0.994071146,0.,0.5,          3983P   5268
0.994071146,0.,0.451338239,0.994071146,0.,0.403611501,              3983P   5269
0.984577708,0.,0.355884763,0.975084269,0.,0.310927158,              3983P   5270
0.95646222,0.,0.265969553,0.93784017,0.,0.225508778,                3983P   5271
0.910805144,0.,0.185048003,0.883770119,0.,0.150638942,              3983P   5272
0.849361058,0.,0.116229881,0.814951997,0.,0.089194856,              3983P   5273
0.774491222,0.,0.06215983,0.734030447,0.,0.04353778,                3983P   5274
0.689072842,0.,0.024915731,0.644115237,0.,0.015422292,              3983P   5275
0.596388499,0.,0.005928854,0.548661761,0.,0.005928854,0.5,0.,       3983P   5276
0.,1.,0.,0.,-1.;                                                    3983P   5277
124,-0.866025403784432,0.500000000000011,                           3985P   5278
-4.65617578955777E-017,-26.8000000000005,3.56242117400432E-015,     3985P   5279
6.07717095554333E-015,-1.,73.0999999999997,-0.500000000000011,      3985P   5280
-0.866025403784432,-7.04419501764363E-015,65.9189616428457;         3985P   5281
100,19.5,0.,53.6,3.528475291,53.6,-3.528475291,53.6;                3987P   5282
102,2,3977,3983;                                                    3989P   5283
102,2,3981,3987;                                                    3991P   5284
142,1,3975,3989,3991,1;                                             3993P   5285
144,3975,1,0,3993;                                                  3995P   5286
314,100.,50.1960784313725,0.,;                                      3997P   5287
128,3,3,3,3,0,0,0,0,0,0.,0.,0.,0.,1.,1.,1.,1.,0.,0.,0.,0.,1.,       3999P   5288
1.,1.,1.,1.,0.76426398604132,0.76426398604132,1.,                   3999P   5289
0.333333333333333,0.254754662013773,0.254754662013773,              3999P   5290
0.333333333333333,0.333333333333333,0.254754662013773,              3999P   5291
0.254754662013773,0.333333333333333,1.,0.76426398604132,            3999P   5292
0.76426398604132,1.,-2.839603552,53.587510413,17.860554125,         3999P   5293
-4.27339713,53.753624719,17.032753017,-5.309960415,                 3999P   5294
52.597772333,16.434292925,-5.216227516,50.937381359,                3999P   5295
16.48840964,-6.118495301,53.587510413,23.539761228,                 3999P   5296
-9.207891096,53.753624719,25.579547276,-11.441374564,               3999P   5297
52.597772333,27.054213755,-11.239408236,50.937381359,               3999P   5298
26.920864671,-0.439288198,53.587510413,26.818652978,                3999P   5299
-0.661096837,53.753624719,30.514041242,-0.821453735,                3999P   5300
52.597772333,33.185627904,-0.806953205,50.937381359,                3999P   5301
32.944045391,2.839603552,53.587510413,21.139445875,4.27339713,      3999P   5302
53.753624719,21.967246983,5.309960415,52.597772333,                 3999P   5303
22.565707075,5.216227516,50.937381359,22.51159036,0.,1.,0.,1.;      3999P   5304
126,1,1,1,0,1,0,0.,0.,1.,1.,1.,1.,0.064098753,0.,0.,                4001P   5305
0.935901247,0.,0.,0.,1.,0.,0.,1.;                                   4001P   5306
124,-2.39833043115104E-017,-0.866025403784439,-0.5,                 4003P   5307
50.0660300714954,1.,1.38244406205123E-016,                          4003P   5308
-2.87412944032484E-016,54.1557492390257,3.18029114011168E-016,      4003P   5309
-0.5,0.866025403784439,27.9261415999888;                            4003P   5310
100,17.735762354,-3.055749239,51.1,-0.555749239,51.1,               4005P   5311
-2.968500497,53.598477068;                                          4005P   5312
126,1,1,1,0,1,0,0.,0.,1.,1.,1.,1.,0.935901247,0.,0.,                4007P   5313
0.935901247,1.,0.,0.,1.,0.,0.,1.;                                   4007P   5314
124,-0.866025403784439,-0.5,4.65617578955777E-017,                  4009P   5315
25.5936243708781,7.09398351611148E-017,-2.97478829884565E-017,      4009P   5316
1.,31.6872487417562,-0.5,0.866025403784439,                         4009P   5317
6.12323399573677E-017,-24.8294577601939;                            4009P   5318
100,19.5,0.,51.187248742,6.026952359,51.187248742,-6.026952359,     4011P   5319
51.187248742;                                                       4011P   5320
126,1,1,1,0,1,0,0.,0.,1.,1.,1.,1.,0.935901247,1.,0.,                4013P   5321
0.064098753,1.,0.,0.,1.,0.,0.,1.;                                   4013P   5322
124,0.865497844507677,-0.0302238507236509,-0.5,                     4015P   5323
12.5875624541353,0.0348994967024936,0.999390827019096,              4015P   5324
-2.87412944032484E-016,-0.0755153711668277,0.499695413509548,       4015P   5325
-0.0174497483512466,0.866025403784439,2.21360591359034;             4015P   5326
100,21.264237646,3.055749239,51.1,5.555749239,51.1,3.142997981,     4017P   5327
53.598477068;                                                       4017P   5328
126,1,1,1,0,1,0,0.,0.,1.,1.,1.,1.,0.064098753,1.,0.,                4019P   5329
0.064098753,0.,0.,0.,1.,0.,0.,1.;                                   4019P   5330
124,0.866025403784438,-0.500000000000002,                           4021P   5331
-4.65617578955777E-017,26.8000000000001,-3.56242117400426E-015,     4021P   5332
-6.07717095554336E-015,-1.,73.1000000000003,0.500000000000002,      4021P   5333
0.866025403784438,-7.04419501764363E-015,-26.9189616428457;         4021P   5334
100,19.5,0.,53.6,3.528475291,53.6,-3.528475291,53.6;                4023P   5335
102,4,4001,4007,4013,4019;                                          4025P   5336
102,4,4005,4011,4017,4023;                                          4027P   5337
142,1,3999,4025,4027,1;                                             4029P   5338
144,3999,1,0,4029;                                                  4031P   5339
314,100.,50.1960784313725,0.,;                                      4033P   5340
110,0.,1044.8,19.5,0.,44.8,19.5;                                    4035P   5341
110,-5.21949385,51.187248742,16.48652382,-5.412658774,44.8,         4037P   5342
16.375;                                                             4037P   5343
120,4035,4037,0.,6.28318530717959;                                  4039P   5344
126,1,1,1,0,1,0,0.,0.,1.,1.,1.,1.,1.,3.141592654,0.,0.,             4041P   5345
3.141592654,0.,0.,1.,0.,0.,1.;                                      4041P   5346
110,5.412658774,44.8,22.625,5.21949385,51.187248742,                4043P   5347
22.51347618;                                                        4043P   5348
126,1,1,1,0,1,0,0.,0.,1.,1.,1.,1.,0.,3.141592654,0.,0.,             4045P   5349
6.283185307,0.,0.,1.,0.,0.,1.;                                      4045P   5350
124,0.866025403784438,-0.5,-4.65617578955777E-017,                  4047P   5351
25.5936243708781,-3.56242117400425E-015,-6.07717095554337E-015,     4047P   5352
-1.,70.6872487417566,0.5,0.866025403784438,                         4047P   5353
-7.04419501764363E-015,-24.8294577601938;                           4047P   5354
100,19.5,0.,51.187248742,6.026952359,51.187248742,-6.026952359,     4049P   5355
51.187248742;                                                       4049P   5356
126,1,1,1,0,1,0,0.,0.,1.,1.,1.,1.,0.,6.283185307,0.,1.,             4051P   5357
6.283185307,0.,0.,1.,0.,0.,1.;                                      4051P   5358
110,-5.21949385,51.187248742,16.48652382,-5.412658774,44.8,         4053P   5359
16.375;                                                             4053P   5360
126,1,1,1,0,1,0,0.,0.,1.,1.,1.,1.,1.,6.283185307,0.,1.,             4055P   5361
3.141592654,0.,0.,1.,0.,0.,1.;                                      4055P   5362
124,-0.866025403784439,-0.5,4.65617578955777E-017,22.4,             4057P   5363
7.09398351611148E-017,-2.97478829884565E-017,1.,25.3,-0.5,          4057P   5364
0.866025403784439,6.12323399573677E-017,-19.2979380895428;          4057P   5365
100,19.5,0.,44.8,6.25,44.8,-6.25,44.8;                              4059P   5366
102,4,4041,4045,4051,4055;                                          4061P   5367
102,4,4043,4049,4053,4059;                                          4063P   5368
142,1,4039,4061,4063,1;                                             4065P   5369
144,4039,1,0,4065;                                                  4067P   5370
314,100.,50.1960784313725,0.,;                                      4069P   5371
128,1,1,1,1,0,0,1,0,0,0.,0.,1.,1.,0.,0.,1.,1.,1.,1.,1.,1.,6.5,      4071P   5372
44.62622345,23.25277675,0.,44.62622345,27.005553499,6.5,            4071P   5373
38.77377655,23.25277675,0.,38.77377655,27.005553499,0.,1.,0.,       4071P   5374
1.;                                                                 4071P   5375
126,16,2,1,0,1,0,0.,0.,0.,0.125,0.125,0.25,0.25,0.375,0.375,        4073P   5376
0.5,0.5,0.625,0.625,0.75,0.75,0.875,0.875,1.,1.,1.,1.,1.,1.,1.,     4073P   5377
1.,1.,1.,1.,1.,1.,1.,1.,1.,1.,1.,1.,1.,1.,0.815158178,0.,           4073P   5378
0.938438378,0.854633465,0.,0.880212615,0.88465147,0.,               4073P   5379
0.816605003,0.91744406,0.,0.755874288,0.939512714,0.,               4073P   5380
0.690959222,0.963101901,0.,0.628027979,0.974904868,0.,              4073P   5381
0.56274273,0.987149337,0.,0.498159251,0.986973289,0.,               4073P   5382
0.433081087,0.986795893,0.,0.367242868,0.97400188,0.,               4073P   5383
0.305000561,0.961906643,0.,0.240779994,0.938289627,0.,              4073P   5384
0.181117134,0.9163487,0.,0.118664047,0.884071622,0.,                4073P   5385
0.060970145,0.854254191,0.,0.,0.815158178,0.,0.,1.,0.,0.,-1.;       4073P   5386
126,7,3,1,0,1,0,0.,0.,0.,0.,0.5,0.5,0.75,0.75,1.,1.,1.,1.,1.,       4075P   5387
1.,1.,1.,1.,1.,1.,1.,0.,39.855553499,27.005553499,1.02170386,       4075P   5388
39.265672501,26.415672501,2.127098319,38.84722935,25.777472712,     4075P   5389
3.829398142,38.851407349,24.794649451,4.397037915,38.956830651,     4075P   5390
24.466922476,5.472822159,39.313035814,23.845818153,5.992138826,     4075P   5391
39.562339714,23.545990535,6.5,39.855553499,23.25277675,0.,1.,       4075P   5392
-0.5,0.,-0.866025404;                                               4075P   5393
126,1,1,1,0,1,0,0.,0.,1.,1.,1.,1.,0.,0.815158178,0.,0.,             4077P   5394
0.184841822,0.,0.,1.,0.,0.,1.;                                      4077P   5395
110,6.5,39.855553499,23.25277675,6.5,43.544446501,23.25277675;      4079P   5396
126,16,2,1,0,1,0,0.,0.,0.,0.125,0.125,0.25,0.25,0.375,0.375,        4081P   5397
0.5,0.5,0.625,0.625,0.75,0.75,0.875,0.875,1.,1.,1.,1.,1.,1.,1.,     4081P   5398
1.,1.,1.,1.,1.,1.,1.,1.,1.,1.,1.,1.,1.,0.,0.184841822,0.,           4081P   5399
0.060970145,0.145745809,0.,0.118664047,0.115928378,0.,              4081P   5400
0.181117134,0.0836513,0.,0.240779994,0.061710373,0.,                4081P   5401
0.305000561,0.038093357,0.,0.367242868,0.02599812,0.,               4081P   5402
0.433081087,0.013204107,0.,0.498159251,0.013026711,0.,              4081P   5403
0.56274273,0.012850663,0.,0.628027979,0.025095132,0.,               4081P   5404
0.690959222,0.036898099,0.,0.755874288,0.060487286,0.,              4081P   5405
0.816605003,0.08255594,0.,0.880212615,0.11534853,0.,                4081P   5406
0.938438378,0.145366535,0.,1.,0.184841822,0.,0.,1.,0.,0.,-1.;       4081P   5407
126,7,3,1,0,1,0,0.,0.,0.,0.,0.25,0.25,0.5,0.5,1.,1.,1.,1.,1.,       4083P   5408
1.,1.,1.,1.,1.,1.,1.,6.5,43.544446501,23.25277675,5.992138826,      4083P   5409
43.837660286,23.545990535,5.472822159,44.086964186,                 4083P   5410
23.845818153,4.397037915,44.443169349,24.466922476,3.829398142,     4083P   5411
44.548592651,24.794649451,2.127098319,44.55277065,25.777472712,     4083P   5412
1.02170386,44.134327499,26.415672501,0.,43.544446501,               4083P   5413
27.005553499,0.,1.,-0.5,0.,-0.866025404;                            4083P   5414
126,1,1,1,0,1,0,0.,0.,1.,1.,1.,1.,1.,0.184841822,0.,1.,             4085P   5415
0.815158178,0.,0.,1.,0.,0.,1.;                                      4085P   5416
110,0.,43.544446501,27.005553499,0.,39.855553499,27.005553499;      4087P   5417
102,4,4073,4077,4081,4085;                                          4089P   5418
102,4,4075,4079,4083,4087;                                          4091P   5419
142,1,4071,4089,4091,1;                                             4093P   5420
144,4071,1,0,4093;                                                  4095P   5421
314,100.,50.1960784313725,0.,;                                      4097P   5422
128,1,1,1,1,0,0,1,0,0,0.,0.,1.,1.,0.,0.,1.,1.,1.,1.,1.,1.,6.5,      4099P   5423
44.62622345,15.74722325,6.5,44.62622345,23.25277675,6.5,            4099P   5424
38.77377655,15.74722325,6.5,38.77377655,23.25277675,0.,1.,0.,       4099P   5425
1.;                                                                 4099P   5426
126,16,2,1,0,1,0,0.,0.,0.,0.125,0.125,0.25,0.25,0.375,0.375,        4101P   5427
0.5,0.5,0.625,0.625,0.75,0.75,0.875,0.875,1.,1.,1.,1.,1.,1.,1.,     4101P   5428
1.,1.,1.,1.,1.,1.,1.,1.,1.,1.,1.,1.,1.,1.,0.815158178,0.,           4101P   5429
0.938438378,0.854633465,0.,0.880212615,0.88465147,0.,               4101P   5430
0.816605003,0.91744406,0.,0.755874288,0.939512714,0.,               4101P   5431
0.690959222,0.963101901,0.,0.628027979,0.974904868,0.,              4101P   5432
0.56274273,0.987149337,0.,0.498159251,0.986973289,0.,               4101P   5433
0.433081087,0.986795893,0.,0.367242868,0.97400188,0.,               4101P   5434
0.305000561,0.961906643,0.,0.240779994,0.938289627,0.,              4101P   5435
0.181117134,0.9163487,0.,0.118664047,0.884071622,0.,                4101P   5436
0.060970145,0.854254191,0.,0.,0.815158178,0.,0.,1.,0.,0.,-1.;       4101P   5437
126,7,3,1,0,1,0,0.,0.,0.,0.,0.500000000000001,                      4103P   5438
0.500000000000001,0.75,0.75,1.,1.,1.,1.,1.,1.,1.,1.,1.,1.,1.,       4103P   5439
1.,6.5,39.855553499,23.25277675,6.5,39.265672501,22.073014753,      4103P   5440
6.5,38.84722935,20.796615176,6.5,38.851407349,18.830968653,6.5,     4103P   5441
38.956830651,18.175514702,6.5,39.313035814,16.933306056,6.5,        4103P   5442
39.562339714,16.333650822,6.5,39.855553499,15.74722325,0.,1.,       4103P   5443
-1.,0.,0.;                                                          4103P   5444
126,1,1,1,0,1,0,0.,0.,1.,1.,1.,1.,0.,0.815158178,0.,0.,             4105P   5445
0.184841822,0.,0.,1.,0.,0.,1.;                                      4105P   5446
110,6.5,39.855553499,15.74722325,6.5,43.544446501,15.74722325;      4107P   5447
126,16,2,1,0,1,0,0.,0.,0.,0.125,0.125,0.25,0.25,0.375,0.375,        4109P   5448
0.5,0.5,0.625,0.625,0.75,0.75,0.875,0.875,1.,1.,1.,1.,1.,1.,1.,     4109P   5449
1.,1.,1.,1.,1.,1.,1.,1.,1.,1.,1.,1.,1.,0.,0.184841822,0.,           4109P   5450
0.060970145,0.145745809,0.,0.118664047,0.115928378,0.,              4109P   5451
0.181117134,0.0836513,0.,0.240779994,0.061710373,0.,                4109P   5452
0.305000561,0.038093357,0.,0.367242868,0.02599812,0.,               4109P   5453
0.433081087,0.013204107,0.,0.498159251,0.013026711,0.,              4109P   5454
0.56274273,0.012850663,0.,0.628027979,0.025095132,0.,               4109P   5455
0.690959222,0.036898099,0.,0.755874288,0.060487286,0.,              4109P   5456
0.816605003,0.08255594,0.,0.880212615,0.11534853,0.,                4109P   5457
0.938438378,0.145366535,0.,1.,0.184841822,0.,0.,1.,0.,0.,-1.;       4109P   5458
126,7,3,1,0,1,0,0.,0.,0.,0.,0.25,0.25,0.499999999999999,            4111P   5459
0.499999999999999,1.,1.,1.,1.,1.,1.,1.,1.,1.,1.,1.,1.,6.5,          4111P   5460
43.544446501,15.74722325,6.5,43.837660286,16.333650822,6.5,         4111P   5461
44.086964186,16.933306056,6.5,44.443169349,18.175514702,6.5,        4111P   5462
44.548592651,18.830968653,6.5,44.55277065,20.796615176,6.5,         4111P   5463
44.134327499,22.073014753,6.5,43.544446501,23.25277675,0.,1.,       4111P   5464
-1.,0.,0.;                                                          4111P   5465
126,1,1,1,0,1,0,0.,0.,1.,1.,1.,1.,1.,0.184841822,0.,1.,             4113P   5466
0.815158178,0.,0.,1.,0.,0.,1.;                                      4113P   5467
110,6.5,43.544446501,23.25277675,6.5,39.855553499,23.25277675;      4115P   5468
102,4,4101,4105,4109,4113;                                          4117P   5469
102,4,4103,4107,4111,4115;                                          4119P   5470
142,1,4099,4117,4119,1;                                             4121P   5471
144,4099,1,0,4121;                                                  4123P   5472
314,100.,50.1960784313725,0.,;                                      4125P   5473
128,1,1,1,1,0,0,1,0,0,0.,0.,1.,1.,0.,0.,1.,1.,1.,1.,1.,1.,0.,       4127P   5474
44.600816771,11.994446501,6.5,44.600816771,15.74722325,0.,          4127P   5475
38.799183229,11.994446501,6.5,38.799183229,15.74722325,0.,1.,       4127P   5476
0.,1.;                                                              4127P   5477
126,16,2,1,0,1,0,0.,0.,0.,0.125,0.125,0.25,0.25,0.375,0.375,        4129P   5478
0.5,0.5,0.625,0.625,0.75,0.75,0.875,0.875,1.,1.,1.,1.,1.,1.,1.,     4129P   5479
1.,1.,1.,1.,1.,1.,1.,1.,1.,1.,1.,1.,1.,1.,0.817918477,0.,           4129P   5480
0.938837764,0.857481165,0.,0.880971082,0.887625645,0.,              4129P   5481
0.817719915,0.920575063,0.,0.757321517,0.942830281,0.,              4129P   5482
0.692885788,0.966573148,0.,0.630422457,0.978607132,0.,              4129P   5483
0.564713959,0.991266319,0.,0.499738153,0.991240903,0.,              4129P   5484
0.435029935,0.991215592,0.,0.369592206,0.978609956,0.,              4129P   5485
0.307040932,0.966560354,0.,0.242510914,0.942768517,0.,              4129P   5486
0.181957856,0.920442962,0.,0.118534732,0.887368068,0.,              4129P   5487
0.060902071,0.857312877,0.,0.,0.817918477,0.,0.,1.,0.,0.,-1.;       4129P   5488
126,5,3,1,0,1,0,0.,0.,0.,0.,0.5,0.5,1.,1.,1.,1.,1.,1.,1.,1.,1.,     4131P   5489
1.,6.5,39.855553499,15.74722325,5.491417621,39.273248192,           4131P   5490
15.164917942,4.390624432,38.849601477,14.529374698,2.105971553,     4131P   5491
38.850399117,13.210329744,1.005656099,39.27493768,12.57506232,      4131P   5492
0.,39.855553499,11.994446501,0.,1.,-0.5,0.,0.866025404;             4131P   5493
126,1,1,1,0,1,0,0.,0.,1.,1.,1.,1.,0.,0.817918477,0.,0.,             4133P   5494
0.182081523,0.,0.,1.,0.,0.,1.;                                      4133P   5495
110,0.,39.855553499,11.994446501,0.,43.544446501,11.994446501;      4135P   5496
126,16,2,1,0,1,0,0.,0.,0.,0.125,0.125,0.25,0.25,0.375,0.375,        4137P   5497
0.5,0.5,0.625,0.625,0.75,0.75,0.875,0.875,1.,1.,1.,1.,1.,1.,1.,     4137P   5498
1.,1.,1.,1.,1.,1.,1.,1.,1.,1.,1.,1.,1.,0.,0.182081523,0.,           4137P   5499
0.060902071,0.142687123,0.,0.118534732,0.112631932,0.,              4137P   5500
0.181957856,0.079557038,0.,0.242510914,0.057231483,0.,              4137P   5501
0.307040932,0.033439646,0.,0.369592206,0.021390044,0.,              4137P   5502
0.435029935,0.008784408,0.,0.499738153,0.008759097,0.,              4137P   5503
0.564713959,0.008733681,0.,0.630422457,0.021392868,0.,              4137P   5504
0.692885788,0.033426852,0.,0.757321517,0.057169719,0.,              4137P   5505
0.817719915,0.079424937,0.,0.880971082,0.112374355,0.,              4137P   5506
0.938837764,0.142518835,0.,1.,0.182081523,0.,0.,1.,0.,0.,-1.;       4137P   5507
126,5,3,1,0,1,0,0.,0.,0.,0.,0.5,0.5,1.,1.,1.,1.,1.,1.,1.,1.,1.,     4139P   5508
1.,0.,43.544446501,11.994446501,1.005656099,44.12506232,            4139P   5509
12.57506232,2.105971553,44.549600883,13.210329744,4.390624432,      4139P   5510
44.550398523,14.529374698,5.491417621,44.126751808,                 4139P   5511
15.164917942,6.5,43.544446501,15.74722325,0.,1.,-0.5,0.,            4139P   5512
0.866025404;                                                        4139P   5513
126,1,1,1,0,1,0,0.,0.,1.,1.,1.,1.,1.,0.182081523,0.,1.,             4141P   5514
0.817918477,0.,0.,1.,0.,0.,1.;                                      4141P   5515
110,6.5,43.544446501,15.74722325,6.5,39.855553499,15.74722325;      4143P   5516
102,4,4129,4133,4137,4141;                                          4145P   5517
102,4,4131,4135,4139,4143;                                          4147P   5518
142,1,4127,4145,4147,1;                                             4149P   5519
144,4127,1,0,4149;                                                  4151P   5520
314,100.,50.1960784313725,0.,;                                      4153P   5521
128,1,1,1,1,0,0,1,0,0,0.,0.,1.,1.,0.,0.,1.,1.,1.,1.,1.,1.,-6.5,     4155P   5522
44.62622345,15.74722325,0.,44.62622345,11.994446501,-6.5,           4155P   5523
38.77377655,15.74722325,0.,38.77377655,11.994446501,0.,1.,0.,       4155P   5524
1.;                                                                 4155P   5525
126,16,2,1,0,1,0,0.,0.,0.,0.125,0.125,0.25,0.25,0.375,0.375,        4157P   5526
0.5,0.5,0.625,0.625,0.75,0.75,0.875,0.875,1.,1.,1.,1.,1.,1.,1.,     4157P   5527
1.,1.,1.,1.,1.,1.,1.,1.,1.,1.,1.,1.,1.,1.,0.815158178,0.,           4157P   5528
0.938438378,0.854633465,0.,0.880212615,0.88465147,0.,               4157P   5529
0.816605003,0.91744406,0.,0.755874288,0.939512714,0.,               4157P   5530
0.690959222,0.963101901,0.,0.628027979,0.974904868,0.,              4157P   5531
0.56274273,0.987149337,0.,0.498159251,0.986973289,0.,               4157P   5532
0.433081087,0.986795893,0.,0.367242868,0.97400188,0.,               4157P   5533
0.305000561,0.961906643,0.,0.240779994,0.938289627,0.,              4157P   5534
0.181117134,0.9163487,0.,0.118664047,0.884071622,0.,                4157P   5535
0.060970145,0.854254191,0.,0.,0.815158178,0.,0.,1.,0.,0.,-1.;       4157P   5536
126,7,3,1,0,1,0,0.,0.,0.,0.,0.5,0.5,0.75,0.75,1.,1.,1.,1.,1.,       4159P   5537
1.,1.,1.,1.,1.,1.,1.,0.,39.855553499,11.994446501,-1.02170386,      4159P   5538
39.265672501,12.584327499,-2.127098319,38.84722935,                 4159P   5539
13.222527288,-3.829398142,38.851407349,14.205350549,                4159P   5540
-4.397037915,38.956830651,14.533077524,-5.472822159,                4159P   5541
39.313035814,15.154181847,-5.992138826,39.562339714,                4159P   5542
15.454009465,-6.5,39.855553499,15.74722325,0.,1.,0.5,0.,            4159P   5543
0.866025404;                                                        4159P   5544
126,1,1,1,0,1,0,0.,0.,1.,1.,1.,1.,0.,0.815158178,0.,0.,             4161P   5545
0.184841822,0.,0.,1.,0.,0.,1.;                                      4161P   5546
110,-6.5,39.855553499,15.74722325,-6.5,43.544446501,                4163P   5547
15.74722325;                                                        4163P   5548
126,16,2,1,0,1,0,0.,0.,0.,0.125,0.125,0.25,0.25,0.375,0.375,        4165P   5549
0.5,0.5,0.625,0.625,0.75,0.75,0.875,0.875,1.,1.,1.,1.,1.,1.,1.,     4165P   5550
1.,1.,1.,1.,1.,1.,1.,1.,1.,1.,1.,1.,1.,0.,0.184841822,0.,           4165P   5551
0.060970145,0.145745809,0.,0.118664047,0.115928378,0.,              4165P   5552
0.181117134,0.0836513,0.,0.240779994,0.061710373,0.,                4165P   5553
0.305000561,0.038093357,0.,0.367242868,0.02599812,0.,               4165P   5554
0.433081087,0.013204107,0.,0.498159251,0.013026711,0.,              4165P   5555
0.56274273,0.012850663,0.,0.628027979,0.025095132,0.,               4165P   5556
0.690959222,0.036898099,0.,0.755874288,0.060487286,0.,              4165P   5557
0.816605003,0.08255594,0.,0.880212615,0.11534853,0.,                4165P   5558
0.938438378,0.145366535,0.,1.,0.184841822,0.,0.,1.,0.,0.,-1.;       4165P   5559
126,7,3,1,0,1,0,0.,0.,0.,0.,0.25,0.25,0.5,0.5,1.,1.,1.,1.,1.,       4167P   5560
1.,1.,1.,1.,1.,1.,1.,-6.5,43.544446501,15.74722325,                 4167P   5561
-5.992138826,43.837660286,15.454009465,-5.472822159,                4167P   5562
44.086964186,15.154181847,-4.397037915,44.443169349,                4167P   5563
14.533077524,-3.829398142,44.548592651,14.205350549,                4167P   5564
-2.127098319,44.55277065,13.222527288,-1.02170386,44.134327499,     4167P   5565
12.584327499,0.,43.544446501,11.994446501,0.,1.,0.5,0.,             4167P   5566
0.866025404;                                                        4167P   5567
126,1,1,1,0,1,0,0.,0.,1.,1.,1.,1.,1.,0.184841822,0.,1.,             4169P   5568
0.815158178,0.,0.,1.,0.,0.,1.;                                      4169P   5569
110,0.,43.544446501,11.994446501,0.,39.855553499,11.994446501;      4171P   5570
102,4,4157,4161,4165,4169;                                          4173P   5571
102,4,4159,4163,4167,4171;                                          4175P   5572
142,1,4155,4173,4175,1;                                             4177P   5573
144,4155,1,0,4177;                                                  4179P   5574
314,100.,50.1960784313725,0.,;                                      4181P   5575
128,1,1,1,1,0,0,1,0,0,0.,0.,1.,1.,0.,0.,1.,1.,1.,1.,1.,1.,-6.5,     4183P   5576
44.62622345,23.25277675,-6.5,44.62622345,15.74722325,-6.5,          4183P   5577
38.77377655,23.25277675,-6.5,38.77377655,15.74722325,0.,1.,0.,      4183P   5578
1.;                                                                 4183P   5579
126,16,2,1,0,1,0,0.,0.,0.,0.125,0.125,0.25,0.25,0.375,0.375,        4185P   5580
0.5,0.5,0.625,0.625,0.75,0.75,0.875,0.875,1.,1.,1.,1.,1.,1.,1.,     4185P   5581
1.,1.,1.,1.,1.,1.,1.,1.,1.,1.,1.,1.,1.,1.,0.815158178,0.,           4185P   5582
0.938438378,0.854633465,0.,0.880212615,0.88465147,0.,               4185P   5583
0.816605003,0.91744406,0.,0.755874288,0.939512714,0.,               4185P   5584
0.690959222,0.963101901,0.,0.628027979,0.974904868,0.,              4185P   5585
0.56274273,0.987149337,0.,0.498159251,0.986973289,0.,               4185P   5586
0.433081087,0.986795893,0.,0.367242868,0.97400188,0.,               4185P   5587
0.305000561,0.961906643,0.,0.240779994,0.938289627,0.,              4185P   5588
0.181117134,0.9163487,0.,0.118664047,0.884071622,0.,                4185P   5589
0.060970145,0.854254191,0.,0.,0.815158178,0.,0.,1.,0.,0.,-1.;       4185P   5590
126,7,3,1,0,1,0,0.,0.,0.,0.,0.499999999999999,                      4187P   5591
0.499999999999999,0.75,0.75,1.,1.,1.,1.,1.,1.,1.,1.,1.,1.,1.,       4187P   5592
1.,-6.5,39.855553499,15.74722325,-6.5,39.265672501,                 4187P   5593
16.926985247,-6.5,38.84722935,18.203384824,-6.5,38.851407349,       4187P   5594
20.169031347,-6.5,38.956830651,20.824485298,-6.5,39.313035814,      4187P   5595
22.066693944,-6.5,39.562339714,22.666349178,-6.5,39.855553499,      4187P   5596
23.25277675,0.,1.,1.,0.,0.;                                         4187P   5597
126,1,1,1,0,1,0,0.,0.,1.,1.,1.,1.,0.,0.815158178,0.,0.,             4189P   5598
0.184841822,0.,0.,1.,0.,0.,1.;                                      4189P   5599
110,-6.5,39.855553499,23.25277675,-6.5,43.544446501,                4191P   5600
23.25277675;                                                        4191P   5601
126,16,2,1,0,1,0,0.,0.,0.,0.125,0.125,0.25,0.25,0.375,0.375,        4193P   5602
0.5,0.5,0.625,0.625,0.75,0.75,0.875,0.875,1.,1.,1.,1.,1.,1.,1.,     4193P   5603
1.,1.,1.,1.,1.,1.,1.,1.,1.,1.,1.,1.,1.,0.,0.184841822,0.,           4193P   5604
0.060970145,0.145745809,0.,0.118664047,0.115928378,0.,              4193P   5605
0.181117134,0.0836513,0.,0.240779994,0.061710373,0.,                4193P   5606
0.305000561,0.038093357,0.,0.367242868,0.02599812,0.,               4193P   5607
0.433081087,0.013204107,0.,0.498159251,0.013026711,0.,              4193P   5608
0.56274273,0.012850663,0.,0.628027979,0.025095132,0.,               4193P   5609
0.690959222,0.036898099,0.,0.755874288,0.060487286,0.,              4193P   5610
0.816605003,0.08255594,0.,0.880212615,0.11534853,0.,                4193P   5611
0.938438378,0.145366535,0.,1.,0.184841822,0.,0.,1.,0.,0.,-1.;       4193P   5612
126,7,3,1,0,1,0,0.,0.,0.,0.,0.25,0.25,0.500000000000001,            4195P   5613
0.500000000000001,1.,1.,1.,1.,1.,1.,1.,1.,1.,1.,1.,1.,-6.5,         4195P   5614
43.544446501,23.25277675,-6.5,43.837660286,22.666349178,-6.5,       4195P   5615
44.086964186,22.066693944,-6.5,44.443169349,20.824485298,-6.5,      4195P   5616
44.548592651,20.169031347,-6.5,44.55277065,18.203384824,-6.5,       4195P   5617
44.134327499,16.926985247,-6.5,43.544446501,15.74722325,0.,1.,      4195P   5618
1.,0.,0.;                                                           4195P   5619
126,1,1,1,0,1,0,0.,0.,1.,1.,1.,1.,1.,0.184841822,0.,1.,             4197P   5620
0.815158178,0.,0.,1.,0.,0.,1.;                                      4197P   5621
110,-6.5,43.544446501,15.74722325,-6.5,39.855553499,                4199P   5622
15.74722325;                                                        4199P   5623
102,4,4185,4189,4193,4197;                                          4201P   5624
102,4,4187,4191,4195,4199;                                          4203P   5625
142,1,4183,4201,4203,1;                                             4205P   5626
144,4183,1,0,4205;                                                  4207P   5627
314,100.,50.1960784313725,0.,;                                      4209P   5628
110,0.,-958.3,19.5,0.,41.7,19.5;                                    4211P   5629
110,5.412658774,38.6,22.625,6.506524047,39.86308682,                4213P   5630
23.25654341;                                                        4213P   5631
120,4211,4213,0.,6.28318530717959;                                  4215P   5632
126,1,1,1,0,1,0,0.,0.,1.,1.,1.,1.,0.994035785,3.141592654,0.,       4217P   5633
0.,3.141592654,0.,0.,1.,0.,0.,1.;                                   4217P   5634
110,-6.5,39.855553499,15.74722325,-5.412658774,38.6,16.375;         4219P   5635
126,1,1,1,0,1,0,0.,0.,1.,1.,1.,1.,0.,3.141592654,0.,0.,             4221P   5636
6.283185307,0.,0.,1.,0.,0.,1.;                                      4221P   5637
124,-0.86602540378444,-0.499999999999999,                           4223P   5638
-7.14232093526861E-017,19.3,-3.12381437405568E-017,                 4223P   5639
-8.87403666125883E-017,1.,19.1,-0.499999999999999,                  4223P   5640
0.86602540378444,6.12323399573677E-017,-13.9285805860794;           4223P   5641
100,19.5,0.,38.6,6.25,38.6,-6.25,38.6;                              4225P   5642
126,1,1,1,0,1,0,0.,0.,1.,1.,1.,1.,0.,6.283185307,0.,                4227P   5643
0.994035785,6.283185307,0.,0.,1.,0.,0.,1.;                          4227P   5644
110,5.412658774,38.6,22.625,6.5,39.855553499,23.25277675;           4229P   5645
126,16,2,1,0,1,0,0.,0.,0.,0.125,0.125,0.25,0.25,0.375,0.375,        4231P   5646
0.5,0.5,0.625,0.625,0.75,0.75,0.875,0.875,1.,1.,1.,1.,1.,1.,1.,     4231P   5647
1.,1.,1.,1.,1.,1.,1.,1.,1.,1.,1.,1.,1.,0.994035785,6.283185307,     4231P   5648
0.,0.814795795,6.230940153,0.,0.674728937,6.174368867,0.,           4231P   5649
0.526629138,6.114553174,0.,0.423512639,6.050420715,0.,              4231P   5650
0.31478882,5.982800827,0.,0.258041774,5.911697143,0.,               4231P   5651
0.198767612,5.837426999,0.,0.197939428,5.761712042,0.,              4231P   5652
0.197117795,5.686595942,0.,0.25385783,5.612815615,0.,               4231P   5653
0.309236142,5.540805966,0.,0.417845527,5.472301737,0.,              4231P   5654
0.521591498,5.406865055,0.,0.67204224,5.345891181,0.,               4231P   5655
0.81307224,5.288735295,0.,0.994035785,5.235987756,0.,0.,1.,0.,      4231P   5656
0.,1.;                                                              4231P   5657
126,7,3,1,0,1,0,0.,0.,0.,0.,0.25,0.25,0.5,0.5,1.,1.,1.,1.,1.,       4233P   5658
1.,1.,1.,1.,1.,1.,1.,6.5,39.855553499,23.25277675,5.992138826,      4233P   5659
39.562339714,23.545990535,5.472822159,39.313035814,                 4233P   5660
23.845818153,4.397037915,38.956830651,24.466922476,3.829398142,     4233P   5661
38.851407349,24.794649451,2.127098319,38.84722935,25.777472712,     4233P   5662
1.02170386,39.265672501,26.415672501,0.,39.855553499,               4233P   5663
27.005553499,0.,1.,0.5,0.,0.866025404;                              4233P   5664
126,16,2,1,0,1,0,0.,0.,0.,0.125,0.125,0.25,0.25,0.375,0.375,        4235P   5665
0.5,0.5,0.625,0.625,0.75,0.75,0.875,0.875,1.,1.,1.,1.,1.,1.,1.,     4235P   5666
1.,1.,1.,1.,1.,1.,1.,1.,1.,1.,1.,1.,1.,0.994035785,5.235987756,     4235P   5667
0.,0.814236021,5.183579438,0.,0.673855545,5.126818367,0.,           4235P   5668
0.52399452,5.066223956,0.,0.4202886,5.001210023,0.,0.31192656,      4235P   5669
4.933277138,0.,0.255957711,4.861864579,0.,0.19781043,               4235P   5670
4.787672486,0.,0.197928039,4.712086625,0.,0.198045159,              4235P   5671
4.636814468,0.,0.255944736,4.562929938,0.,0.311987597,              4235P   5672
4.491414726,0.,0.420572292,4.423390151,0.,0.524610818,              4235P   5673
4.358213595,0.,0.675038649,4.297481581,0.,0.814994176,              4235P   5674
4.240977535,0.,0.994035785,4.188790205,0.,0.,1.,0.,0.,1.;           4235P   5675
126,5,3,1,0,1,0,0.,0.,0.,0.,0.5,0.5,1.,1.,1.,1.,1.,1.,1.,1.,1.,     4237P   5676
1.,0.,39.855553499,27.005553499,-1.008582379,39.273248192,          4237P   5677
26.423248192,-2.109375568,38.849601477,25.787704947,                4237P   5678
-4.394028447,38.850399117,24.468659993,-5.494343901,                4237P   5679
39.27493768,23.833392569,-6.5,39.855553499,23.25277675,0.,1.,       4237P   5680
-0.5,0.,0.866025404;                                                4237P   5681
126,16,2,1,0,1,0,0.,0.,0.,0.125,0.125,0.25,0.25,0.375,0.375,        4239P   5682
0.5,0.5,0.625,0.625,0.75,0.75,0.875,0.875,1.,1.,1.,1.,1.,1.,1.,     4239P   5683
1.,1.,1.,1.,1.,1.,1.,1.,1.,1.,1.,1.,1.,0.994035785,4.188790205,     4239P   5684
0.,0.814795795,4.13654505,0.,0.674728937,4.079973764,0.,            4239P   5685
0.526629138,4.020158072,0.,0.423512639,3.956025612,0.,              4239P   5686
0.31478882,3.888405725,0.,0.258041774,3.817302041,0.,               4239P   5687
0.198767612,3.743031897,0.,0.197939428,3.66731694,0.,               4239P   5688
0.197117795,3.59220084,0.,0.25385783,3.518420513,0.,                4239P   5689
0.309236142,3.446410863,0.,0.417845527,3.377906635,0.,              4239P   5690
0.521591498,3.312469952,0.,0.67204224,3.251496078,0.,               4239P   5691
0.81307224,3.194340193,0.,0.994035785,3.141592654,0.,0.,1.,0.,      4239P   5692
0.,1.;                                                              4239P   5693
126,7,3,1,0,1,0,0.,0.,0.,0.,0.25,0.25,0.500000000000001,            4241P   5694
0.500000000000001,1.,1.,1.,1.,1.,1.,1.,1.,1.,1.,1.,1.,-6.5,         4241P   5695
39.855553499,23.25277675,-6.5,39.562339714,22.666349178,-6.5,       4241P   5696
39.313035814,22.066693944,-6.5,38.956830651,20.824485298,-6.5,      4241P   5697
38.851407349,20.169031347,-6.5,38.84722935,18.203384824,-6.5,       4241P   5698
39.265672501,16.926985247,-6.5,39.855553499,15.74722325,0.,1.,      4241P   5699
-1.,0.,0.;                                                          4241P   5700
102,6,4217,4221,4227,4231,4235,4239;                                4243P   5701
102,6,4219,4225,4229,4233,4237,4241;                                4245P   5702
142,1,4215,4243,4245,1;                                             4247P   5703
144,4215,1,0,4247;                                                  4249P   5704
314,100.,50.1960784313725,0.,;                                      4251P   5705
128,1,1,1,1,0,0,1,0,0,0.,0.,1.,1.,0.,0.,1.,1.,1.,1.,1.,1.,0.,       4253P   5706
38.799183229,27.005553499,0.,44.600816771,27.005553499,-6.5,        4253P   5707
38.799183229,23.25277675,-6.5,44.600816771,23.25277675,0.,1.,       4253P   5708
0.,1.;                                                              4253P   5709
126,16,2,1,0,1,0,0.,0.,0.,0.125,0.125,0.25,0.25,0.375,0.375,        4255P   5710
0.5,0.5,0.625,0.625,0.75,0.75,0.875,0.875,1.,1.,1.,1.,1.,1.,1.,     4255P   5711
1.,1.,1.,1.,1.,1.,1.,1.,1.,1.,1.,1.,1.,0.182081523,1.,0.,           4255P   5712
0.142687123,0.939097929,0.,0.112631932,0.881465268,0.,              4255P   5713
0.079557038,0.818042144,0.,0.057231483,0.757489086,0.,              4255P   5714
0.033439646,0.692959068,0.,0.021390044,0.630407794,0.,              4255P   5715
0.008784408,0.564970065,0.,0.008759097,0.500261847,0.,              4255P   5716
0.008733681,0.435286041,0.,0.021392868,0.369577543,0.,              4255P   5717
0.033426852,0.307114212,0.,0.057169719,0.242678483,0.,              4255P   5718
0.079424937,0.182280085,0.,0.112374355,0.119028918,0.,              4255P   5719
0.142518835,0.061162236,0.,0.182081523,0.,0.,0.,1.,0.,0.,-1.;       4255P   5720
126,5,3,1,0,1,0,0.,0.,0.,0.,0.5,0.5,1.,1.,1.,1.,1.,1.,1.,1.,1.,     4257P   5721
1.,-6.5,39.855553499,23.25277675,-5.494343901,39.27493768,          4257P   5722
23.833392569,-4.394028447,38.850399117,24.468659993,                4257P   5723
-2.109375568,38.849601477,25.787704947,-1.008582379,                4257P   5724
39.273248192,26.423248192,0.,39.855553499,27.005553499,0.,1.,       4257P   5725
0.5,0.,-0.866025404;                                                4257P   5726
126,1,1,1,0,1,0,0.,0.,1.,1.,1.,1.,0.182081523,0.,0.,                4259P   5727
0.817918477,0.,0.,0.,1.,0.,0.,1.;                                   4259P   5728
110,0.,39.855553499,27.005553499,0.,43.544446501,27.005553499;      4261P   5729
126,16,2,1,0,1,0,0.,0.,0.,0.125,0.125,0.25,0.25,0.375,0.375,        4263P   5730
0.5,0.5,0.625,0.625,0.75,0.75,0.875,0.875,1.,1.,1.,1.,1.,1.,1.,     4263P   5731
1.,1.,1.,1.,1.,1.,1.,1.,1.,1.,1.,1.,1.,0.817918477,0.,0.,           4263P   5732
0.857481165,0.061162236,0.,0.887625645,0.119028918,0.,              4263P   5733
0.920575063,0.182280085,0.,0.942830281,0.242678483,0.,              4263P   5734
0.966573148,0.307114212,0.,0.978607132,0.369577543,0.,              4263P   5735
0.991266319,0.435286041,0.,0.991240903,0.500261847,0.,              4263P   5736
0.991215592,0.564970065,0.,0.978609956,0.630407794,0.,              4263P   5737
0.966560354,0.692959068,0.,0.942768517,0.757489086,0.,              4263P   5738
0.920442962,0.818042144,0.,0.887368068,0.881465268,0.,              4263P   5739
0.857312877,0.939097929,0.,0.817918477,1.,0.,0.,1.,0.,0.,-1.;       4263P   5740
126,5,3,1,0,1,0,0.,0.,0.,0.,0.5,0.5,1.,1.,1.,1.,1.,1.,1.,1.,1.,     4265P   5741
1.,0.,43.544446501,27.005553499,-1.008582379,44.126751808,          4265P   5742
26.423248192,-2.109375568,44.550398523,25.787704947,                4265P   5743
-4.394028447,44.549600883,24.468659993,-5.494343901,                4265P   5744
44.12506232,23.833392569,-6.5,43.544446501,23.25277675,0.,1.,       4265P   5745
0.5,0.,-0.866025404;                                                4265P   5746
126,1,1,1,0,1,0,0.,0.,1.,1.,1.,1.,0.817918477,1.,0.,                4267P   5747
0.182081523,1.,0.,0.,1.,0.,0.,1.;                                   4267P   5748
110,-6.5,43.544446501,23.25277675,-6.5,39.855553499,                4269P   5749
23.25277675;                                                        4269P   5750
102,4,4255,4259,4263,4267;                                          4271P   5751
102,4,4257,4261,4265,4269;                                          4273P   5752
142,1,4253,4271,4273,1;                                             4275P   5753
144,4253,1,0,4275;                                                  4277P   5754
314,100.,50.1960784313725,0.,;                                      4279P   5755
110,0.,1041.7,19.5,0.,41.7,19.5;                                    4281P   5756
110,-5.412658774,44.8,16.375,-6.506524047,43.53691318,              4283P   5757
15.74345659;                                                        4283P   5758
120,4281,4283,0.,6.28318530717959;                                  4285P   5759
126,1,1,1,0,1,0,0.,0.,1.,1.,1.,1.,0.994035785,3.141592654,0.,       4287P   5760
0.,3.141592654,0.,0.,1.,0.,0.,1.;                                   4287P   5761
110,6.5,43.544446501,23.25277675,5.412658774,44.8,22.625;           4289P   5762
126,1,1,1,0,1,0,0.,0.,1.,1.,1.,1.,0.,3.141592654,0.,0.,             4291P   5763
6.283185307,0.,0.,1.,0.,0.,1.;                                      4291P   5764
124,0.866025403784439,-0.499999999999999,                           4293P   5765
-4.65617578955777E-017,22.4,-3.56242117400424E-015,                 4293P   5766
-6.07717095554337E-015,-1.,64.3000000000003,0.499999999999999,      4293P   5767
0.866025403784439,-7.04419501764363E-015,-19.2979380895427;         4293P   5768
100,19.5,0.,44.8,6.25,44.8,-6.25,44.8;                              4295P   5769
126,1,1,1,0,1,0,0.,0.,1.,1.,1.,1.,0.,6.283185307,0.,                4297P   5770
0.994035785,6.283185307,0.,0.,1.,0.,0.,1.;                          4297P   5771
110,-5.412658774,44.8,16.375,-6.5,43.544446501,15.74722325;         4299P   5772
126,16,2,1,0,1,0,0.,0.,0.,0.125,0.125,0.25,0.25,0.375,0.375,        4301P   5773
0.5,0.5,0.625,0.625,0.75,0.75,0.875,0.875,1.,1.,1.,1.,1.,1.,1.,     4301P   5774
1.,1.,1.,1.,1.,1.,1.,1.,1.,1.,1.,1.,1.,0.994035785,6.283185307,     4301P   5775
0.,0.81307224,6.230437768,0.,0.67204224,6.173281882,0.,             4301P   5776
0.521591498,6.112308008,0.,0.417845527,6.046871326,0.,              4301P   5777
0.309236142,5.978367098,0.,0.25385783,5.906357448,0.,               4301P   5778
0.197117795,5.832577121,0.,0.197939428,5.757461021,0.,              4301P   5779
0.198767612,5.681746064,0.,0.258041774,5.60747592,0.,               4301P   5780
0.31478882,5.536372236,0.,0.423512639,5.468752349,0.,               4301P   5781
0.526629138,5.404619889,0.,0.674728937,5.344804196,0.,              4301P   5782
0.814795795,5.28823291,0.,0.994035785,5.235987756,0.,0.,1.,0.,      4301P   5783
0.,1.;                                                              4301P   5784
126,7,3,1,0,1,0,0.,0.,0.,0.,0.499999999999999,                      4303P   5785
0.499999999999999,0.75,0.75,1.,1.,1.,1.,1.,1.,1.,1.,1.,1.,1.,       4303P   5786
1.,-6.5,43.544446501,15.74722325,-6.5,44.134327499,                 4303P   5787
16.926985247,-6.5,44.55277065,18.203384824,-6.5,44.548592651,       4303P   5788
20.169031347,-6.5,44.443169349,20.824485298,-6.5,44.086964186,      4303P   5789
22.066693944,-6.5,43.837660286,22.666349178,-6.5,43.544446501,      4303P   5790
23.25277675,0.,1.,-1.,0.,0.;                                        4303P   5791
126,16,2,1,0,1,0,0.,0.,0.,0.125,0.125,0.25,0.25,0.375,0.375,        4305P   5792
0.5,0.5,0.625,0.625,0.75,0.75,0.875,0.875,1.,1.,1.,1.,1.,1.,1.,     4305P   5793
1.,1.,1.,1.,1.,1.,1.,1.,1.,1.,1.,1.,1.,0.994035785,5.235987756,     4305P   5794
0.,0.814994176,5.183800426,0.,0.675038649,5.12729638,0.,            4305P   5795
0.524610818,5.066564365,0.,0.420572292,5.001387809,0.,              4305P   5796
0.311987597,4.933363235,0.,0.255944736,4.861848023,0.,              4305P   5797
0.198045159,4.787963492,0.,0.197928039,4.712691336,0.,              4305P   5798
0.19781043,4.637105475,0.,0.255957711,4.562913382,0.,               4305P   5799
0.31192656,4.491500823,0.,0.4202886,4.423567938,0.,0.52399452,      4305P   5800
4.358554005,0.,0.673855545,4.297959594,0.,0.814236021,              4305P   5801
4.241198523,0.,0.994035785,4.188790205,0.,0.,1.,0.,0.,1.;           4305P   5802
126,5,3,1,0,1,0,0.,0.,0.,0.,0.5,0.5,1.,1.,1.,1.,1.,1.,1.,1.,1.,     4307P   5803
1.,-6.5,43.544446501,23.25277675,-5.494343901,44.12506232,          4307P   5804
23.833392569,-4.394028447,44.549600883,24.468659993,                4307P   5805
-2.109375568,44.550398523,25.787704947,-1.008582379,                4307P   5806
44.126751808,26.423248192,0.,43.544446501,27.005553499,0.,1.,       4307P   5807
-0.5,0.,0.866025404;                                                4307P   5808
126,16,2,1,0,1,0,0.,0.,0.,0.125,0.125,0.25,0.25,0.375,0.375,        4309P   5809
0.5,0.5,0.625,0.625,0.75,0.75,0.875,0.875,1.,1.,1.,1.,1.,1.,1.,     4309P   5810
1.,1.,1.,1.,1.,1.,1.,1.,1.,1.,1.,1.,1.,0.994035785,4.188790205,     4309P   5811
0.,0.81307224,4.136042666,0.,0.67204224,4.07888678,0.,              4309P   5812
0.521591498,4.017912906,0.,0.417845527,3.952476224,0.,              4309P   5813
0.309236142,3.883971995,0.,0.25385783,3.811962346,0.,               4309P   5814
0.197117795,3.738182019,0.,0.197939428,3.663065919,0.,              4309P   5815
0.198767612,3.587350962,0.,0.258041774,3.513080817,0.,              4309P   5816
0.31478882,3.441977133,0.,0.423512639,3.374357246,0.,               4309P   5817
0.526629138,3.310224786,0.,0.674728937,3.250409094,0.,              4309P   5818
0.814795795,3.193837808,0.,0.994035785,3.141592654,0.,0.,1.,0.,     4309P   5819
0.,1.;                                                              4309P   5820
126,7,3,1,0,1,0,0.,0.,0.,0.,0.5,0.5,0.75,0.75,1.,1.,1.,1.,1.,       4311P   5821
1.,1.,1.,1.,1.,1.,1.,0.,43.544446501,27.005553499,1.02170386,       4311P   5822
44.134327499,26.415672501,2.127098319,44.55277065,25.777472712,     4311P   5823
3.829398142,44.548592651,24.794649451,4.397037915,44.443169349,     4311P   5824
24.466922476,5.472822159,44.086964186,23.845818153,5.992138826,     4311P   5825
43.837660286,23.545990535,6.5,43.544446501,23.25277675,0.,1.,       4311P   5826
0.5,0.,0.866025404;                                                 4311P   5827
102,6,4287,4291,4297,4301,4305,4309;                                4313P   5828
102,6,4289,4295,4299,4303,4307,4311;                                4315P   5829
142,1,4285,4313,4315,1;                                             4317P   5830
144,4285,1,0,4317;                                                  4319P   5831
314,50.1960784313725,100.,50.1960784313725,;                        4321P   5832
128,1,1,1,1,0,0,1,0,0,0.,0.,1.,1.,0.,0.,1.,1.,1.,1.,1.,1.,          4323P   5833
32.923060613,59.102893219,11.,32.781639256,59.244314575,11.,        4323P   5834
11.709857177,37.889689783,11.,11.568435821,38.031111139,11.,0.,     4323P   5835
1.,0.,1.;                                                           4323P   5836
126,1,1,1,0,1,0,0.,0.,1.,1.,1.,1.,0.,0.,0.,1.,0.,0.,0.,1.,0.,       4325P   5837
0.,1.;                                                              4325P   5838
110,32.923060613,59.102893219,11.,32.781639256,59.244314575,        4327P   5839
11.;                                                                4327P   5840
126,1,1,1,0,1,0,0.,0.,1.,1.,1.,1.,1.,0.,0.,1.,1.,0.,0.,1.,0.,       4329P   5841
0.,1.;                                                              4329P   5842
110,32.781639256,59.244314575,11.,11.568435821,38.031111139,        4331P   5843
11.;                                                                4331P   5844
126,1,1,1,0,1,0,0.,0.,1.,1.,1.,1.,1.,1.,0.,0.,1.,0.,0.,1.,0.,       4333P   5845
0.,1.;                                                              4333P   5846
110,11.568435821,38.031111139,11.,11.709857177,37.889689783,        4335P   5847
11.;                                                                4335P   5848
126,1,1,1,0,1,0,0.,0.,1.,1.,1.,1.,0.,1.,0.,0.,0.,0.,0.,1.,0.,       4337P   5849
0.,1.;                                                              4337P   5850
110,11.709857177,37.889689783,11.,32.923060613,59.102893219,        4339P   5851
11.;                                                                4339P   5852
102,4,4325,4329,4333,4337;                                          4341P   5853
102,4,4327,4331,4335,4339;                                          4343P   5854
142,1,4323,4341,4343,1;                                             4345P   5855
144,4323,1,0,4345;                                                  4347P   5856
314,50.1960784313725,100.,50.1960784313725,;                        4349P   5857
128,1,1,1,1,0,0,1,0,0,0.,0.,1.,1.,0.,0.,1.,1.,1.,1.,1.,1.,          4351P   5858
32.923060613,59.102893219,30.,32.781639256,59.244314575,30.,        4351P   5859
32.923060613,59.102893219,11.,32.781639256,59.244314575,11.,0.,     4351P   5860
1.,0.,1.;                                                           4351P   5861
126,1,1,1,0,1,0,0.,0.,1.,1.,1.,1.,0.,0.,0.,1.,0.,0.,0.,1.,0.,       4353P   5862
0.,1.;                                                              4353P   5863
110,32.923060613,59.102893219,30.,32.781639256,59.244314575,        4355P   5864
30.;                                                                4355P   5865
126,1,1,1,0,1,0,0.,0.,1.,1.,1.,1.,1.,0.,0.,1.,1.,0.,0.,1.,0.,       4357P   5866
0.,1.;                                                              4357P   5867
110,32.781639256,59.244314575,30.,32.781639256,59.244314575,        4359P   5868
11.;                                                                4359P   5869
126,1,1,1,0,1,0,0.,0.,1.,1.,1.,1.,1.,1.,0.,0.,1.,0.,0.,1.,0.,       4361P   5870
0.,1.;                                                              4361P   5871
110,32.781639256,59.244314575,11.,32.923060613,59.102893219,        4363P   5872
11.;                                                                4363P   5873
126,1,1,1,0,1,0,0.,0.,1.,1.,1.,1.,0.,1.,0.,0.,0.,0.,0.,1.,0.,       4365P   5874
0.,1.;                                                              4365P   5875
110,32.923060613,59.102893219,11.,32.923060613,59.102893219,        4367P   5876
30.;                                                                4367P   5877
102,4,4353,4357,4361,4365;                                          4369P   5878
102,4,4355,4359,4363,4367;                                          4371P   5879
142,1,4351,4369,4371,1;                                             4373P   5880
144,4351,1,0,4373;                                                  4375P   5881
314,50.1960784313725,100.,50.1960784313725,;                        4377P   5882
128,1,1,1,1,0,0,1,0,0,0.,0.,1.,1.,0.,0.,1.,1.,1.,1.,1.,1.,          4379P   5883
32.781639256,59.244314575,30.,32.923060613,59.102893219,30.,        4379P   5884
11.568435821,38.031111139,30.,11.709857177,37.889689783,30.,0.,     4379P   5885
1.,0.,1.;                                                           4379P   5886
126,1,1,1,0,1,0,0.,0.,1.,1.,1.,1.,1.,1.,0.,0.,1.,0.,0.,1.,0.,       4381P   5887
0.,1.;                                                              4381P   5888
110,11.709857177,37.889689783,30.,11.568435821,38.031111139,        4383P   5889
30.;                                                                4383P   5890
126,1,1,1,0,1,0,0.,0.,1.,1.,1.,1.,0.,1.,0.,0.,0.,0.,0.,1.,0.,       4385P   5891
0.,1.;                                                              4385P   5892
110,11.568435821,38.031111139,30.,32.781639256,59.244314575,        4387P   5893
30.;                                                                4387P   5894
126,1,1,1,0,1,0,0.,0.,1.,1.,1.,1.,0.,0.,0.,1.,0.,0.,0.,1.,0.,       4389P   5895
0.,1.;                                                              4389P   5896
110,32.781639256,59.244314575,30.,32.923060613,59.102893219,        4391P   5897
30.;                                                                4391P   5898
126,1,1,1,0,1,0,0.,0.,1.,1.,1.,1.,1.,0.,0.,1.,1.,0.,0.,1.,0.,       4393P   5899
0.,1.;                                                              4393P   5900
110,32.923060613,59.102893219,30.,11.709857177,37.889689783,        4395P   5901
30.;                                                                4395P   5902
102,4,4381,4385,4389,4393;                                          4397P   5903
102,4,4383,4387,4391,4395;                                          4399P   5904
142,1,4379,4397,4399,1;                                             4401P   5905
144,4379,1,0,4401;                                                  4403P   5906
314,50.1960784313725,100.,50.1960784313725,;                        4405P   5907
128,1,1,1,1,0,0,1,0,0,0.,0.,1.,1.,0.,0.,1.,1.,1.,1.,1.,1.,          4407P   5908
32.781639256,59.244314575,11.,32.781639256,59.244314575,30.,        4407P   5909
11.568435821,38.031111139,11.,11.568435821,38.031111139,30.,0.,     4407P   5910
1.,0.,1.;                                                           4407P   5911
126,1,1,1,0,1,0,0.,0.,1.,1.,1.,1.,1.,1.,0.,0.,1.,0.,0.,1.,0.,       4409P   5912
0.,1.;                                                              4409P   5913
110,11.568435821,38.031111139,30.,11.568435821,38.031111139,        4411P   5914
11.;                                                                4411P   5915
126,1,1,1,0,1,0,0.,0.,1.,1.,1.,1.,0.,1.,0.,0.,0.,0.,0.,1.,0.,       4413P   5916
0.,1.;                                                              4413P   5917
110,11.568435821,38.031111139,11.,32.781639256,59.244314575,        4415P   5918
11.;                                                                4415P   5919
126,1,1,1,0,1,0,0.,0.,1.,1.,1.,1.,0.,0.,0.,1.,0.,0.,0.,1.,0.,       4417P   5920
0.,1.;                                                              4417P   5921
110,32.781639256,59.244314575,11.,32.781639256,59.244314575,        4419P   5922
30.;                                                                4419P   5923
126,1,1,1,0,1,0,0.,0.,1.,1.,1.,1.,1.,0.,0.,1.,1.,0.,0.,1.,0.,       4421P   5924
0.,1.;                                                              4421P   5925
110,32.781639256,59.244314575,30.,11.568435821,38.031111139,        4423P   5926
30.;                                                                4423P   5927
102,4,4409,4413,4417,4421;                                          4425P   5928
102,4,4411,4415,4419,4423;                                          4427P   5929
142,1,4407,4425,4427,1;                                             4429P   5930
144,4407,1,0,4429;                                                  4431P   5931
S      1G      4D   4432P   5931                                        T      1
